ticket_id,duplicate_status,duplicate_confidence,kept_source_system,kept_amount_raw,kept_amount_inr,excluded_source_system,excluded_amount_raw,excluded_amount_inr,observed_ratio,amounts_reconcile,duplicate_evidence
TK-240002,exact_migration_pair,high,helpdesk,,,legacy_fd,,,,both blank,18/18 business columns identical across helpdesk+legacy_fd pair; money unit differs by design (policy S9)
TK-240003,exact_migration_pair,high,helpdesk,900.0,900.0,legacy_fd,90000.0,900.0,100.0,yes,18/18 business columns identical across helpdesk+legacy_fd pair; money unit differs by design (policy S9)
TK-240005,exact_migration_pair,high,helpdesk,,,legacy_fd,,,,both blank,18/18 business columns identical across helpdesk+legacy_fd pair; money unit differs by design (policy S9)
TK-240008,exact_migration_pair,high,helpdesk,,,legacy_fd,,,,both blank,18/18 business columns identical across helpdesk+legacy_fd pair; money unit differs by design (policy S9)
TK-240009,exact_migration_pair,high,helpdesk,2124.0,2124.0,legacy_fd,212400.0,2124.0,100.0,yes,18/18 business columns identical across helpdesk+legacy_fd pair; money unit differs by design (policy S9)
TK-240019,exact_migration_pair,high,helpdesk,,,legacy_fd,,,,both blank,18/18 business columns identical across helpdesk+legacy_fd pair; money unit differs by design (policy S9)
TK-240030,exact_migration_pair,high,helpdesk,,,legacy_fd,,,,both blank,18/18 business columns identical across helpdesk+legacy_fd pair; money unit differs by design (policy S9)
TK-240041,exact_migration_pair,high,helpdesk,,,legacy_fd,,,,both blank,18/18 business columns identical across helpdesk+legacy_fd pair; money unit differs by design (policy S9)
TK-240042,exact_migration_pair,high,helpdesk,,,legacy_fd,,,,both blank,18/18 business columns identical across helpdesk+legacy_fd pair; money unit differs by design (policy S9)
TK-240067,exact_migration_pair,high,helpdesk,,,legacy_fd,,,,both blank,18/18 business columns identical across helpdesk+legacy_fd pair; money unit differs by design (policy S9)
TK-240075,exact_migration_pair,high,helpdesk,,,legacy_fd,,,,both blank,18/18 business columns identical across helpdesk+legacy_fd pair; money unit differs by design (policy S9)
TK-240091,exact_migration_pair,high,helpdesk,600.0,600.0,legacy_fd,60000.0,600.0,100.0,yes,18/18 business columns identical across helpdesk+legacy_fd pair; money unit differs by design (policy S9)
TK-240096,exact_migration_pair,high,helpdesk,,,legacy_fd,,,,both blank,18/18 business columns identical across helpdesk+legacy_fd pair; money unit differs by design (policy S9)
TK-240101,exact_migration_pair,high,helpdesk,,,legacy_fd,,,,both blank,18/18 business columns identical across helpdesk+legacy_fd pair; money unit differs by design (policy S9)
TK-240104,exact_migration_pair,high,helpdesk,,,legacy_fd,,,,both blank,18/18 business columns identical across helpdesk+legacy_fd pair; money unit differs by design (policy S9)
TK-240110,exact_migration_pair,high,helpdesk,,,legacy_fd,,,,both blank,18/18 business columns identical across helpdesk+legacy_fd pair; money unit differs by design (policy S9)
TK-240115,exact_migration_pair,high,helpdesk,,,legacy_fd,,,,both blank,18/18 business columns identical across helpdesk+legacy_fd pair; money unit differs by design (policy S9)
TK-240121,exact_migration_pair,high,helpdesk,1999.0,1999.0,legacy_fd,199900.0,1999.0,100.0,yes,18/18 business columns identical across helpdesk+legacy_fd pair; money unit differs by design (policy S9)
TK-240124,exact_migration_pair,high,helpdesk,,,legacy_fd,,,,both blank,18/18 business columns identical across helpdesk+legacy_fd pair; money unit differs by design (policy S9)
TK-240127,exact_migration_pair,high,helpdesk,,,legacy_fd,,,,both blank,18/18 business columns identical across helpdesk+legacy_fd pair; money unit differs by design (policy S9)
TK-240129,exact_migration_pair,high,helpdesk,,,legacy_fd,,,,both blank,18/18 business columns identical across helpdesk+legacy_fd pair; money unit differs by design (policy S9)
TK-240134,exact_migration_pair,high,helpdesk,1999.0,1999.0,legacy_fd,199900.0,1999.0,100.0,yes,18/18 business columns identical across helpdesk+legacy_fd pair; money unit differs by design (policy S9)
TK-240139,exact_migration_pair,high,helpdesk,,,legacy_fd,,,,both blank,18/18 business columns identical across helpdesk+legacy_fd pair; money unit differs by design (policy S9)
TK-240148,exact_migration_pair,high,helpdesk,2499.0,2499.0,legacy_fd,249900.0,2499.0,100.0,yes,18/18 business columns identical across helpdesk+legacy_fd pair; money unit differs by design (policy S9)
TK-240156,exact_migration_pair,high,helpdesk,,,legacy_fd,,,,both blank,18/18 business columns identical across helpdesk+legacy_fd pair; money unit differs by design (policy S9)
TK-240162,exact_migration_pair,high,helpdesk,,,legacy_fd,,,,both blank,18/18 business columns identical across helpdesk+legacy_fd pair; money unit differs by design (policy S9)
TK-240179,exact_migration_pair,high,helpdesk,,,legacy_fd,,,,both blank,18/18 business columns identical across helpdesk+legacy_fd pair; money unit differs by design (policy S9)
TK-240183,exact_migration_pair,high,helpdesk,,,legacy_fd,,,,both blank,18/18 business columns identical across helpdesk+legacy_fd pair; money unit differs by design (policy S9)
TK-240196,exact_migration_pair,high,helpdesk,,,legacy_fd,,,,both blank,18/18 business columns identical across helpdesk+legacy_fd pair; money unit differs by design (policy S9)
TK-240202,exact_migration_pair,high,helpdesk,,,legacy_fd,,,,both blank,18/18 business columns identical across helpdesk+legacy_fd pair; money unit differs by design (policy S9)
TK-240206,exact_migration_pair,high,helpdesk,,,legacy_fd,,,,both blank,18/18 business columns identical across helpdesk+legacy_fd pair; money unit differs by design (policy S9)
TK-240218,exact_migration_pair,high,helpdesk,,,legacy_fd,,,,both blank,18/18 business columns identical across helpdesk+legacy_fd pair; money unit differs by design (policy S9)
TK-240226,exact_migration_pair,high,helpdesk,4999.0,4999.0,legacy_fd,499900.0,4999.0,100.0,yes,18/18 business columns identical across helpdesk+legacy_fd pair; money unit differs by design (policy S9)
TK-240245,exact_migration_pair,high,helpdesk,,,legacy_fd,,,,both blank,18/18 business columns identical across helpdesk+legacy_fd pair; money unit differs by design (policy S9)
TK-240246,exact_migration_pair,high,helpdesk,80.0,80.0,legacy_fd,8000.0,80.0,100.0,yes,18/18 business columns identical across helpdesk+legacy_fd pair; money unit differs by design (policy S9)
TK-240252,exact_migration_pair,high,helpdesk,,,legacy_fd,,,,both blank,18/18 business columns identical across helpdesk+legacy_fd pair; money unit differs by design (policy S9)
TK-240253,exact_migration_pair,high,helpdesk,,,legacy_fd,,,,both blank,18/18 business columns identical across helpdesk+legacy_fd pair; money unit differs by design (policy S9)
TK-240273,exact_migration_pair,high,helpdesk,,,legacy_fd,,,,both blank,18/18 business columns identical across helpdesk+legacy_fd pair; money unit differs by design (policy S9)
TK-240281,exact_migration_pair,high,helpdesk,,,legacy_fd,,,,both blank,18/18 business columns identical across helpdesk+legacy_fd pair; money unit differs by design (policy S9)
TK-240282,exact_migration_pair,high,helpdesk,,,legacy_fd,,,,both blank,18/18 business columns identical across helpdesk+legacy_fd pair; money unit differs by design (policy S9)
TK-240295,exact_migration_pair,high,helpdesk,,,legacy_fd,,,,both blank,18/18 business columns identical across helpdesk+legacy_fd pair; money unit differs by design (policy S9)
TK-240299,exact_migration_pair,high,helpdesk,,,legacy_fd,,,,both blank,18/18 business columns identical across helpdesk+legacy_fd pair; money unit differs by design (policy S9)
TK-240302,exact_migration_pair,high,helpdesk,,,legacy_fd,,,,both blank,18/18 business columns identical across helpdesk+legacy_fd pair; money unit differs by design (policy S9)
TK-240319,exact_migration_pair,high,helpdesk,,,legacy_fd,,,,both blank,18/18 business columns identical across helpdesk+legacy_fd pair; money unit differs by design (policy S9)
TK-240322,exact_migration_pair,high,helpdesk,,,legacy_fd,,,,both blank,18/18 business columns identical across helpdesk+legacy_fd pair; money unit differs by design (policy S9)
TK-240328,exact_migration_pair,high,helpdesk,1599.0,1599.0,legacy_fd,159900.0,1599.0,100.0,yes,18/18 business columns identical across helpdesk+legacy_fd pair; money unit differs by design (policy S9)
TK-240332,exact_migration_pair,high,helpdesk,,,legacy_fd,,,,both blank,18/18 business columns identical across helpdesk+legacy_fd pair; money unit differs by design (policy S9)
TK-240333,exact_migration_pair,high,helpdesk,,,legacy_fd,,,,both blank,18/18 business columns identical across helpdesk+legacy_fd pair; money unit differs by design (policy S9)
TK-240334,exact_migration_pair,high,helpdesk,,,legacy_fd,,,,both blank,18/18 business columns identical across helpdesk+legacy_fd pair; money unit differs by design (policy S9)
TK-240351,exact_migration_pair,high,helpdesk,,,legacy_fd,,,,both blank,18/18 business columns identical across helpdesk+legacy_fd pair; money unit differs by design (policy S9)
TK-240354,exact_migration_pair,high,helpdesk,4248.0,4248.0,legacy_fd,424800.0,4248.0,100.0,yes,18/18 business columns identical across helpdesk+legacy_fd pair; money unit differs by design (policy S9)
TK-240370,exact_migration_pair,high,helpdesk,,,legacy_fd,,,,both blank,18/18 business columns identical across helpdesk+legacy_fd pair; money unit differs by design (policy S9)
TK-240379,exact_migration_pair,high,helpdesk,,,legacy_fd,,,,both blank,18/18 business columns identical across helpdesk+legacy_fd pair; money unit differs by design (policy S9)
TK-240383,exact_migration_pair,high,helpdesk,,,legacy_fd,,,,both blank,18/18 business columns identical across helpdesk+legacy_fd pair; money unit differs by design (policy S9)
TK-240391,exact_migration_pair,high,helpdesk,,,legacy_fd,,,,both blank,18/18 business columns identical across helpdesk+legacy_fd pair; money unit differs by design (policy S9)
TK-240394,exact_migration_pair,high,helpdesk,,,legacy_fd,,,,both blank,18/18 business columns identical across helpdesk+legacy_fd pair; money unit differs by design (policy S9)
TK-240400,exact_migration_pair,high,helpdesk,,,legacy_fd,,,,both blank,18/18 business columns identical across helpdesk+legacy_fd pair; money unit differs by design (policy S9)
TK-240404,exact_migration_pair,high,helpdesk,,,legacy_fd,,,,both blank,18/18 business columns identical across helpdesk+legacy_fd pair; money unit differs by design (policy S9)
TK-240412,exact_migration_pair,high,helpdesk,,,legacy_fd,,,,both blank,18/18 business columns identical across helpdesk+legacy_fd pair; money unit differs by design (policy S9)
TK-240425,exact_migration_pair,high,helpdesk,,,legacy_fd,,,,both blank,18/18 business columns identical across helpdesk+legacy_fd pair; money unit differs by design (policy S9)
TK-240429,exact_migration_pair,high,helpdesk,2124.0,2124.0,legacy_fd,212400.0,2124.0,100.0,yes,18/18 business columns identical across helpdesk+legacy_fd pair; money unit differs by design (policy S9)
TK-240442,exact_migration_pair,high,helpdesk,,,legacy_fd,,,,both blank,18/18 business columns identical across helpdesk+legacy_fd pair; money unit differs by design (policy S9)
TK-240447,exact_migration_pair,high,helpdesk,,,legacy_fd,,,,both blank,18/18 business columns identical across helpdesk+legacy_fd pair; money unit differs by design (policy S9)
TK-240448,exact_migration_pair,high,helpdesk,1999.0,1999.0,legacy_fd,199900.0,1999.0,100.0,yes,18/18 business columns identical across helpdesk+legacy_fd pair; money unit differs by design (policy S9)
TK-240449,exact_migration_pair,high,helpdesk,,,legacy_fd,,,,both blank,18/18 business columns identical across helpdesk+legacy_fd pair; money unit differs by design (policy S9)
TK-240450,exact_migration_pair,high,helpdesk,,,legacy_fd,,,,both blank,18/18 business columns identical across helpdesk+legacy_fd pair; money unit differs by design (policy S9)
TK-240467,exact_migration_pair,high,helpdesk,,,legacy_fd,,,,both blank,18/18 business columns identical across helpdesk+legacy_fd pair; money unit differs by design (policy S9)
TK-240484,exact_migration_pair,high,helpdesk,1439.0,1439.0,legacy_fd,143900.0,1439.0,100.0,yes,18/18 business columns identical across helpdesk+legacy_fd pair; money unit differs by design (policy S9)
TK-240492,exact_migration_pair,high,helpdesk,4749.0,4749.0,legacy_fd,474900.0,4749.0,100.0,yes,18/18 business columns identical across helpdesk+legacy_fd pair; money unit differs by design (policy S9)
TK-240502,exact_migration_pair,high,helpdesk,,,legacy_fd,,,,both blank,18/18 business columns identical across helpdesk+legacy_fd pair; money unit differs by design (policy S9)
TK-240504,exact_migration_pair,high,helpdesk,,,legacy_fd,,,,both blank,18/18 business columns identical across helpdesk+legacy_fd pair; money unit differs by design (policy S9)
TK-240511,exact_migration_pair,high,helpdesk,,,legacy_fd,,,,both blank,18/18 business columns identical across helpdesk+legacy_fd pair; money unit differs by design (policy S9)
TK-240513,exact_migration_pair,high,helpdesk,,,legacy_fd,,,,both blank,18/18 business columns identical across helpdesk+legacy_fd pair; money unit differs by design (policy S9)
TK-240518,exact_migration_pair,high,helpdesk,,,legacy_fd,,,,both blank,18/18 business columns identical across helpdesk+legacy_fd pair; money unit differs by design (policy S9)
TK-240554,exact_migration_pair,high,helpdesk,5199.0,5199.0,legacy_fd,519900.0,5199.0,100.0,yes,18/18 business columns identical across helpdesk+legacy_fd pair; money unit differs by design (policy S9)
TK-240557,exact_migration_pair,high,helpdesk,5849.0,5849.0,legacy_fd,584900.0,5849.0,100.0,yes,18/18 business columns identical across helpdesk+legacy_fd pair; money unit differs by design (policy S9)
TK-240562,exact_migration_pair,high,helpdesk,,,legacy_fd,,,,both blank,18/18 business columns identical across helpdesk+legacy_fd pair; money unit differs by design (policy S9)
TK-240567,exact_migration_pair,high,helpdesk,,,legacy_fd,,,,both blank,18/18 business columns identical across helpdesk+legacy_fd pair; money unit differs by design (policy S9)
TK-240569,exact_migration_pair,high,helpdesk,4248.0,4248.0,legacy_fd,424800.0,4248.0,100.0,yes,18/18 business columns identical across helpdesk+legacy_fd pair; money unit differs by design (policy S9)
TK-240579,exact_migration_pair,high,helpdesk,,,legacy_fd,,,,both blank,18/18 business columns identical across helpdesk+legacy_fd pair; money unit differs by design (policy S9)
TK-240582,exact_migration_pair,high,helpdesk,,,legacy_fd,,,,both blank,18/18 business columns identical across helpdesk+legacy_fd pair; money unit differs by design (policy S9)
TK-240583,exact_migration_pair,high,helpdesk,,,legacy_fd,,,,both blank,18/18 business columns identical across helpdesk+legacy_fd pair; money unit differs by design (policy S9)
TK-240584,exact_migration_pair,high,helpdesk,,,legacy_fd,,,,both blank,18/18 business columns identical across helpdesk+legacy_fd pair; money unit differs by design (policy S9)
TK-240601,exact_migration_pair,high,helpdesk,,,legacy_fd,,,,both blank,18/18 business columns identical across helpdesk+legacy_fd pair; money unit differs by design (policy S9)
TK-240623,exact_migration_pair,high,helpdesk,,,legacy_fd,,,,both blank,18/18 business columns identical across helpdesk+legacy_fd pair; money unit differs by design (policy S9)
TK-240628,exact_migration_pair,high,helpdesk,,,legacy_fd,,,,both blank,18/18 business columns identical across helpdesk+legacy_fd pair; money unit differs by design (policy S9)
TK-240649,exact_migration_pair,high,helpdesk,475.0,475.0,legacy_fd,47500.0,475.0,100.0,yes,18/18 business columns identical across helpdesk+legacy_fd pair; money unit differs by design (policy S9)
TK-240659,exact_migration_pair,high,helpdesk,,,legacy_fd,,,,both blank,18/18 business columns identical across helpdesk+legacy_fd pair; money unit differs by design (policy S9)
TK-240662,exact_migration_pair,high,helpdesk,,,legacy_fd,,,,both blank,18/18 business columns identical across helpdesk+legacy_fd pair; money unit differs by design (policy S9)
TK-240676,exact_migration_pair,high,helpdesk,,,legacy_fd,,,,both blank,18/18 business columns identical across helpdesk+legacy_fd pair; money unit differs by design (policy S9)
TK-240680,exact_migration_pair,high,helpdesk,,,legacy_fd,,,,both blank,18/18 business columns identical across helpdesk+legacy_fd pair; money unit differs by design (policy S9)
TK-240684,exact_migration_pair,high,helpdesk,,,legacy_fd,,,,both blank,18/18 business columns identical across helpdesk+legacy_fd pair; money unit differs by design (policy S9)
TK-240694,exact_migration_pair,high,helpdesk,,,legacy_fd,,,,both blank,18/18 business columns identical across helpdesk+legacy_fd pair; money unit differs by design (policy S9)
TK-240705,exact_migration_pair,high,helpdesk,,,legacy_fd,,,,both blank,18/18 business columns identical across helpdesk+legacy_fd pair; money unit differs by design (policy S9)
TK-240721,exact_migration_pair,high,helpdesk,,,legacy_fd,,,,both blank,18/18 business columns identical across helpdesk+legacy_fd pair; money unit differs by design (policy S9)
TK-240737,exact_migration_pair,high,helpdesk,1619.0,1619.0,legacy_fd,161900.0,1619.0,100.0,yes,18/18 business columns identical across helpdesk+legacy_fd pair; money unit differs by design (policy S9)
TK-240742,exact_migration_pair,high,helpdesk,,,legacy_fd,,,,both blank,18/18 business columns identical across helpdesk+legacy_fd pair; money unit differs by design (policy S9)
TK-240744,exact_migration_pair,high,helpdesk,,,legacy_fd,,,,both blank,18/18 business columns identical across helpdesk+legacy_fd pair; money unit differs by design (policy S9)
TK-240751,exact_migration_pair,high,helpdesk,6649.0,6649.0,legacy_fd,664900.0,6649.0,100.0,yes,18/18 business columns identical across helpdesk+legacy_fd pair; money unit differs by design (policy S9)
TK-240764,exact_migration_pair,high,helpdesk,6499.0,6499.0,legacy_fd,649900.0,6499.0,100.0,yes,18/18 business columns identical across helpdesk+legacy_fd pair; money unit differs by design (policy S9)
TK-240769,exact_migration_pair,high,helpdesk,,,legacy_fd,,,,both blank,18/18 business columns identical across helpdesk+legacy_fd pair; money unit differs by design (policy S9)
TK-240772,exact_migration_pair,high,helpdesk,,,legacy_fd,,,,both blank,18/18 business columns identical across helpdesk+legacy_fd pair; money unit differs by design (policy S9)
TK-240774,exact_migration_pair,high,helpdesk,,,legacy_fd,,,,both blank,18/18 business columns identical across helpdesk+legacy_fd pair; money unit differs by design (policy S9)
TK-240777,exact_migration_pair,high,helpdesk,,,legacy_fd,,,,both blank,18/18 business columns identical across helpdesk+legacy_fd pair; money unit differs by design (policy S9)
TK-240779,exact_migration_pair,high,helpdesk,,,legacy_fd,,,,both blank,18/18 business columns identical across helpdesk+legacy_fd pair; money unit differs by design (policy S9)
TK-240781,exact_migration_pair,high,helpdesk,,,legacy_fd,,,,both blank,18/18 business columns identical across helpdesk+legacy_fd pair; money unit differs by design (policy S9)
TK-240792,exact_migration_pair,high,helpdesk,,,legacy_fd,,,,both blank,18/18 business columns identical across helpdesk+legacy_fd pair; money unit differs by design (policy S9)
TK-240793,exact_migration_pair,high,helpdesk,,,legacy_fd,,,,both blank,18/18 business columns identical across helpdesk+legacy_fd pair; money unit differs by design (policy S9)
TK-240801,exact_migration_pair,high,helpdesk,,,legacy_fd,,,,both blank,18/18 business columns identical across helpdesk+legacy_fd pair; money unit differs by design (policy S9)
TK-240804,exact_migration_pair,high,helpdesk,,,legacy_fd,,,,both blank,18/18 business columns identical across helpdesk+legacy_fd pair; money unit differs by design (policy S9)
TK-240806,exact_migration_pair,high,helpdesk,,,legacy_fd,,,,both blank,18/18 business columns identical across helpdesk+legacy_fd pair; money unit differs by design (policy S9)
TK-240811,exact_migration_pair,high,helpdesk,,,legacy_fd,,,,both blank,18/18 business columns identical across helpdesk+legacy_fd pair; money unit differs by design (policy S9)
TK-240814,exact_migration_pair,high,helpdesk,,,legacy_fd,,,,both blank,18/18 business columns identical across helpdesk+legacy_fd pair; money unit differs by design (policy S9)
TK-240822,exact_migration_pair,high,helpdesk,,,legacy_fd,,,,both blank,18/18 business columns identical across helpdesk+legacy_fd pair; money unit differs by design (policy S9)
TK-240826,exact_migration_pair,high,helpdesk,1040.0,1040.0,legacy_fd,104000.0,1040.0,100.0,yes,18/18 business columns identical across helpdesk+legacy_fd pair; money unit differs by design (policy S9)
TK-240827,exact_migration_pair,high,helpdesk,,,legacy_fd,,,,both blank,18/18 business columns identical across helpdesk+legacy_fd pair; money unit differs by design (policy S9)
TK-240838,exact_migration_pair,high,helpdesk,,,legacy_fd,,,,both blank,18/18 business columns identical across helpdesk+legacy_fd pair; money unit differs by design (policy S9)
TK-240840,exact_migration_pair,high,helpdesk,,,legacy_fd,,,,both blank,18/18 business columns identical across helpdesk+legacy_fd pair; money unit differs by design (policy S9)
TK-240850,exact_migration_pair,high,helpdesk,,,legacy_fd,,,,both blank,18/18 business columns identical across helpdesk+legacy_fd pair; money unit differs by design (policy S9)
TK-240852,exact_migration_pair,high,helpdesk,,,legacy_fd,,,,both blank,18/18 business columns identical across helpdesk+legacy_fd pair; money unit differs by design (policy S9)
TK-240853,exact_migration_pair,high,helpdesk,1039.0,1039.0,legacy_fd,103900.0,1039.0,100.0,yes,18/18 business columns identical across helpdesk+legacy_fd pair; money unit differs by design (policy S9)
TK-240854,exact_migration_pair,high,helpdesk,,,legacy_fd,,,,both blank,18/18 business columns identical across helpdesk+legacy_fd pair; money unit differs by design (policy S9)
TK-240865,exact_migration_pair,high,helpdesk,,,legacy_fd,,,,both blank,18/18 business columns identical across helpdesk+legacy_fd pair; money unit differs by design (policy S9)
TK-240879,exact_migration_pair,high,helpdesk,1799.0,1799.0,legacy_fd,179900.0,1799.0,100.0,yes,18/18 business columns identical across helpdesk+legacy_fd pair; money unit differs by design (policy S9)
TK-240881,exact_migration_pair,high,helpdesk,,,legacy_fd,,,,both blank,18/18 business columns identical across helpdesk+legacy_fd pair; money unit differs by design (policy S9)
TK-240886,exact_migration_pair,high,helpdesk,,,legacy_fd,,,,both blank,18/18 business columns identical across helpdesk+legacy_fd pair; money unit differs by design (policy S9)
TK-240888,exact_migration_pair,high,helpdesk,,,legacy_fd,,,,both blank,18/18 business columns identical across helpdesk+legacy_fd pair; money unit differs by design (policy S9)
TK-240891,exact_migration_pair,high,helpdesk,,,legacy_fd,,,,both blank,18/18 business columns identical across helpdesk+legacy_fd pair; money unit differs by design (policy S9)
TK-240903,exact_migration_pair,high,helpdesk,,,legacy_fd,,,,both blank,18/18 business columns identical across helpdesk+legacy_fd pair; money unit differs by design (policy S9)
TK-240909,exact_migration_pair,high,helpdesk,,,legacy_fd,,,,both blank,18/18 business columns identical across helpdesk+legacy_fd pair; money unit differs by design (policy S9)
TK-240917,exact_migration_pair,high,helpdesk,,,legacy_fd,,,,both blank,18/18 business columns identical across helpdesk+legacy_fd pair; money unit differs by design (policy S9)
TK-240923,exact_migration_pair,high,helpdesk,2499.0,2499.0,legacy_fd,249900.0,2499.0,100.0,yes,18/18 business columns identical across helpdesk+legacy_fd pair; money unit differs by design (policy S9)
TK-240929,exact_migration_pair,high,helpdesk,,,legacy_fd,,,,both blank,18/18 business columns identical across helpdesk+legacy_fd pair; money unit differs by design (policy S9)
TK-240931,exact_migration_pair,high,helpdesk,,,legacy_fd,,,,both blank,18/18 business columns identical across helpdesk+legacy_fd pair; money unit differs by design (policy S9)
TK-240933,exact_migration_pair,high,helpdesk,,,legacy_fd,,,,both blank,18/18 business columns identical across helpdesk+legacy_fd pair; money unit differs by design (policy S9)
TK-240934,exact_migration_pair,high,helpdesk,,,legacy_fd,,,,both blank,18/18 business columns identical across helpdesk+legacy_fd pair; money unit differs by design (policy S9)
TK-240947,exact_migration_pair,high,helpdesk,1599.0,1599.0,legacy_fd,159900.0,1599.0,100.0,yes,18/18 business columns identical across helpdesk+legacy_fd pair; money unit differs by design (policy S9)
TK-240963,exact_migration_pair,high,helpdesk,1599.0,1599.0,legacy_fd,159900.0,1599.0,100.0,yes,18/18 business columns identical across helpdesk+legacy_fd pair; money unit differs by design (policy S9)
TK-240967,exact_migration_pair,high,helpdesk,,,legacy_fd,,,,both blank,18/18 business columns identical across helpdesk+legacy_fd pair; money unit differs by design (policy S9)
TK-240974,exact_migration_pair,high,helpdesk,,,legacy_fd,,,,both blank,18/18 business columns identical across helpdesk+legacy_fd pair; money unit differs by design (policy S9)
TK-240977,exact_migration_pair,high,helpdesk,,,legacy_fd,,,,both blank,18/18 business columns identical across helpdesk+legacy_fd pair; money unit differs by design (policy S9)
TK-240991,exact_migration_pair,high,helpdesk,,,legacy_fd,,,,both blank,18/18 business columns identical across helpdesk+legacy_fd pair; money unit differs by design (policy S9)
TK-240998,exact_migration_pair,high,helpdesk,,,legacy_fd,,,,both blank,18/18 business columns identical across helpdesk+legacy_fd pair; money unit differs by design (policy S9)
TK-241007,exact_migration_pair,high,helpdesk,,,legacy_fd,,,,both blank,18/18 business columns identical across helpdesk+legacy_fd pair; money unit differs by design (policy S9)
TK-241013,exact_migration_pair,high,helpdesk,,,legacy_fd,,,,both blank,18/18 business columns identical across helpdesk+legacy_fd pair; money unit differs by design (policy S9)
TK-241025,exact_migration_pair,high,helpdesk,,,legacy_fd,,,,both blank,18/18 business columns identical across helpdesk+legacy_fd pair; money unit differs by design (policy S9)
TK-241036,exact_migration_pair,high,helpdesk,,,legacy_fd,,,,both blank,18/18 business columns identical across helpdesk+legacy_fd pair; money unit differs by design (policy S9)
TK-241038,exact_migration_pair,high,helpdesk,5849.0,5849.0,legacy_fd,584900.0,5849.0,100.0,yes,18/18 business columns identical across helpdesk+legacy_fd pair; money unit differs by design (policy S9)
TK-241052,exact_migration_pair,high,helpdesk,,,legacy_fd,,,,both blank,18/18 business columns identical across helpdesk+legacy_fd pair; money unit differs by design (policy S9)
TK-241054,exact_migration_pair,high,helpdesk,,,legacy_fd,,,,both blank,18/18 business columns identical across helpdesk+legacy_fd pair; money unit differs by design (policy S9)
TK-241076,exact_migration_pair,high,helpdesk,,,legacy_fd,,,,both blank,18/18 business columns identical across helpdesk+legacy_fd pair; money unit differs by design (policy S9)
TK-241083,exact_migration_pair,high,helpdesk,,,legacy_fd,,,,both blank,18/18 business columns identical across helpdesk+legacy_fd pair; money unit differs by design (policy S9)
TK-241085,exact_migration_pair,high,helpdesk,,,legacy_fd,,,,both blank,18/18 business columns identical across helpdesk+legacy_fd pair; money unit differs by design (policy S9)
TK-241092,exact_migration_pair,high,helpdesk,750.0,750.0,legacy_fd,75000.0,750.0,100.0,yes,18/18 business columns identical across helpdesk+legacy_fd pair; money unit differs by design (policy S9)
TK-241106,exact_migration_pair,high,helpdesk,,,legacy_fd,,,,both blank,18/18 business columns identical across helpdesk+legacy_fd pair; money unit differs by design (policy S9)
TK-241112,exact_migration_pair,high,helpdesk,,,legacy_fd,,,,both blank,18/18 business columns identical across helpdesk+legacy_fd pair; money unit differs by design (policy S9)
TK-241116,exact_migration_pair,high,helpdesk,,,legacy_fd,,,,both blank,18/18 business columns identical across helpdesk+legacy_fd pair; money unit differs by design (policy S9)
TK-241122,exact_migration_pair,high,helpdesk,,,legacy_fd,,,,both blank,18/18 business columns identical across helpdesk+legacy_fd pair; money unit differs by design (policy S9)
TK-241130,exact_migration_pair,high,helpdesk,6299.0,6299.0,legacy_fd,629900.0,6299.0,100.0,yes,18/18 business columns identical across helpdesk+legacy_fd pair; money unit differs by design (policy S9)
TK-241154,exact_migration_pair,high,helpdesk,,,legacy_fd,,,,both blank,18/18 business columns identical across helpdesk+legacy_fd pair; money unit differs by design (policy S9)
TK-241165,exact_migration_pair,high,helpdesk,,,legacy_fd,,,,both blank,18/18 business columns identical across helpdesk+legacy_fd pair; money unit differs by design (policy S9)
TK-241176,exact_migration_pair,high,helpdesk,,,legacy_fd,,,,both blank,18/18 business columns identical across helpdesk+legacy_fd pair; money unit differs by design (policy S9)
TK-241181,exact_migration_pair,high,helpdesk,,,legacy_fd,,,,both blank,18/18 business columns identical across helpdesk+legacy_fd pair; money unit differs by design (policy S9)
TK-241191,exact_migration_pair,high,helpdesk,,,legacy_fd,,,,both blank,18/18 business columns identical across helpdesk+legacy_fd pair; money unit differs by design (policy S9)
TK-241205,exact_migration_pair,high,helpdesk,,,legacy_fd,,,,both blank,18/18 business columns identical across helpdesk+legacy_fd pair; money unit differs by design (policy S9)
TK-241221,exact_migration_pair,high,helpdesk,,,legacy_fd,,,,both blank,18/18 business columns identical across helpdesk+legacy_fd pair; money unit differs by design (policy S9)
TK-241223,exact_migration_pair,high,helpdesk,,,legacy_fd,,,,both blank,18/18 business columns identical across helpdesk+legacy_fd pair; money unit differs by design (policy S9)
TK-241240,exact_migration_pair,high,helpdesk,,,legacy_fd,,,,both blank,18/18 business columns identical across helpdesk+legacy_fd pair; money unit differs by design (policy S9)
TK-241241,exact_migration_pair,high,helpdesk,,,legacy_fd,,,,both blank,18/18 business columns identical across helpdesk+legacy_fd pair; money unit differs by design (policy S9)
TK-241243,exact_migration_pair,high,helpdesk,1799.0,1799.0,legacy_fd,179900.0,1799.0,100.0,yes,18/18 business columns identical across helpdesk+legacy_fd pair; money unit differs by design (policy S9)
TK-241256,exact_migration_pair,high,helpdesk,,,legacy_fd,,,,both blank,18/18 business columns identical across helpdesk+legacy_fd pair; money unit differs by design (policy S9)
TK-241275,exact_migration_pair,high,helpdesk,,,legacy_fd,,,,both blank,18/18 business columns identical across helpdesk+legacy_fd pair; money unit differs by design (policy S9)
TK-241279,exact_migration_pair,high,helpdesk,5524.0,5524.0,legacy_fd,552400.0,5524.0,100.0,yes,18/18 business columns identical across helpdesk+legacy_fd pair; money unit differs by design (policy S9)
TK-241283,exact_migration_pair,high,helpdesk,,,legacy_fd,,,,both blank,18/18 business columns identical across helpdesk+legacy_fd pair; money unit differs by design (policy S9)
TK-241285,exact_migration_pair,high,helpdesk,,,legacy_fd,,,,both blank,18/18 business columns identical across helpdesk+legacy_fd pair; money unit differs by design (policy S9)
TK-241306,exact_migration_pair,high,helpdesk,,,legacy_fd,,,,both blank,18/18 business columns identical across helpdesk+legacy_fd pair; money unit differs by design (policy S9)
TK-241324,exact_migration_pair,high,helpdesk,,,legacy_fd,,,,both blank,18/18 business columns identical across helpdesk+legacy_fd pair; money unit differs by design (policy S9)
TK-241328,exact_migration_pair,high,helpdesk,,,legacy_fd,,,,both blank,18/18 business columns identical across helpdesk+legacy_fd pair; money unit differs by design (policy S9)
TK-241341,exact_migration_pair,high,helpdesk,,,legacy_fd,,,,both blank,18/18 business columns identical across helpdesk+legacy_fd pair; money unit differs by design (policy S9)
TK-241350,exact_migration_pair,high,helpdesk,2249.0,2249.0,legacy_fd,224900.0,2249.0,100.0,yes,18/18 business columns identical across helpdesk+legacy_fd pair; money unit differs by design (policy S9)
TK-241356,exact_migration_pair,high,helpdesk,,,legacy_fd,,,,both blank,18/18 business columns identical across helpdesk+legacy_fd pair; money unit differs by design (policy S9)
TK-241362,exact_migration_pair,high,helpdesk,,,legacy_fd,,,,both blank,18/18 business columns identical across helpdesk+legacy_fd pair; money unit differs by design (policy S9)
TK-241363,exact_migration_pair,high,helpdesk,,,legacy_fd,,,,both blank,18/18 business columns identical across helpdesk+legacy_fd pair; money unit differs by design (policy S9)
TK-241367,exact_migration_pair,high,helpdesk,,,legacy_fd,,,,both blank,18/18 business columns identical across helpdesk+legacy_fd pair; money unit differs by design (policy S9)
TK-241374,exact_migration_pair,high,helpdesk,,,legacy_fd,,,,both blank,18/18 business columns identical across helpdesk+legacy_fd pair; money unit differs by design (policy S9)
TK-241376,exact_migration_pair,high,helpdesk,3500.0,3500.0,legacy_fd,350000.0,3500.0,100.0,yes,18/18 business columns identical across helpdesk+legacy_fd pair; money unit differs by design (policy S9)
TK-241382,exact_migration_pair,high,helpdesk,,,legacy_fd,,,,both blank,18/18 business columns identical across helpdesk+legacy_fd pair; money unit differs by design (policy S9)
TK-241383,exact_migration_pair,high,helpdesk,,,legacy_fd,,,,both blank,18/18 business columns identical across helpdesk+legacy_fd pair; money unit differs by design (policy S9)
TK-241386,exact_migration_pair,high,helpdesk,,,legacy_fd,,,,both blank,18/18 business columns identical across helpdesk+legacy_fd pair; money unit differs by design (policy S9)
TK-241391,exact_migration_pair,high,helpdesk,1799.0,1799.0,legacy_fd,179900.0,1799.0,100.0,yes,18/18 business columns identical across helpdesk+legacy_fd pair; money unit differs by design (policy S9)
TK-241402,exact_migration_pair,high,helpdesk,1999.0,1999.0,legacy_fd,199900.0,1999.0,100.0,yes,18/18 business columns identical across helpdesk+legacy_fd pair; money unit differs by design (policy S9)
TK-241421,exact_migration_pair,high,helpdesk,1699.0,1699.0,legacy_fd,169900.0,1699.0,100.0,yes,18/18 business columns identical across helpdesk+legacy_fd pair; money unit differs by design (policy S9)
TK-241427,exact_migration_pair,high,helpdesk,,,legacy_fd,,,,both blank,18/18 business columns identical across helpdesk+legacy_fd pair; money unit differs by design (policy S9)
TK-241431,exact_migration_pair,high,helpdesk,,,legacy_fd,,,,both blank,18/18 business columns identical across helpdesk+legacy_fd pair; money unit differs by design (policy S9)
TK-241437,exact_migration_pair,high,helpdesk,5399.0,5399.0,legacy_fd,539900.0,5399.0,100.0,yes,18/18 business columns identical across helpdesk+legacy_fd pair; money unit differs by design (policy S9)
TK-241438,exact_migration_pair,high,helpdesk,,,legacy_fd,,,,both blank,18/18 business columns identical across helpdesk+legacy_fd pair; money unit differs by design (policy S9)
TK-241449,exact_migration_pair,high,helpdesk,,,legacy_fd,,,,both blank,18/18 business columns identical across helpdesk+legacy_fd pair; money unit differs by design (policy S9)
TK-241452,exact_migration_pair,high,helpdesk,5199.0,5199.0,legacy_fd,519900.0,5199.0,100.0,yes,18/18 business columns identical across helpdesk+legacy_fd pair; money unit differs by design (policy S9)
TK-241453,exact_migration_pair,high,helpdesk,,,legacy_fd,,,,both blank,18/18 business columns identical across helpdesk+legacy_fd pair; money unit differs by design (policy S9)
TK-241456,exact_migration_pair,high,helpdesk,,,legacy_fd,,,,both blank,18/18 business columns identical across helpdesk+legacy_fd pair; money unit differs by design (policy S9)
TK-241459,exact_migration_pair,high,helpdesk,,,legacy_fd,,,,both blank,18/18 business columns identical across helpdesk+legacy_fd pair; money unit differs by design (policy S9)
TK-241468,exact_migration_pair,high,helpdesk,2374.0,2374.0,legacy_fd,237400.0,2374.0,100.0,yes,18/18 business columns identical across helpdesk+legacy_fd pair; money unit differs by design (policy S9)
TK-241469,exact_migration_pair,high,helpdesk,,,legacy_fd,,,,both blank,18/18 business columns identical across helpdesk+legacy_fd pair; money unit differs by design (policy S9)
TK-241474,exact_migration_pair,high,helpdesk,,,legacy_fd,,,,both blank,18/18 business columns identical across helpdesk+legacy_fd pair; money unit differs by design (policy S9)
TK-241476,exact_migration_pair,high,helpdesk,6499.0,6499.0,legacy_fd,649900.0,6499.0,100.0,yes,18/18 business columns identical across helpdesk+legacy_fd pair; money unit differs by design (policy S9)
TK-241484,exact_migration_pair,high,helpdesk,,,legacy_fd,,,,both blank,18/18 business columns identical across helpdesk+legacy_fd pair; money unit differs by design (policy S9)
TK-241493,exact_migration_pair,high,helpdesk,5599.0,5599.0,legacy_fd,559900.0,5599.0,100.0,yes,18/18 business columns identical across helpdesk+legacy_fd pair; money unit differs by design (policy S9)
TK-241502,exact_migration_pair,high,helpdesk,,,legacy_fd,,,,both blank,18/18 business columns identical across helpdesk+legacy_fd pair; money unit differs by design (policy S9)
TK-241504,exact_migration_pair,high,helpdesk,,,legacy_fd,,,,both blank,18/18 business columns identical across helpdesk+legacy_fd pair; money unit differs by design (policy S9)
TK-241509,exact_migration_pair,high,helpdesk,,,legacy_fd,,,,both blank,18/18 business columns identical across helpdesk+legacy_fd pair; money unit differs by design (policy S9)
TK-241511,exact_migration_pair,high,helpdesk,,,legacy_fd,,,,both blank,18/18 business columns identical across helpdesk+legacy_fd pair; money unit differs by design (policy S9)
TK-241525,exact_migration_pair,high,helpdesk,,,legacy_fd,,,,both blank,18/18 business columns identical across helpdesk+legacy_fd pair; money unit differs by design (policy S9)
TK-241527,exact_migration_pair,high,helpdesk,,,legacy_fd,,,,both blank,18/18 business columns identical across helpdesk+legacy_fd pair; money unit differs by design (policy S9)
TK-241531,exact_migration_pair,high,helpdesk,,,legacy_fd,,,,both blank,18/18 business columns identical across helpdesk+legacy_fd pair; money unit differs by design (policy S9)
TK-241540,exact_migration_pair,high,helpdesk,2249.0,2249.0,legacy_fd,224900.0,2249.0,100.0,yes,18/18 business columns identical across helpdesk+legacy_fd pair; money unit differs by design (policy S9)
TK-241541,exact_migration_pair,high,helpdesk,,,legacy_fd,,,,both blank,18/18 business columns identical across helpdesk+legacy_fd pair; money unit differs by design (policy S9)
TK-241563,exact_migration_pair,high,helpdesk,,,legacy_fd,,,,both blank,18/18 business columns identical across helpdesk+legacy_fd pair; money unit differs by design (policy S9)
TK-241574,exact_migration_pair,high,helpdesk,,,legacy_fd,,,,both blank,18/18 business columns identical across helpdesk+legacy_fd pair; money unit differs by design (policy S9)
TK-241585,exact_migration_pair,high,helpdesk,,,legacy_fd,,,,both blank,18/18 business columns identical across helpdesk+legacy_fd pair; money unit differs by design (policy S9)
TK-241590,exact_migration_pair,high,helpdesk,,,legacy_fd,,,,both blank,18/18 business columns identical across helpdesk+legacy_fd pair; money unit differs by design (policy S9)
TK-241599,exact_migration_pair,high,helpdesk,,,legacy_fd,,,,both blank,18/18 business columns identical across helpdesk+legacy_fd pair; money unit differs by design (policy S9)
TK-241600,exact_migration_pair,high,helpdesk,,,legacy_fd,,,,both blank,18/18 business columns identical across helpdesk+legacy_fd pair; money unit differs by design (policy S9)
TK-241601,exact_migration_pair,high,helpdesk,,,legacy_fd,,,,both blank,18/18 business columns identical across helpdesk+legacy_fd pair; money unit differs by design (policy S9)
TK-241602,exact_migration_pair,high,helpdesk,,,legacy_fd,,,,both blank,18/18 business columns identical across helpdesk+legacy_fd pair; money unit differs by design (policy S9)
TK-241623,exact_migration_pair,high,helpdesk,,,legacy_fd,,,,both blank,18/18 business columns identical across helpdesk+legacy_fd pair; money unit differs by design (policy S9)
TK-241633,exact_migration_pair,high,helpdesk,,,legacy_fd,,,,both blank,18/18 business columns identical across helpdesk+legacy_fd pair; money unit differs by design (policy S9)
TK-241639,exact_migration_pair,high,helpdesk,,,legacy_fd,,,,both blank,18/18 business columns identical across helpdesk+legacy_fd pair; money unit differs by design (policy S9)
TK-241660,exact_migration_pair,high,helpdesk,,,legacy_fd,,,,both blank,18/18 business columns identical across helpdesk+legacy_fd pair; money unit differs by design (policy S9)
TK-241662,exact_migration_pair,high,helpdesk,,,legacy_fd,,,,both blank,18/18 business columns identical across helpdesk+legacy_fd pair; money unit differs by design (policy S9)
TK-241664,exact_migration_pair,high,helpdesk,,,legacy_fd,,,,both blank,18/18 business columns identical across helpdesk+legacy_fd pair; money unit differs by design (policy S9)
TK-241669,exact_migration_pair,high,helpdesk,,,legacy_fd,,,,both blank,18/18 business columns identical across helpdesk+legacy_fd pair; money unit differs by design (policy S9)
TK-241680,exact_migration_pair,high,helpdesk,,,legacy_fd,,,,both blank,18/18 business columns identical across helpdesk+legacy_fd pair; money unit differs by design (policy S9)
TK-241682,exact_migration_pair,high,helpdesk,,,legacy_fd,,,,both blank,18/18 business columns identical across helpdesk+legacy_fd pair; money unit differs by design (policy S9)
TK-241701,exact_migration_pair,high,helpdesk,,,legacy_fd,,,,both blank,18/18 business columns identical across helpdesk+legacy_fd pair; money unit differs by design (policy S9)
TK-241713,exact_migration_pair,high,helpdesk,,,legacy_fd,,,,both blank,18/18 business columns identical across helpdesk+legacy_fd pair; money unit differs by design (policy S9)
TK-241721,exact_migration_pair,high,helpdesk,1349.0,1349.0,legacy_fd,134900.0,1349.0,100.0,yes,18/18 business columns identical across helpdesk+legacy_fd pair; money unit differs by design (policy S9)
TK-241727,exact_migration_pair,high,helpdesk,,,legacy_fd,,,,both blank,18/18 business columns identical across helpdesk+legacy_fd pair; money unit differs by design (policy S9)
TK-241734,exact_migration_pair,high,helpdesk,,,legacy_fd,,,,both blank,18/18 business columns identical across helpdesk+legacy_fd pair; money unit differs by design (policy S9)
TK-241737,exact_migration_pair,high,helpdesk,,,legacy_fd,,,,both blank,18/18 business columns identical across helpdesk+legacy_fd pair; money unit differs by design (policy S9)
TK-241749,exact_migration_pair,high,helpdesk,2249.0,2249.0,legacy_fd,224900.0,2249.0,100.0,yes,18/18 business columns identical across helpdesk+legacy_fd pair; money unit differs by design (policy S9)
TK-241751,exact_migration_pair,high,helpdesk,,,legacy_fd,,,,both blank,18/18 business columns identical across helpdesk+legacy_fd pair; money unit differs by design (policy S9)
TK-241756,exact_migration_pair,high,helpdesk,,,legacy_fd,,,,both blank,18/18 business columns identical across helpdesk+legacy_fd pair; money unit differs by design (policy S9)
TK-241772,exact_migration_pair,high,helpdesk,,,legacy_fd,,,,both blank,18/18 business columns identical across helpdesk+legacy_fd pair; money unit differs by design (policy S9)
TK-241779,exact_migration_pair,high,helpdesk,500.0,500.0,legacy_fd,50000.0,500.0,100.0,yes,18/18 business columns identical across helpdesk+legacy_fd pair; money unit differs by design (policy S9)
TK-241783,exact_migration_pair,high,helpdesk,,,legacy_fd,,,,both blank,18/18 business columns identical across helpdesk+legacy_fd pair; money unit differs by design (policy S9)
TK-241785,exact_migration_pair,high,helpdesk,,,legacy_fd,,,,both blank,18/18 business columns identical across helpdesk+legacy_fd pair; money unit differs by design (policy S9)
TK-241790,exact_migration_pair,high,helpdesk,2374.0,2374.0,legacy_fd,237400.0,2374.0,100.0,yes,18/18 business columns identical across helpdesk+legacy_fd pair; money unit differs by design (policy S9)
TK-241791,exact_migration_pair,high,helpdesk,,,legacy_fd,,,,both blank,18/18 business columns identical across helpdesk+legacy_fd pair; money unit differs by design (policy S9)
TK-241799,exact_migration_pair,high,helpdesk,,,legacy_fd,,,,both blank,18/18 business columns identical across helpdesk+legacy_fd pair; money unit differs by design (policy S9)
TK-241818,exact_migration_pair,high,helpdesk,,,legacy_fd,,,,both blank,18/18 business columns identical across helpdesk+legacy_fd pair; money unit differs by design (policy S9)
TK-241836,exact_migration_pair,high,helpdesk,,,legacy_fd,,,,both blank,18/18 business columns identical across helpdesk+legacy_fd pair; money unit differs by design (policy S9)
TK-241856,exact_migration_pair,high,helpdesk,,,legacy_fd,,,,both blank,18/18 business columns identical across helpdesk+legacy_fd pair; money unit differs by design (policy S9)
TK-241868,exact_migration_pair,high,helpdesk,144.0,144.0,legacy_fd,14400.0,144.0,100.0,yes,18/18 business columns identical across helpdesk+legacy_fd pair; money unit differs by design (policy S9)
TK-241875,exact_migration_pair,high,helpdesk,,,legacy_fd,,,,both blank,18/18 business columns identical across helpdesk+legacy_fd pair; money unit differs by design (policy S9)
TK-241884,exact_migration_pair,high,helpdesk,,,legacy_fd,,,,both blank,18/18 business columns identical across helpdesk+legacy_fd pair; money unit differs by design (policy S9)
TK-241885,exact_migration_pair,high,helpdesk,6499.0,6499.0,legacy_fd,649900.0,6499.0,100.0,yes,18/18 business columns identical across helpdesk+legacy_fd pair; money unit differs by design (policy S9)
TK-241900,exact_migration_pair,high,helpdesk,,,legacy_fd,,,,both blank,18/18 business columns identical across helpdesk+legacy_fd pair; money unit differs by design (policy S9)
TK-241910,exact_migration_pair,high,helpdesk,,,legacy_fd,,,,both blank,18/18 business columns identical across helpdesk+legacy_fd pair; money unit differs by design (policy S9)
TK-241911,exact_migration_pair,high,helpdesk,,,legacy_fd,,,,both blank,18/18 business columns identical across helpdesk+legacy_fd pair; money unit differs by design (policy S9)
TK-241922,exact_migration_pair,high,helpdesk,,,legacy_fd,,,,both blank,18/18 business columns identical across helpdesk+legacy_fd pair; money unit differs by design (policy S9)
TK-241951,exact_migration_pair,high,helpdesk,5524.0,5524.0,legacy_fd,552400.0,5524.0,100.0,yes,18/18 business columns identical across helpdesk+legacy_fd pair; money unit differs by design (policy S9)
TK-241974,exact_migration_pair,high,helpdesk,,,legacy_fd,,,,both blank,18/18 business columns identical across helpdesk+legacy_fd pair; money unit differs by design (policy S9)
TK-241975,exact_migration_pair,high,helpdesk,,,legacy_fd,,,,both blank,18/18 business columns identical across helpdesk+legacy_fd pair; money unit differs by design (policy S9)
TK-241982,exact_migration_pair,high,helpdesk,,,legacy_fd,,,,both blank,18/18 business columns identical across helpdesk+legacy_fd pair; money unit differs by design (policy S9)
TK-241991,exact_migration_pair,high,helpdesk,,,legacy_fd,,,,both blank,18/18 business columns identical across helpdesk+legacy_fd pair; money unit differs by design (policy S9)
TK-241997,exact_migration_pair,high,helpdesk,,,legacy_fd,,,,both blank,18/18 business columns identical across helpdesk+legacy_fd pair; money unit differs by design (policy S9)
TK-241998,exact_migration_pair,high,helpdesk,,,legacy_fd,,,,both blank,18/18 business columns identical across helpdesk+legacy_fd pair; money unit differs by design (policy S9)
TK-242000,exact_migration_pair,high,helpdesk,,,legacy_fd,,,,both blank,18/18 business columns identical across helpdesk+legacy_fd pair; money unit differs by design (policy S9)
TK-242031,exact_migration_pair,high,helpdesk,,,legacy_fd,,,,both blank,18/18 business columns identical across helpdesk+legacy_fd pair; money unit differs by design (policy S9)
TK-242032,exact_migration_pair,high,helpdesk,,,legacy_fd,,,,both blank,18/18 business columns identical across helpdesk+legacy_fd pair; money unit differs by design (policy S9)
TK-242036,exact_migration_pair,high,helpdesk,,,legacy_fd,,,,both blank,18/18 business columns identical across helpdesk+legacy_fd pair; money unit differs by design (policy S9)
TK-242038,exact_migration_pair,high,helpdesk,,,legacy_fd,,,,both blank,18/18 business columns identical across helpdesk+legacy_fd pair; money unit differs by design (policy S9)
TK-242045,exact_migration_pair,high,helpdesk,,,legacy_fd,,,,both blank,18/18 business columns identical across helpdesk+legacy_fd pair; money unit differs by design (policy S9)
TK-242061,exact_migration_pair,high,helpdesk,3500.0,3500.0,legacy_fd,350000.0,3500.0,100.0,yes,18/18 business columns identical across helpdesk+legacy_fd pair; money unit differs by design (policy S9)
TK-242067,exact_migration_pair,high,helpdesk,585.0,585.0,legacy_fd,58500.0,585.0,100.0,yes,18/18 business columns identical across helpdesk+legacy_fd pair; money unit differs by design (policy S9)
TK-242076,exact_migration_pair,high,helpdesk,,,legacy_fd,,,,both blank,18/18 business columns identical across helpdesk+legacy_fd pair; money unit differs by design (policy S9)
TK-242078,exact_migration_pair,high,helpdesk,,,legacy_fd,,,,both blank,18/18 business columns identical across helpdesk+legacy_fd pair; money unit differs by design (policy S9)
TK-242099,exact_migration_pair,high,helpdesk,,,legacy_fd,,,,both blank,18/18 business columns identical across helpdesk+legacy_fd pair; money unit differs by design (policy S9)
TK-242101,exact_migration_pair,high,helpdesk,450.0,450.0,legacy_fd,45000.0,450.0,100.0,yes,18/18 business columns identical across helpdesk+legacy_fd pair; money unit differs by design (policy S9)
TK-242104,exact_migration_pair,high,helpdesk,,,legacy_fd,,,,both blank,18/18 business columns identical across helpdesk+legacy_fd pair; money unit differs by design (policy S9)
TK-242107,exact_migration_pair,high,helpdesk,,,legacy_fd,,,,both blank,18/18 business columns identical across helpdesk+legacy_fd pair; money unit differs by design (policy S9)
TK-242117,exact_migration_pair,high,helpdesk,2249.0,2249.0,legacy_fd,224900.0,2249.0,100.0,yes,18/18 business columns identical across helpdesk+legacy_fd pair; money unit differs by design (policy S9)
TK-242128,exact_migration_pair,high,helpdesk,,,legacy_fd,,,,both blank,18/18 business columns identical across helpdesk+legacy_fd pair; money unit differs by design (policy S9)
TK-242131,exact_migration_pair,high,helpdesk,120.0,120.0,legacy_fd,12000.0,120.0,100.0,yes,18/18 business columns identical across helpdesk+legacy_fd pair; money unit differs by design (policy S9)
TK-242144,exact_migration_pair,high,helpdesk,,,legacy_fd,,,,both blank,18/18 business columns identical across helpdesk+legacy_fd pair; money unit differs by design (policy S9)
TK-242149,exact_migration_pair,high,helpdesk,,,legacy_fd,,,,both blank,18/18 business columns identical across helpdesk+legacy_fd pair; money unit differs by design (policy S9)
TK-242154,exact_migration_pair,high,helpdesk,,,legacy_fd,,,,both blank,18/18 business columns identical across helpdesk+legacy_fd pair; money unit differs by design (policy S9)
TK-242158,exact_migration_pair,high,helpdesk,2998.0,2998.0,legacy_fd,299800.0,2998.0,100.0,yes,18/18 business columns identical across helpdesk+legacy_fd pair; money unit differs by design (policy S9)
TK-242168,exact_migration_pair,high,helpdesk,617.0,617.0,legacy_fd,61700.0,617.0,100.0,yes,18/18 business columns identical across helpdesk+legacy_fd pair; money unit differs by design (policy S9)
TK-242174,exact_migration_pair,high,helpdesk,3500.0,3500.0,legacy_fd,350000.0,3500.0,100.0,yes,18/18 business columns identical across helpdesk+legacy_fd pair; money unit differs by design (policy S9)
TK-242177,exact_migration_pair,high,helpdesk,,,legacy_fd,,,,both blank,18/18 business columns identical across helpdesk+legacy_fd pair; money unit differs by design (policy S9)
TK-242180,exact_migration_pair,high,helpdesk,240.0,240.0,legacy_fd,24000.0,240.0,100.0,yes,18/18 business columns identical across helpdesk+legacy_fd pair; money unit differs by design (policy S9)
TK-242225,exact_migration_pair,high,helpdesk,,,legacy_fd,,,,both blank,18/18 business columns identical across helpdesk+legacy_fd pair; money unit differs by design (policy S9)
TK-242228,exact_migration_pair,high,helpdesk,,,legacy_fd,,,,both blank,18/18 business columns identical across helpdesk+legacy_fd pair; money unit differs by design (policy S9)
TK-242231,exact_migration_pair,high,helpdesk,,,legacy_fd,,,,both blank,18/18 business columns identical across helpdesk+legacy_fd pair; money unit differs by design (policy S9)
TK-242232,exact_migration_pair,high,helpdesk,1999.0,1999.0,legacy_fd,199900.0,1999.0,100.0,yes,18/18 business columns identical across helpdesk+legacy_fd pair; money unit differs by design (policy S9)
TK-242255,exact_migration_pair,high,helpdesk,,,legacy_fd,,,,both blank,18/18 business columns identical across helpdesk+legacy_fd pair; money unit differs by design (policy S9)
TK-242270,exact_migration_pair,high,helpdesk,6999.0,6999.0,legacy_fd,699900.0,6999.0,100.0,yes,18/18 business columns identical across helpdesk+legacy_fd pair; money unit differs by design (policy S9)
TK-242271,exact_migration_pair,high,helpdesk,,,legacy_fd,,,,both blank,18/18 business columns identical across helpdesk+legacy_fd pair; money unit differs by design (policy S9)
TK-242283,exact_migration_pair,high,helpdesk,,,legacy_fd,,,,both blank,18/18 business columns identical across helpdesk+legacy_fd pair; money unit differs by design (policy S9)
TK-242304,exact_migration_pair,high,helpdesk,,,legacy_fd,,,,both blank,18/18 business columns identical across helpdesk+legacy_fd pair; money unit differs by design (policy S9)
TK-242324,exact_migration_pair,high,helpdesk,,,legacy_fd,,,,both blank,18/18 business columns identical across helpdesk+legacy_fd pair; money unit differs by design (policy S9)
TK-242328,exact_migration_pair,high,helpdesk,,,legacy_fd,,,,both blank,18/18 business columns identical across helpdesk+legacy_fd pair; money unit differs by design (policy S9)
TK-242331,exact_migration_pair,high,helpdesk,,,legacy_fd,,,,both blank,18/18 business columns identical across helpdesk+legacy_fd pair; money unit differs by design (policy S9)
TK-242337,exact_migration_pair,high,helpdesk,,,legacy_fd,,,,both blank,18/18 business columns identical across helpdesk+legacy_fd pair; money unit differs by design (policy S9)
TK-242338,exact_migration_pair,high,helpdesk,,,legacy_fd,,,,both blank,18/18 business columns identical across helpdesk+legacy_fd pair; money unit differs by design (policy S9)
TK-242340,exact_migration_pair,high,helpdesk,,,legacy_fd,,,,both blank,18/18 business columns identical across helpdesk+legacy_fd pair; money unit differs by design (policy S9)
TK-242357,exact_migration_pair,high,helpdesk,,,legacy_fd,,,,both blank,18/18 business columns identical across helpdesk+legacy_fd pair; money unit differs by design (policy S9)
TK-242359,exact_migration_pair,high,helpdesk,,,legacy_fd,,,,both blank,18/18 business columns identical across helpdesk+legacy_fd pair; money unit differs by design (policy S9)
TK-242366,exact_migration_pair,high,helpdesk,,,legacy_fd,,,,both blank,18/18 business columns identical across helpdesk+legacy_fd pair; money unit differs by design (policy S9)
TK-242367,exact_migration_pair,high,helpdesk,,,legacy_fd,,,,both blank,18/18 business columns identical across helpdesk+legacy_fd pair; money unit differs by design (policy S9)
TK-242370,exact_migration_pair,high,helpdesk,,,legacy_fd,,,,both blank,18/18 business columns identical across helpdesk+legacy_fd pair; money unit differs by design (policy S9)
TK-242382,exact_migration_pair,high,helpdesk,1799.0,1799.0,legacy_fd,179900.0,1799.0,100.0,yes,18/18 business columns identical across helpdesk+legacy_fd pair; money unit differs by design (policy S9)
TK-242392,exact_migration_pair,high,helpdesk,,,legacy_fd,,,,both blank,18/18 business columns identical across helpdesk+legacy_fd pair; money unit differs by design (policy S9)
TK-242397,exact_migration_pair,high,helpdesk,,,legacy_fd,,,,both blank,18/18 business columns identical across helpdesk+legacy_fd pair; money unit differs by design (policy S9)
TK-242399,exact_migration_pair,high,helpdesk,,,legacy_fd,,,,both blank,18/18 business columns identical across helpdesk+legacy_fd pair; money unit differs by design (policy S9)
TK-242402,exact_migration_pair,high,helpdesk,,,legacy_fd,,,,both blank,18/18 business columns identical across helpdesk+legacy_fd pair; money unit differs by design (policy S9)
TK-242403,exact_migration_pair,high,helpdesk,2374.0,2374.0,legacy_fd,237400.0,2374.0,100.0,yes,18/18 business columns identical across helpdesk+legacy_fd pair; money unit differs by design (policy S9)
TK-242421,exact_migration_pair,high,helpdesk,,,legacy_fd,,,,both blank,18/18 business columns identical across helpdesk+legacy_fd pair; money unit differs by design (policy S9)
TK-242437,exact_migration_pair,high,helpdesk,1999.0,1999.0,legacy_fd,199900.0,1999.0,100.0,yes,18/18 business columns identical across helpdesk+legacy_fd pair; money unit differs by design (policy S9)
TK-242444,exact_migration_pair,high,helpdesk,,,legacy_fd,,,,both blank,18/18 business columns identical across helpdesk+legacy_fd pair; money unit differs by design (policy S9)
TK-242446,exact_migration_pair,high,helpdesk,,,legacy_fd,,,,both blank,18/18 business columns identical across helpdesk+legacy_fd pair; money unit differs by design (policy S9)
TK-242452,exact_migration_pair,high,helpdesk,,,legacy_fd,,,,both blank,18/18 business columns identical across helpdesk+legacy_fd pair; money unit differs by design (policy S9)
TK-242455,exact_migration_pair,high,helpdesk,,,legacy_fd,,,,both blank,18/18 business columns identical across helpdesk+legacy_fd pair; money unit differs by design (policy S9)
TK-242458,exact_migration_pair,high,helpdesk,,,legacy_fd,,,,both blank,18/18 business columns identical across helpdesk+legacy_fd pair; money unit differs by design (policy S9)
TK-242460,exact_migration_pair,high,helpdesk,,,legacy_fd,,,,both blank,18/18 business columns identical across helpdesk+legacy_fd pair; money unit differs by design (policy S9)
TK-242464,exact_migration_pair,high,helpdesk,,,legacy_fd,,,,both blank,18/18 business columns identical across helpdesk+legacy_fd pair; money unit differs by design (policy S9)
TK-242488,exact_migration_pair,high,helpdesk,,,legacy_fd,,,,both blank,18/18 business columns identical across helpdesk+legacy_fd pair; money unit differs by design (policy S9)
TK-242506,exact_migration_pair,high,helpdesk,,,legacy_fd,,,,both blank,18/18 business columns identical across helpdesk+legacy_fd pair; money unit differs by design (policy S9)
TK-242522,exact_migration_pair,high,helpdesk,2499.0,2499.0,legacy_fd,249900.0,2499.0,100.0,yes,18/18 business columns identical across helpdesk+legacy_fd pair; money unit differs by design (policy S9)
TK-242529,exact_migration_pair,high,helpdesk,,,legacy_fd,,,,both blank,18/18 business columns identical across helpdesk+legacy_fd pair; money unit differs by design (policy S9)
TK-242534,exact_migration_pair,high,helpdesk,1104.0,1104.0,legacy_fd,110400.0,1104.0,100.0,yes,18/18 business columns identical across helpdesk+legacy_fd pair; money unit differs by design (policy S9)
TK-242546,exact_migration_pair,high,helpdesk,,,legacy_fd,,,,both blank,18/18 business columns identical across helpdesk+legacy_fd pair; money unit differs by design (policy S9)
TK-242547,exact_migration_pair,high,helpdesk,,,legacy_fd,,,,both blank,18/18 business columns identical across helpdesk+legacy_fd pair; money unit differs by design (policy S9)
TK-242548,exact_migration_pair,high,helpdesk,,,legacy_fd,,,,both blank,18/18 business columns identical across helpdesk+legacy_fd pair; money unit differs by design (policy S9)
TK-242553,exact_migration_pair,high,helpdesk,,,legacy_fd,,,,both blank,18/18 business columns identical across helpdesk+legacy_fd pair; money unit differs by design (policy S9)
TK-242554,exact_migration_pair,high,helpdesk,,,legacy_fd,,,,both blank,18/18 business columns identical across helpdesk+legacy_fd pair; money unit differs by design (policy S9)
TK-242555,exact_migration_pair,high,helpdesk,2499.0,2499.0,legacy_fd,249900.0,2499.0,100.0,yes,18/18 business columns identical across helpdesk+legacy_fd pair; money unit differs by design (policy S9)
TK-242567,exact_migration_pair,high,helpdesk,,,legacy_fd,,,,both blank,18/18 business columns identical across helpdesk+legacy_fd pair; money unit differs by design (policy S9)
TK-242598,exact_migration_pair,high,helpdesk,5599.0,5599.0,legacy_fd,559900.0,5599.0,100.0,yes,18/18 business columns identical across helpdesk+legacy_fd pair; money unit differs by design (policy S9)
TK-242599,exact_migration_pair,high,helpdesk,,,legacy_fd,,,,both blank,18/18 business columns identical across helpdesk+legacy_fd pair; money unit differs by design (policy S9)
TK-242605,exact_migration_pair,high,helpdesk,,,legacy_fd,,,,both blank,18/18 business columns identical across helpdesk+legacy_fd pair; money unit differs by design (policy S9)
TK-242608,exact_migration_pair,high,helpdesk,,,legacy_fd,,,,both blank,18/18 business columns identical across helpdesk+legacy_fd pair; money unit differs by design (policy S9)
TK-242617,exact_migration_pair,high,helpdesk,,,legacy_fd,,,,both blank,18/18 business columns identical across helpdesk+legacy_fd pair; money unit differs by design (policy S9)
TK-242618,exact_migration_pair,high,helpdesk,,,legacy_fd,,,,both blank,18/18 business columns identical across helpdesk+legacy_fd pair; money unit differs by design (policy S9)
TK-242621,exact_migration_pair,high,helpdesk,337.0,337.0,legacy_fd,33700.0,337.0,100.0,yes,18/18 business columns identical across helpdesk+legacy_fd pair; money unit differs by design (policy S9)
TK-242622,exact_migration_pair,high,helpdesk,,,legacy_fd,,,,both blank,18/18 business columns identical across helpdesk+legacy_fd pair; money unit differs by design (policy S9)
TK-242624,exact_migration_pair,high,helpdesk,,,legacy_fd,,,,both blank,18/18 business columns identical across helpdesk+legacy_fd pair; money unit differs by design (policy S9)
TK-242625,exact_migration_pair,high,helpdesk,,,legacy_fd,,,,both blank,18/18 business columns identical across helpdesk+legacy_fd pair; money unit differs by design (policy S9)
TK-242640,exact_migration_pair,high,helpdesk,,,legacy_fd,,,,both blank,18/18 business columns identical across helpdesk+legacy_fd pair; money unit differs by design (policy S9)
TK-242653,exact_migration_pair,high,helpdesk,,,legacy_fd,,,,both blank,18/18 business columns identical across helpdesk+legacy_fd pair; money unit differs by design (policy S9)
TK-242658,exact_migration_pair,high,helpdesk,2374.0,2374.0,legacy_fd,237400.0,2374.0,100.0,yes,18/18 business columns identical across helpdesk+legacy_fd pair; money unit differs by design (policy S9)
TK-242659,exact_migration_pair,high,helpdesk,,,legacy_fd,,,,both blank,18/18 business columns identical across helpdesk+legacy_fd pair; money unit differs by design (policy S9)
TK-242660,exact_migration_pair,high,helpdesk,,,legacy_fd,,,,both blank,18/18 business columns identical across helpdesk+legacy_fd pair; money unit differs by design (policy S9)
TK-242662,exact_migration_pair,high,helpdesk,6999.0,6999.0,legacy_fd,699900.0,6999.0,100.0,yes,18/18 business columns identical across helpdesk+legacy_fd pair; money unit differs by design (policy S9)
TK-242675,exact_migration_pair,high,helpdesk,,,legacy_fd,,,,both blank,18/18 business columns identical across helpdesk+legacy_fd pair; money unit differs by design (policy S9)
TK-242683,exact_migration_pair,high,helpdesk,,,legacy_fd,,,,both blank,18/18 business columns identical across helpdesk+legacy_fd pair; money unit differs by design (policy S9)
TK-242686,exact_migration_pair,high,helpdesk,4999.0,4999.0,legacy_fd,499900.0,4999.0,100.0,yes,18/18 business columns identical across helpdesk+legacy_fd pair; money unit differs by design (policy S9)
TK-242688,exact_migration_pair,high,helpdesk,,,legacy_fd,,,,both blank,18/18 business columns identical across helpdesk+legacy_fd pair; money unit differs by design (policy S9)
TK-242694,exact_migration_pair,high,helpdesk,,,legacy_fd,,,,both blank,18/18 business columns identical across helpdesk+legacy_fd pair; money unit differs by design (policy S9)
TK-242700,exact_migration_pair,high,helpdesk,,,legacy_fd,,,,both blank,18/18 business columns identical across helpdesk+legacy_fd pair; money unit differs by design (policy S9)
TK-242707,exact_migration_pair,high,helpdesk,,,legacy_fd,,,,both blank,18/18 business columns identical across helpdesk+legacy_fd pair; money unit differs by design (policy S9)
TK-242709,exact_migration_pair,high,helpdesk,,,legacy_fd,,,,both blank,18/18 business columns identical across helpdesk+legacy_fd pair; money unit differs by design (policy S9)
TK-242714,exact_migration_pair,high,helpdesk,,,legacy_fd,,,,both blank,18/18 business columns identical across helpdesk+legacy_fd pair; money unit differs by design (policy S9)
TK-242720,exact_migration_pair,high,helpdesk,,,legacy_fd,,,,both blank,18/18 business columns identical across helpdesk+legacy_fd pair; money unit differs by design (policy S9)
TK-242741,exact_migration_pair,high,helpdesk,,,legacy_fd,,,,both blank,18/18 business columns identical across helpdesk+legacy_fd pair; money unit differs by design (policy S9)
TK-242746,exact_migration_pair,high,helpdesk,,,legacy_fd,,,,both blank,18/18 business columns identical across helpdesk+legacy_fd pair; money unit differs by design (policy S9)
TK-242752,exact_migration_pair,high,helpdesk,6499.0,6499.0,legacy_fd,649900.0,6499.0,100.0,yes,18/18 business columns identical across helpdesk+legacy_fd pair; money unit differs by design (policy S9)
TK-242775,exact_migration_pair,high,helpdesk,,,legacy_fd,,,,both blank,18/18 business columns identical across helpdesk+legacy_fd pair; money unit differs by design (policy S9)
TK-242781,exact_migration_pair,high,helpdesk,,,legacy_fd,,,,both blank,18/18 business columns identical across helpdesk+legacy_fd pair; money unit differs by design (policy S9)
TK-242783,exact_migration_pair,high,helpdesk,,,legacy_fd,,,,both blank,18/18 business columns identical across helpdesk+legacy_fd pair; money unit differs by design (policy S9)
TK-242786,exact_migration_pair,high,helpdesk,6499.0,6499.0,legacy_fd,649900.0,6499.0,100.0,yes,18/18 business columns identical across helpdesk+legacy_fd pair; money unit differs by design (policy S9)
TK-242794,exact_migration_pair,high,helpdesk,1799.0,1799.0,legacy_fd,179900.0,1799.0,100.0,yes,18/18 business columns identical across helpdesk+legacy_fd pair; money unit differs by design (policy S9)
TK-242797,exact_migration_pair,high,helpdesk,,,legacy_fd,,,,both blank,18/18 business columns identical across helpdesk+legacy_fd pair; money unit differs by design (policy S9)
TK-242808,exact_migration_pair,high,helpdesk,,,legacy_fd,,,,both blank,18/18 business columns identical across helpdesk+legacy_fd pair; money unit differs by design (policy S9)
TK-242809,exact_migration_pair,high,helpdesk,,,legacy_fd,,,,both blank,18/18 business columns identical across helpdesk+legacy_fd pair; money unit differs by design (policy S9)
TK-242813,exact_migration_pair,high,helpdesk,,,legacy_fd,,,,both blank,18/18 business columns identical across helpdesk+legacy_fd pair; money unit differs by design (policy S9)
TK-242814,exact_migration_pair,high,helpdesk,,,legacy_fd,,,,both blank,18/18 business columns identical across helpdesk+legacy_fd pair; money unit differs by design (policy S9)
TK-242822,exact_migration_pair,high,helpdesk,,,legacy_fd,,,,both blank,18/18 business columns identical across helpdesk+legacy_fd pair; money unit differs by design (policy S9)
TK-242832,exact_migration_pair,high,helpdesk,,,legacy_fd,,,,both blank,18/18 business columns identical across helpdesk+legacy_fd pair; money unit differs by design (policy S9)
TK-242837,exact_migration_pair,high,helpdesk,,,legacy_fd,,,,both blank,18/18 business columns identical across helpdesk+legacy_fd pair; money unit differs by design (policy S9)
TK-242841,exact_migration_pair,high,helpdesk,1499.0,1499.0,legacy_fd,149900.0,1499.0,100.0,yes,18/18 business columns identical across helpdesk+legacy_fd pair; money unit differs by design (policy S9)
TK-242842,exact_migration_pair,high,helpdesk,1799.0,1799.0,legacy_fd,179900.0,1799.0,100.0,yes,18/18 business columns identical across helpdesk+legacy_fd pair; money unit differs by design (policy S9)
TK-242862,exact_migration_pair,high,helpdesk,,,legacy_fd,,,,both blank,18/18 business columns identical across helpdesk+legacy_fd pair; money unit differs by design (policy S9)
TK-242868,exact_migration_pair,high,helpdesk,,,legacy_fd,,,,both blank,18/18 business columns identical across helpdesk+legacy_fd pair; money unit differs by design (policy S9)
TK-242880,exact_migration_pair,high,helpdesk,,,legacy_fd,,,,both blank,18/18 business columns identical across helpdesk+legacy_fd pair; money unit differs by design (policy S9)
TK-242889,exact_migration_pair,high,helpdesk,,,legacy_fd,,,,both blank,18/18 business columns identical across helpdesk+legacy_fd pair; money unit differs by design (policy S9)
TK-242899,exact_migration_pair,high,helpdesk,,,legacy_fd,,,,both blank,18/18 business columns identical across helpdesk+legacy_fd pair; money unit differs by design (policy S9)
TK-242906,exact_migration_pair,high,helpdesk,2499.0,2499.0,legacy_fd,249900.0,2499.0,100.0,yes,18/18 business columns identical across helpdesk+legacy_fd pair; money unit differs by design (policy S9)
TK-242908,exact_migration_pair,high,helpdesk,,,legacy_fd,,,,both blank,18/18 business columns identical across helpdesk+legacy_fd pair; money unit differs by design (policy S9)
TK-242916,exact_migration_pair,high,helpdesk,,,legacy_fd,,,,both blank,18/18 business columns identical across helpdesk+legacy_fd pair; money unit differs by design (policy S9)
TK-242918,exact_migration_pair,high,helpdesk,,,legacy_fd,,,,both blank,18/18 business columns identical across helpdesk+legacy_fd pair; money unit differs by design (policy S9)
TK-242922,exact_migration_pair,high,helpdesk,,,legacy_fd,,,,both blank,18/18 business columns identical across helpdesk+legacy_fd pair; money unit differs by design (policy S9)
TK-242933,exact_migration_pair,high,helpdesk,,,legacy_fd,,,,both blank,18/18 business columns identical across helpdesk+legacy_fd pair; money unit differs by design (policy S9)
TK-242937,exact_migration_pair,high,helpdesk,200.0,200.0,legacy_fd,20000.0,200.0,100.0,yes,18/18 business columns identical across helpdesk+legacy_fd pair; money unit differs by design (policy S9)
TK-242938,exact_migration_pair,high,helpdesk,,,legacy_fd,,,,both blank,18/18 business columns identical across helpdesk+legacy_fd pair; money unit differs by design (policy S9)
TK-242941,exact_migration_pair,high,helpdesk,,,legacy_fd,,,,both blank,18/18 business columns identical across helpdesk+legacy_fd pair; money unit differs by design (policy S9)
TK-242952,exact_migration_pair,high,helpdesk,,,legacy_fd,,,,both blank,18/18 business columns identical across helpdesk+legacy_fd pair; money unit differs by design (policy S9)
TK-242970,exact_migration_pair,high,helpdesk,,,legacy_fd,,,,both blank,18/18 business columns identical across helpdesk+legacy_fd pair; money unit differs by design (policy S9)
TK-242978,exact_migration_pair,high,helpdesk,,,legacy_fd,,,,both blank,18/18 business columns identical across helpdesk+legacy_fd pair; money unit differs by design (policy S9)
TK-242980,exact_migration_pair,high,helpdesk,,,legacy_fd,,,,both blank,18/18 business columns identical across helpdesk+legacy_fd pair; money unit differs by design (policy S9)
TK-242987,exact_migration_pair,high,helpdesk,1799.0,1799.0,legacy_fd,179900.0,1799.0,100.0,yes,18/18 business columns identical across helpdesk+legacy_fd pair; money unit differs by design (policy S9)
TK-243004,exact_migration_pair,high,helpdesk,,,legacy_fd,,,,both blank,18/18 business columns identical across helpdesk+legacy_fd pair; money unit differs by design (policy S9)
TK-243011,exact_migration_pair,high,helpdesk,,,legacy_fd,,,,both blank,18/18 business columns identical across helpdesk+legacy_fd pair; money unit differs by design (policy S9)
TK-243024,exact_migration_pair,high,helpdesk,,,legacy_fd,,,,both blank,18/18 business columns identical across helpdesk+legacy_fd pair; money unit differs by design (policy S9)
TK-243037,exact_migration_pair,high,helpdesk,1799.0,1799.0,legacy_fd,179900.0,1799.0,100.0,yes,18/18 business columns identical across helpdesk+legacy_fd pair; money unit differs by design (policy S9)
TK-243039,exact_migration_pair,high,helpdesk,,,legacy_fd,,,,both blank,18/18 business columns identical across helpdesk+legacy_fd pair; money unit differs by design (policy S9)
TK-243056,exact_migration_pair,high,helpdesk,,,legacy_fd,,,,both blank,18/18 business columns identical across helpdesk+legacy_fd pair; money unit differs by design (policy S9)
TK-243058,exact_migration_pair,high,helpdesk,,,legacy_fd,,,,both blank,18/18 business columns identical across helpdesk+legacy_fd pair; money unit differs by design (policy S9)
TK-243065,exact_migration_pair,high,helpdesk,,,legacy_fd,,,,both blank,18/18 business columns identical across helpdesk+legacy_fd pair; money unit differs by design (policy S9)
TK-243086,exact_migration_pair,high,helpdesk,2374.0,2374.0,legacy_fd,237400.0,2374.0,100.0,yes,18/18 business columns identical across helpdesk+legacy_fd pair; money unit differs by design (policy S9)
TK-243096,exact_migration_pair,high,helpdesk,4999.0,4999.0,legacy_fd,499900.0,4999.0,100.0,yes,18/18 business columns identical across helpdesk+legacy_fd pair; money unit differs by design (policy S9)
TK-243097,exact_migration_pair,high,helpdesk,5599.0,5599.0,legacy_fd,559900.0,5599.0,100.0,yes,18/18 business columns identical across helpdesk+legacy_fd pair; money unit differs by design (policy S9)
TK-243103,exact_migration_pair,high,helpdesk,,,legacy_fd,,,,both blank,18/18 business columns identical across helpdesk+legacy_fd pair; money unit differs by design (policy S9)
TK-243107,exact_migration_pair,high,helpdesk,,,legacy_fd,,,,both blank,18/18 business columns identical across helpdesk+legacy_fd pair; money unit differs by design (policy S9)
TK-243113,exact_migration_pair,high,helpdesk,,,legacy_fd,,,,both blank,18/18 business columns identical across helpdesk+legacy_fd pair; money unit differs by design (policy S9)
TK-243114,exact_migration_pair,high,helpdesk,,,legacy_fd,,,,both blank,18/18 business columns identical across helpdesk+legacy_fd pair; money unit differs by design (policy S9)
TK-243136,exact_migration_pair,high,helpdesk,,,legacy_fd,,,,both blank,18/18 business columns identical across helpdesk+legacy_fd pair; money unit differs by design (policy S9)
TK-243147,exact_migration_pair,high,helpdesk,,,legacy_fd,,,,both blank,18/18 business columns identical across helpdesk+legacy_fd pair; money unit differs by design (policy S9)
TK-243154,exact_migration_pair,high,helpdesk,6499.0,6499.0,legacy_fd,649900.0,6499.0,100.0,yes,18/18 business columns identical across helpdesk+legacy_fd pair; money unit differs by design (policy S9)
TK-243169,exact_migration_pair,high,helpdesk,2499.0,2499.0,legacy_fd,249900.0,2499.0,100.0,yes,18/18 business columns identical across helpdesk+legacy_fd pair; money unit differs by design (policy S9)
TK-243189,exact_migration_pair,high,helpdesk,,,legacy_fd,,,,both blank,18/18 business columns identical across helpdesk+legacy_fd pair; money unit differs by design (policy S9)
TK-243193,exact_migration_pair,high,helpdesk,,,legacy_fd,,,,both blank,18/18 business columns identical across helpdesk+legacy_fd pair; money unit differs by design (policy S9)
TK-243198,exact_migration_pair,high,helpdesk,,,legacy_fd,,,,both blank,18/18 business columns identical across helpdesk+legacy_fd pair; money unit differs by design (policy S9)
TK-243203,exact_migration_pair,high,helpdesk,,,legacy_fd,,,,both blank,18/18 business columns identical across helpdesk+legacy_fd pair; money unit differs by design (policy S9)
TK-243204,exact_migration_pair,high,helpdesk,,,legacy_fd,,,,both blank,18/18 business columns identical across helpdesk+legacy_fd pair; money unit differs by design (policy S9)
TK-243206,exact_migration_pair,high,helpdesk,,,legacy_fd,,,,both blank,18/18 business columns identical across helpdesk+legacy_fd pair; money unit differs by design (policy S9)
TK-243209,exact_migration_pair,high,helpdesk,,,legacy_fd,,,,both blank,18/18 business columns identical across helpdesk+legacy_fd pair; money unit differs by design (policy S9)
TK-243217,exact_migration_pair,high,helpdesk,,,legacy_fd,,,,both blank,18/18 business columns identical across helpdesk+legacy_fd pair; money unit differs by design (policy S9)
TK-243219,exact_migration_pair,high,helpdesk,,,legacy_fd,,,,both blank,18/18 business columns identical across helpdesk+legacy_fd pair; money unit differs by design (policy S9)
TK-243220,exact_migration_pair,high,helpdesk,585.0,585.0,legacy_fd,58500.0,585.0,100.0,yes,18/18 business columns identical across helpdesk+legacy_fd pair; money unit differs by design (policy S9)
TK-243226,exact_migration_pair,high,helpdesk,,,legacy_fd,,,,both blank,18/18 business columns identical across helpdesk+legacy_fd pair; money unit differs by design (policy S9)
TK-243228,exact_migration_pair,high,helpdesk,,,legacy_fd,,,,both blank,18/18 business columns identical across helpdesk+legacy_fd pair; money unit differs by design (policy S9)
TK-243229,exact_migration_pair,high,helpdesk,,,legacy_fd,,,,both blank,18/18 business columns identical across helpdesk+legacy_fd pair; money unit differs by design (policy S9)
TK-243242,exact_migration_pair,high,helpdesk,,,legacy_fd,,,,both blank,18/18 business columns identical across helpdesk+legacy_fd pair; money unit differs by design (policy S9)
TK-243244,exact_migration_pair,high,helpdesk,,,legacy_fd,,,,both blank,18/18 business columns identical across helpdesk+legacy_fd pair; money unit differs by design (policy S9)
TK-243257,exact_migration_pair,high,helpdesk,,,legacy_fd,,,,both blank,18/18 business columns identical across helpdesk+legacy_fd pair; money unit differs by design (policy S9)
TK-243281,exact_migration_pair,high,helpdesk,,,legacy_fd,,,,both blank,18/18 business columns identical across helpdesk+legacy_fd pair; money unit differs by design (policy S9)
TK-243290,exact_migration_pair,high,helpdesk,,,legacy_fd,,,,both blank,18/18 business columns identical across helpdesk+legacy_fd pair; money unit differs by design (policy S9)
TK-243291,exact_migration_pair,high,helpdesk,,,legacy_fd,,,,both blank,18/18 business columns identical across helpdesk+legacy_fd pair; money unit differs by design (policy S9)
TK-243294,exact_migration_pair,high,helpdesk,,,legacy_fd,,,,both blank,18/18 business columns identical across helpdesk+legacy_fd pair; money unit differs by design (policy S9)
TK-243301,exact_migration_pair,high,helpdesk,,,legacy_fd,,,,both blank,18/18 business columns identical across helpdesk+legacy_fd pair; money unit differs by design (policy S9)
TK-243302,exact_migration_pair,high,helpdesk,,,legacy_fd,,,,both blank,18/18 business columns identical across helpdesk+legacy_fd pair; money unit differs by design (policy S9)
TK-243303,exact_migration_pair,high,helpdesk,,,legacy_fd,,,,both blank,18/18 business columns identical across helpdesk+legacy_fd pair; money unit differs by design (policy S9)
TK-243326,exact_migration_pair,high,helpdesk,,,legacy_fd,,,,both blank,18/18 business columns identical across helpdesk+legacy_fd pair; money unit differs by design (policy S9)
TK-243328,exact_migration_pair,high,helpdesk,,,legacy_fd,,,,both blank,18/18 business columns identical across helpdesk+legacy_fd pair; money unit differs by design (policy S9)
TK-243332,exact_migration_pair,high,helpdesk,,,legacy_fd,,,,both blank,18/18 business columns identical across helpdesk+legacy_fd pair; money unit differs by design (policy S9)
TK-243338,exact_migration_pair,high,helpdesk,1169.0,1169.0,legacy_fd,116900.0,1169.0,100.0,yes,18/18 business columns identical across helpdesk+legacy_fd pair; money unit differs by design (policy S9)
TK-243355,exact_migration_pair,high,helpdesk,,,legacy_fd,,,,both blank,18/18 business columns identical across helpdesk+legacy_fd pair; money unit differs by design (policy S9)
TK-243358,exact_migration_pair,high,helpdesk,,,legacy_fd,,,,both blank,18/18 business columns identical across helpdesk+legacy_fd pair; money unit differs by design (policy S9)
TK-243367,exact_migration_pair,high,helpdesk,,,legacy_fd,,,,both blank,18/18 business columns identical across helpdesk+legacy_fd pair; money unit differs by design (policy S9)
TK-243368,exact_migration_pair,high,helpdesk,,,legacy_fd,,,,both blank,18/18 business columns identical across helpdesk+legacy_fd pair; money unit differs by design (policy S9)
TK-243383,exact_migration_pair,high,helpdesk,,,legacy_fd,,,,both blank,18/18 business columns identical across helpdesk+legacy_fd pair; money unit differs by design (policy S9)
TK-243391,exact_migration_pair,high,helpdesk,5199.0,5199.0,legacy_fd,519900.0,5199.0,100.0,yes,18/18 business columns identical across helpdesk+legacy_fd pair; money unit differs by design (policy S9)
TK-243394,exact_migration_pair,high,helpdesk,1619.0,1619.0,legacy_fd,161900.0,1619.0,100.0,yes,18/18 business columns identical across helpdesk+legacy_fd pair; money unit differs by design (policy S9)
TK-243397,exact_migration_pair,high,helpdesk,,,legacy_fd,,,,both blank,18/18 business columns identical across helpdesk+legacy_fd pair; money unit differs by design (policy S9)
TK-243439,exact_migration_pair,high,helpdesk,,,legacy_fd,,,,both blank,18/18 business columns identical across helpdesk+legacy_fd pair; money unit differs by design (policy S9)
TK-243442,exact_migration_pair,high,helpdesk,,,legacy_fd,,,,both blank,18/18 business columns identical across helpdesk+legacy_fd pair; money unit differs by design (policy S9)
TK-243444,exact_migration_pair,high,helpdesk,,,legacy_fd,,,,both blank,18/18 business columns identical across helpdesk+legacy_fd pair; money unit differs by design (policy S9)
TK-243462,exact_migration_pair,high,helpdesk,,,legacy_fd,,,,both blank,18/18 business columns identical across helpdesk+legacy_fd pair; money unit differs by design (policy S9)
TK-243463,exact_migration_pair,high,helpdesk,,,legacy_fd,,,,both blank,18/18 business columns identical across helpdesk+legacy_fd pair; money unit differs by design (policy S9)
TK-243470,exact_migration_pair,high,helpdesk,,,legacy_fd,,,,both blank,18/18 business columns identical across helpdesk+legacy_fd pair; money unit differs by design (policy S9)
TK-243487,exact_migration_pair,high,helpdesk,,,legacy_fd,,,,both blank,18/18 business columns identical across helpdesk+legacy_fd pair; money unit differs by design (policy S9)
TK-243515,exact_migration_pair,high,helpdesk,,,legacy_fd,,,,both blank,18/18 business columns identical across helpdesk+legacy_fd pair; money unit differs by design (policy S9)
TK-243519,exact_migration_pair,high,helpdesk,,,legacy_fd,,,,both blank,18/18 business columns identical across helpdesk+legacy_fd pair; money unit differs by design (policy S9)
TK-243525,exact_migration_pair,high,helpdesk,,,legacy_fd,,,,both blank,18/18 business columns identical across helpdesk+legacy_fd pair; money unit differs by design (policy S9)
TK-243529,exact_migration_pair,high,helpdesk,,,legacy_fd,,,,both blank,18/18 business columns identical across helpdesk+legacy_fd pair; money unit differs by design (policy S9)
TK-243531,exact_migration_pair,high,helpdesk,2499.0,2499.0,legacy_fd,249900.0,2499.0,100.0,yes,18/18 business columns identical across helpdesk+legacy_fd pair; money unit differs by design (policy S9)
TK-243532,exact_migration_pair,high,helpdesk,,,legacy_fd,,,,both blank,18/18 business columns identical across helpdesk+legacy_fd pair; money unit differs by design (policy S9)
TK-243538,exact_migration_pair,high,helpdesk,595.0,595.0,legacy_fd,59500.0,595.0,100.0,yes,18/18 business columns identical across helpdesk+legacy_fd pair; money unit differs by design (policy S9)
TK-243540,exact_migration_pair,high,helpdesk,,,legacy_fd,,,,both blank,18/18 business columns identical across helpdesk+legacy_fd pair; money unit differs by design (policy S9)
TK-243547,exact_migration_pair,high,helpdesk,,,legacy_fd,,,,both blank,18/18 business columns identical across helpdesk+legacy_fd pair; money unit differs by design (policy S9)
TK-243548,exact_migration_pair,high,helpdesk,,,legacy_fd,,,,both blank,18/18 business columns identical across helpdesk+legacy_fd pair; money unit differs by design (policy S9)
TK-243551,exact_migration_pair,high,helpdesk,,,legacy_fd,,,,both blank,18/18 business columns identical across helpdesk+legacy_fd pair; money unit differs by design (policy S9)
TK-243556,exact_migration_pair,high,helpdesk,,,legacy_fd,,,,both blank,18/18 business columns identical across helpdesk+legacy_fd pair; money unit differs by design (policy S9)
TK-243558,exact_migration_pair,high,helpdesk,,,legacy_fd,,,,both blank,18/18 business columns identical across helpdesk+legacy_fd pair; money unit differs by design (policy S9)
TK-243560,exact_migration_pair,high,helpdesk,,,legacy_fd,,,,both blank,18/18 business columns identical across helpdesk+legacy_fd pair; money unit differs by design (policy S9)
TK-243571,exact_migration_pair,high,helpdesk,,,legacy_fd,,,,both blank,18/18 business columns identical across helpdesk+legacy_fd pair; money unit differs by design (policy S9)
TK-243584,exact_migration_pair,high,helpdesk,,,legacy_fd,,,,both blank,18/18 business columns identical across helpdesk+legacy_fd pair; money unit differs by design (policy S9)
TK-243594,exact_migration_pair,high,helpdesk,3499.0,3499.0,legacy_fd,349900.0,3499.0,100.0,yes,18/18 business columns identical across helpdesk+legacy_fd pair; money unit differs by design (policy S9)
TK-243596,exact_migration_pair,high,helpdesk,,,legacy_fd,,,,both blank,18/18 business columns identical across helpdesk+legacy_fd pair; money unit differs by design (policy S9)
TK-243630,exact_migration_pair,high,helpdesk,,,legacy_fd,,,,both blank,18/18 business columns identical across helpdesk+legacy_fd pair; money unit differs by design (policy S9)
TK-243647,exact_migration_pair,high,helpdesk,,,legacy_fd,,,,both blank,18/18 business columns identical across helpdesk+legacy_fd pair; money unit differs by design (policy S9)
TK-243663,exact_migration_pair,high,helpdesk,,,legacy_fd,,,,both blank,18/18 business columns identical across helpdesk+legacy_fd pair; money unit differs by design (policy S9)
TK-243665,exact_migration_pair,high,helpdesk,,,legacy_fd,,,,both blank,18/18 business columns identical across helpdesk+legacy_fd pair; money unit differs by design (policy S9)
TK-243667,exact_migration_pair,high,helpdesk,650.0,650.0,legacy_fd,65000.0,650.0,100.0,yes,18/18 business columns identical across helpdesk+legacy_fd pair; money unit differs by design (policy S9)
TK-243670,exact_migration_pair,high,helpdesk,,,legacy_fd,,,,both blank,18/18 business columns identical across helpdesk+legacy_fd pair; money unit differs by design (policy S9)
TK-243675,exact_migration_pair,high,helpdesk,,,legacy_fd,,,,both blank,18/18 business columns identical across helpdesk+legacy_fd pair; money unit differs by design (policy S9)
TK-243676,exact_migration_pair,high,helpdesk,4799.0,4799.0,legacy_fd,479900.0,4799.0,100.0,yes,18/18 business columns identical across helpdesk+legacy_fd pair; money unit differs by design (policy S9)
TK-243677,exact_migration_pair,high,helpdesk,,,legacy_fd,,,,both blank,18/18 business columns identical across helpdesk+legacy_fd pair; money unit differs by design (policy S9)
TK-243693,exact_migration_pair,high,helpdesk,,,legacy_fd,,,,both blank,18/18 business columns identical across helpdesk+legacy_fd pair; money unit differs by design (policy S9)
TK-243695,exact_migration_pair,high,helpdesk,,,legacy_fd,,,,both blank,18/18 business columns identical across helpdesk+legacy_fd pair; money unit differs by design (policy S9)
TK-243698,exact_migration_pair,high,helpdesk,,,legacy_fd,,,,both blank,18/18 business columns identical across helpdesk+legacy_fd pair; money unit differs by design (policy S9)
TK-243700,exact_migration_pair,high,helpdesk,,,legacy_fd,,,,both blank,18/18 business columns identical across helpdesk+legacy_fd pair; money unit differs by design (policy S9)
TK-243704,exact_migration_pair,high,helpdesk,3324.0,3324.0,legacy_fd,332400.0,3324.0,100.0,yes,18/18 business columns identical across helpdesk+legacy_fd pair; money unit differs by design (policy S9)
TK-243709,exact_migration_pair,high,helpdesk,,,legacy_fd,,,,both blank,18/18 business columns identical across helpdesk+legacy_fd pair; money unit differs by design (policy S9)
TK-243714,exact_migration_pair,high,helpdesk,,,legacy_fd,,,,both blank,18/18 business columns identical across helpdesk+legacy_fd pair; money unit differs by design (policy S9)
TK-243727,exact_migration_pair,high,helpdesk,,,legacy_fd,,,,both blank,18/18 business columns identical across helpdesk+legacy_fd pair; money unit differs by design (policy S9)
TK-243747,exact_migration_pair,high,helpdesk,,,legacy_fd,,,,both blank,18/18 business columns identical across helpdesk+legacy_fd pair; money unit differs by design (policy S9)
TK-243748,exact_migration_pair,high,helpdesk,,,legacy_fd,,,,both blank,18/18 business columns identical across helpdesk+legacy_fd pair; money unit differs by design (policy S9)
TK-243761,exact_migration_pair,high,helpdesk,,,legacy_fd,,,,both blank,18/18 business columns identical across helpdesk+legacy_fd pair; money unit differs by design (policy S9)
TK-243772,exact_migration_pair,high,helpdesk,,,legacy_fd,,,,both blank,18/18 business columns identical across helpdesk+legacy_fd pair; money unit differs by design (policy S9)
TK-243776,exact_migration_pair,high,helpdesk,,,legacy_fd,,,,both blank,18/18 business columns identical across helpdesk+legacy_fd pair; money unit differs by design (policy S9)
TK-243780,exact_migration_pair,high,helpdesk,,,legacy_fd,,,,both blank,18/18 business columns identical across helpdesk+legacy_fd pair; money unit differs by design (policy S9)
TK-243781,exact_migration_pair,high,helpdesk,6499.0,6499.0,legacy_fd,649900.0,6499.0,100.0,yes,18/18 business columns identical across helpdesk+legacy_fd pair; money unit differs by design (policy S9)
TK-243792,exact_migration_pair,high,helpdesk,5199.0,5199.0,legacy_fd,519900.0,5199.0,100.0,yes,18/18 business columns identical across helpdesk+legacy_fd pair; money unit differs by design (policy S9)
TK-243793,exact_migration_pair,high,helpdesk,,,legacy_fd,,,,both blank,18/18 business columns identical across helpdesk+legacy_fd pair; money unit differs by design (policy S9)
TK-243794,exact_migration_pair,high,helpdesk,5399.0,5399.0,legacy_fd,539900.0,5399.0,100.0,yes,18/18 business columns identical across helpdesk+legacy_fd pair; money unit differs by design (policy S9)
TK-243808,exact_migration_pair,high,helpdesk,,,legacy_fd,,,,both blank,18/18 business columns identical across helpdesk+legacy_fd pair; money unit differs by design (policy S9)
TK-243809,exact_migration_pair,high,helpdesk,,,legacy_fd,,,,both blank,18/18 business columns identical across helpdesk+legacy_fd pair; money unit differs by design (policy S9)
TK-243811,exact_migration_pair,high,helpdesk,,,legacy_fd,,,,both blank,18/18 business columns identical across helpdesk+legacy_fd pair; money unit differs by design (policy S9)
TK-243822,exact_migration_pair,high,helpdesk,,,legacy_fd,,,,both blank,18/18 business columns identical across helpdesk+legacy_fd pair; money unit differs by design (policy S9)
TK-243828,exact_migration_pair,high,helpdesk,1000.0,1000.0,legacy_fd,100000.0,1000.0,100.0,yes,18/18 business columns identical across helpdesk+legacy_fd pair; money unit differs by design (policy S9)
TK-243833,exact_migration_pair,high,helpdesk,,,legacy_fd,,,,both blank,18/18 business columns identical across helpdesk+legacy_fd pair; money unit differs by design (policy S9)
TK-243834,exact_migration_pair,high,helpdesk,1299.0,1299.0,legacy_fd,129900.0,1299.0,100.0,yes,18/18 business columns identical across helpdesk+legacy_fd pair; money unit differs by design (policy S9)
TK-243865,exact_migration_pair,high,helpdesk,,,legacy_fd,,,,both blank,18/18 business columns identical across helpdesk+legacy_fd pair; money unit differs by design (policy S9)
TK-243867,exact_migration_pair,high,helpdesk,,,legacy_fd,,,,both blank,18/18 business columns identical across helpdesk+legacy_fd pair; money unit differs by design (policy S9)
TK-243869,exact_migration_pair,high,helpdesk,,,legacy_fd,,,,both blank,18/18 business columns identical across helpdesk+legacy_fd pair; money unit differs by design (policy S9)
TK-243877,exact_migration_pair,high,helpdesk,,,legacy_fd,,,,both blank,18/18 business columns identical across helpdesk+legacy_fd pair; money unit differs by design (policy S9)
TK-243886,exact_migration_pair,high,helpdesk,,,legacy_fd,,,,both blank,18/18 business columns identical across helpdesk+legacy_fd pair; money unit differs by design (policy S9)
TK-243894,exact_migration_pair,high,helpdesk,,,legacy_fd,,,,both blank,18/18 business columns identical across helpdesk+legacy_fd pair; money unit differs by design (policy S9)
TK-243905,exact_migration_pair,high,helpdesk,1999.0,1999.0,legacy_fd,199900.0,1999.0,100.0,yes,18/18 business columns identical across helpdesk+legacy_fd pair; money unit differs by design (policy S9)
TK-243907,exact_migration_pair,high,helpdesk,,,legacy_fd,,,,both blank,18/18 business columns identical across helpdesk+legacy_fd pair; money unit differs by design (policy S9)
TK-243909,exact_migration_pair,high,helpdesk,,,legacy_fd,,,,both blank,18/18 business columns identical across helpdesk+legacy_fd pair; money unit differs by design (policy S9)
TK-243927,exact_migration_pair,high,helpdesk,,,legacy_fd,,,,both blank,18/18 business columns identical across helpdesk+legacy_fd pair; money unit differs by design (policy S9)
TK-243931,exact_migration_pair,high,helpdesk,6299.0,6299.0,legacy_fd,629900.0,6299.0,100.0,yes,18/18 business columns identical across helpdesk+legacy_fd pair; money unit differs by design (policy S9)
TK-243954,exact_migration_pair,high,helpdesk,,,legacy_fd,,,,both blank,18/18 business columns identical across helpdesk+legacy_fd pair; money unit differs by design (policy S9)
TK-243959,exact_migration_pair,high,helpdesk,,,legacy_fd,,,,both blank,18/18 business columns identical across helpdesk+legacy_fd pair; money unit differs by design (policy S9)
TK-243965,exact_migration_pair,high,helpdesk,2499.0,2499.0,legacy_fd,249900.0,2499.0,100.0,yes,18/18 business columns identical across helpdesk+legacy_fd pair; money unit differs by design (policy S9)
TK-243966,exact_migration_pair,high,helpdesk,,,legacy_fd,,,,both blank,18/18 business columns identical across helpdesk+legacy_fd pair; money unit differs by design (policy S9)
TK-243997,exact_migration_pair,high,helpdesk,,,legacy_fd,,,,both blank,18/18 business columns identical across helpdesk+legacy_fd pair; money unit differs by design (policy S9)
TK-244004,exact_migration_pair,high,helpdesk,,,legacy_fd,,,,both blank,18/18 business columns identical across helpdesk+legacy_fd pair; money unit differs by design (policy S9)
TK-244020,exact_migration_pair,high,helpdesk,,,legacy_fd,,,,both blank,18/18 business columns identical across helpdesk+legacy_fd pair; money unit differs by design (policy S9)
TK-244027,exact_migration_pair,high,helpdesk,,,legacy_fd,,,,both blank,18/18 business columns identical across helpdesk+legacy_fd pair; money unit differs by design (policy S9)
TK-244033,exact_migration_pair,high,helpdesk,,,legacy_fd,,,,both blank,18/18 business columns identical across helpdesk+legacy_fd pair; money unit differs by design (policy S9)
TK-244040,exact_migration_pair,high,helpdesk,6174.0,6174.0,legacy_fd,617400.0,6174.0,100.0,yes,18/18 business columns identical across helpdesk+legacy_fd pair; money unit differs by design (policy S9)
TK-244044,exact_migration_pair,high,helpdesk,,,legacy_fd,,,,both blank,18/18 business columns identical across helpdesk+legacy_fd pair; money unit differs by design (policy S9)
TK-244047,exact_migration_pair,high,helpdesk,,,legacy_fd,,,,both blank,18/18 business columns identical across helpdesk+legacy_fd pair; money unit differs by design (policy S9)
TK-244048,exact_migration_pair,high,helpdesk,,,legacy_fd,,,,both blank,18/18 business columns identical across helpdesk+legacy_fd pair; money unit differs by design (policy S9)
TK-244054,exact_migration_pair,high,helpdesk,5949.0,5949.0,legacy_fd,594900.0,5949.0,100.0,yes,18/18 business columns identical across helpdesk+legacy_fd pair; money unit differs by design (policy S9)
TK-244060,exact_migration_pair,high,helpdesk,,,legacy_fd,,,,both blank,18/18 business columns identical across helpdesk+legacy_fd pair; money unit differs by design (policy S9)
TK-244088,exact_migration_pair,high,helpdesk,,,legacy_fd,,,,both blank,18/18 business columns identical across helpdesk+legacy_fd pair; money unit differs by design (policy S9)
TK-244090,exact_migration_pair,high,helpdesk,,,legacy_fd,,,,both blank,18/18 business columns identical across helpdesk+legacy_fd pair; money unit differs by design (policy S9)
TK-244116,exact_migration_pair,high,helpdesk,120.0,120.0,legacy_fd,12000.0,120.0,100.0,yes,18/18 business columns identical across helpdesk+legacy_fd pair; money unit differs by design (policy S9)
TK-244124,exact_migration_pair,high,helpdesk,,,legacy_fd,,,,both blank,18/18 business columns identical across helpdesk+legacy_fd pair; money unit differs by design (policy S9)
TK-244125,exact_migration_pair,high,helpdesk,3499.0,3499.0,legacy_fd,349900.0,3499.0,100.0,yes,18/18 business columns identical across helpdesk+legacy_fd pair; money unit differs by design (policy S9)
TK-244132,exact_migration_pair,high,helpdesk,,,legacy_fd,,,,both blank,18/18 business columns identical across helpdesk+legacy_fd pair; money unit differs by design (policy S9)
TK-244137,exact_migration_pair,high,helpdesk,,,legacy_fd,,,,both blank,18/18 business columns identical across helpdesk+legacy_fd pair; money unit differs by design (policy S9)
TK-244145,exact_migration_pair,high,helpdesk,,,legacy_fd,,,,both blank,18/18 business columns identical across helpdesk+legacy_fd pair; money unit differs by design (policy S9)
TK-244162,exact_migration_pair,high,helpdesk,2249.0,2249.0,legacy_fd,224900.0,2249.0,100.0,yes,18/18 business columns identical across helpdesk+legacy_fd pair; money unit differs by design (policy S9)
TK-244175,exact_migration_pair,high,helpdesk,,,legacy_fd,,,,both blank,18/18 business columns identical across helpdesk+legacy_fd pair; money unit differs by design (policy S9)
TK-244176,exact_migration_pair,high,helpdesk,1080.0,1080.0,legacy_fd,108000.0,1080.0,100.0,yes,18/18 business columns identical across helpdesk+legacy_fd pair; money unit differs by design (policy S9)
TK-244187,exact_migration_pair,high,helpdesk,700.0,700.0,legacy_fd,70000.0,700.0,100.0,yes,18/18 business columns identical across helpdesk+legacy_fd pair; money unit differs by design (policy S9)
TK-244198,exact_migration_pair,high,helpdesk,,,legacy_fd,,,,both blank,18/18 business columns identical across helpdesk+legacy_fd pair; money unit differs by design (policy S9)
TK-244200,exact_migration_pair,high,helpdesk,,,legacy_fd,,,,both blank,18/18 business columns identical across helpdesk+legacy_fd pair; money unit differs by design (policy S9)
TK-244224,exact_migration_pair,high,helpdesk,2799.0,2799.0,legacy_fd,279900.0,2799.0,100.0,yes,18/18 business columns identical across helpdesk+legacy_fd pair; money unit differs by design (policy S9)
TK-244230,exact_migration_pair,high,helpdesk,,,legacy_fd,,,,both blank,18/18 business columns identical across helpdesk+legacy_fd pair; money unit differs by design (policy S9)
TK-244238,exact_migration_pair,high,helpdesk,,,legacy_fd,,,,both blank,18/18 business columns identical across helpdesk+legacy_fd pair; money unit differs by design (policy S9)
TK-244251,exact_migration_pair,high,helpdesk,,,legacy_fd,,,,both blank,18/18 business columns identical across helpdesk+legacy_fd pair; money unit differs by design (policy S9)
TK-244252,exact_migration_pair,high,helpdesk,,,legacy_fd,,,,both blank,18/18 business columns identical across helpdesk+legacy_fd pair; money unit differs by design (policy S9)
TK-244254,exact_migration_pair,high,helpdesk,,,legacy_fd,,,,both blank,18/18 business columns identical across helpdesk+legacy_fd pair; money unit differs by design (policy S9)
TK-244260,exact_migration_pair,high,helpdesk,,,legacy_fd,,,,both blank,18/18 business columns identical across helpdesk+legacy_fd pair; money unit differs by design (policy S9)
TK-244273,exact_migration_pair,high,helpdesk,2799.0,2799.0,legacy_fd,279900.0,2799.0,100.0,yes,18/18 business columns identical across helpdesk+legacy_fd pair; money unit differs by design (policy S9)
TK-244276,exact_migration_pair,high,helpdesk,2799.0,2799.0,legacy_fd,279900.0,2799.0,100.0,yes,18/18 business columns identical across helpdesk+legacy_fd pair; money unit differs by design (policy S9)
TK-244282,exact_migration_pair,high,helpdesk,,,legacy_fd,,,,both blank,18/18 business columns identical across helpdesk+legacy_fd pair; money unit differs by design (policy S9)
TK-244297,exact_migration_pair,high,helpdesk,,,legacy_fd,,,,both blank,18/18 business columns identical across helpdesk+legacy_fd pair; money unit differs by design (policy S9)
TK-244307,exact_migration_pair,high,helpdesk,,,legacy_fd,,,,both blank,18/18 business columns identical across helpdesk+legacy_fd pair; money unit differs by design (policy S9)
TK-244308,exact_migration_pair,high,helpdesk,,,legacy_fd,,,,both blank,18/18 business columns identical across helpdesk+legacy_fd pair; money unit differs by design (policy S9)
TK-244309,exact_migration_pair,high,helpdesk,,,legacy_fd,,,,both blank,18/18 business columns identical across helpdesk+legacy_fd pair; money unit differs by design (policy S9)
TK-244314,exact_migration_pair,high,helpdesk,,,legacy_fd,,,,both blank,18/18 business columns identical across helpdesk+legacy_fd pair; money unit differs by design (policy S9)
TK-244321,exact_migration_pair,high,helpdesk,,,legacy_fd,,,,both blank,18/18 business columns identical across helpdesk+legacy_fd pair; money unit differs by design (policy S9)
TK-244327,exact_migration_pair,high,helpdesk,,,legacy_fd,,,,both blank,18/18 business columns identical across helpdesk+legacy_fd pair; money unit differs by design (policy S9)
TK-244328,exact_migration_pair,high,helpdesk,,,legacy_fd,,,,both blank,18/18 business columns identical across helpdesk+legacy_fd pair; money unit differs by design (policy S9)
TK-244344,exact_migration_pair,high,helpdesk,,,legacy_fd,,,,both blank,18/18 business columns identical across helpdesk+legacy_fd pair; money unit differs by design (policy S9)
TK-244347,exact_migration_pair,high,helpdesk,420.0,420.0,legacy_fd,42000.0,420.0,100.0,yes,18/18 business columns identical across helpdesk+legacy_fd pair; money unit differs by design (policy S9)
TK-244354,exact_migration_pair,high,helpdesk,1999.0,1999.0,legacy_fd,199900.0,1999.0,100.0,yes,18/18 business columns identical across helpdesk+legacy_fd pair; money unit differs by design (policy S9)
TK-244391,exact_migration_pair,high,helpdesk,,,legacy_fd,,,,both blank,18/18 business columns identical across helpdesk+legacy_fd pair; money unit differs by design (policy S9)
TK-244395,exact_migration_pair,high,helpdesk,,,legacy_fd,,,,both blank,18/18 business columns identical across helpdesk+legacy_fd pair; money unit differs by design (policy S9)
TK-244398,exact_migration_pair,high,helpdesk,,,legacy_fd,,,,both blank,18/18 business columns identical across helpdesk+legacy_fd pair; money unit differs by design (policy S9)
TK-244407,exact_migration_pair,high,helpdesk,,,legacy_fd,,,,both blank,18/18 business columns identical across helpdesk+legacy_fd pair; money unit differs by design (policy S9)
TK-244412,exact_migration_pair,high,helpdesk,,,legacy_fd,,,,both blank,18/18 business columns identical across helpdesk+legacy_fd pair; money unit differs by design (policy S9)
TK-244425,exact_migration_pair,high,helpdesk,1250.0,1250.0,legacy_fd,125000.0,1250.0,100.0,yes,18/18 business columns identical across helpdesk+legacy_fd pair; money unit differs by design (policy S9)
TK-244427,exact_migration_pair,high,helpdesk,,,legacy_fd,,,,both blank,18/18 business columns identical across helpdesk+legacy_fd pair; money unit differs by design (policy S9)
TK-244433,exact_migration_pair,high,helpdesk,810.0,810.0,legacy_fd,81000.0,810.0,100.0,yes,18/18 business columns identical across helpdesk+legacy_fd pair; money unit differs by design (policy S9)
TK-244443,exact_migration_pair,high,helpdesk,,,legacy_fd,,,,both blank,18/18 business columns identical across helpdesk+legacy_fd pair; money unit differs by design (policy S9)
TK-244452,exact_migration_pair,high,helpdesk,,,legacy_fd,,,,both blank,18/18 business columns identical across helpdesk+legacy_fd pair; money unit differs by design (policy S9)
TK-244462,exact_migration_pair,high,helpdesk,,,legacy_fd,,,,both blank,18/18 business columns identical across helpdesk+legacy_fd pair; money unit differs by design (policy S9)
TK-244465,exact_migration_pair,high,helpdesk,,,legacy_fd,,,,both blank,18/18 business columns identical across helpdesk+legacy_fd pair; money unit differs by design (policy S9)
TK-244483,exact_migration_pair,high,helpdesk,,,legacy_fd,,,,both blank,18/18 business columns identical across helpdesk+legacy_fd pair; money unit differs by design (policy S9)
TK-244488,exact_migration_pair,high,helpdesk,,,legacy_fd,,,,both blank,18/18 business columns identical across helpdesk+legacy_fd pair; money unit differs by design (policy S9)
TK-244491,exact_migration_pair,high,helpdesk,,,legacy_fd,,,,both blank,18/18 business columns identical across helpdesk+legacy_fd pair; money unit differs by design (policy S9)
TK-244503,exact_migration_pair,high,helpdesk,,,legacy_fd,,,,both blank,18/18 business columns identical across helpdesk+legacy_fd pair; money unit differs by design (policy S9)
TK-244505,exact_migration_pair,high,helpdesk,,,legacy_fd,,,,both blank,18/18 business columns identical across helpdesk+legacy_fd pair; money unit differs by design (policy S9)
TK-244525,exact_migration_pair,high,helpdesk,,,legacy_fd,,,,both blank,18/18 business columns identical across helpdesk+legacy_fd pair; money unit differs by design (policy S9)
TK-244526,exact_migration_pair,high,helpdesk,,,legacy_fd,,,,both blank,18/18 business columns identical across helpdesk+legacy_fd pair; money unit differs by design (policy S9)
TK-244528,exact_migration_pair,high,helpdesk,1799.0,1799.0,legacy_fd,179900.0,1799.0,100.0,yes,18/18 business columns identical across helpdesk+legacy_fd pair; money unit differs by design (policy S9)
TK-244536,exact_migration_pair,high,helpdesk,,,legacy_fd,,,,both blank,18/18 business columns identical across helpdesk+legacy_fd pair; money unit differs by design (policy S9)
TK-244541,exact_migration_pair,high,helpdesk,,,legacy_fd,,,,both blank,18/18 business columns identical across helpdesk+legacy_fd pair; money unit differs by design (policy S9)
TK-244543,exact_migration_pair,high,helpdesk,,,legacy_fd,,,,both blank,18/18 business columns identical across helpdesk+legacy_fd pair; money unit differs by design (policy S9)
TK-244547,exact_migration_pair,high,helpdesk,,,legacy_fd,,,,both blank,18/18 business columns identical across helpdesk+legacy_fd pair; money unit differs by design (policy S9)
TK-244570,exact_migration_pair,high,helpdesk,3499.0,3499.0,legacy_fd,349900.0,3499.0,100.0,yes,18/18 business columns identical across helpdesk+legacy_fd pair; money unit differs by design (policy S9)
TK-244577,exact_migration_pair,high,helpdesk,,,legacy_fd,,,,both blank,18/18 business columns identical across helpdesk+legacy_fd pair; money unit differs by design (policy S9)
TK-244594,exact_migration_pair,high,helpdesk,,,legacy_fd,,,,both blank,18/18 business columns identical across helpdesk+legacy_fd pair; money unit differs by design (policy S9)
TK-244604,exact_migration_pair,high,helpdesk,,,legacy_fd,,,,both blank,18/18 business columns identical across helpdesk+legacy_fd pair; money unit differs by design (policy S9)
TK-244617,exact_migration_pair,high,helpdesk,,,legacy_fd,,,,both blank,18/18 business columns identical across helpdesk+legacy_fd pair; money unit differs by design (policy S9)
TK-244627,exact_migration_pair,high,helpdesk,,,legacy_fd,,,,both blank,18/18 business columns identical across helpdesk+legacy_fd pair; money unit differs by design (policy S9)
TK-244631,exact_migration_pair,high,helpdesk,,,legacy_fd,,,,both blank,18/18 business columns identical across helpdesk+legacy_fd pair; money unit differs by design (policy S9)
TK-244638,exact_migration_pair,high,helpdesk,,,legacy_fd,,,,both blank,18/18 business columns identical across helpdesk+legacy_fd pair; money unit differs by design (policy S9)
TK-244639,exact_migration_pair,high,helpdesk,617.0,617.0,legacy_fd,61700.0,617.0,100.0,yes,18/18 business columns identical across helpdesk+legacy_fd pair; money unit differs by design (policy S9)
TK-244647,exact_migration_pair,high,helpdesk,,,legacy_fd,,,,both blank,18/18 business columns identical across helpdesk+legacy_fd pair; money unit differs by design (policy S9)
TK-244648,exact_migration_pair,high,helpdesk,,,legacy_fd,,,,both blank,18/18 business columns identical across helpdesk+legacy_fd pair; money unit differs by design (policy S9)
TK-244655,exact_migration_pair,high,helpdesk,,,legacy_fd,,,,both blank,18/18 business columns identical across helpdesk+legacy_fd pair; money unit differs by design (policy S9)
TK-244656,exact_migration_pair,high,helpdesk,,,legacy_fd,,,,both blank,18/18 business columns identical across helpdesk+legacy_fd pair; money unit differs by design (policy S9)
TK-244673,exact_migration_pair,high,helpdesk,,,legacy_fd,,,,both blank,18/18 business columns identical across helpdesk+legacy_fd pair; money unit differs by design (policy S9)
TK-244677,exact_migration_pair,high,helpdesk,6999.0,6999.0,legacy_fd,699900.0,6999.0,100.0,yes,18/18 business columns identical across helpdesk+legacy_fd pair; money unit differs by design (policy S9)
TK-244694,exact_migration_pair,high,helpdesk,,,legacy_fd,,,,both blank,18/18 business columns identical across helpdesk+legacy_fd pair; money unit differs by design (policy S9)
TK-244701,exact_migration_pair,high,helpdesk,,,legacy_fd,,,,both blank,18/18 business columns identical across helpdesk+legacy_fd pair; money unit differs by design (policy S9)
TK-244716,exact_migration_pair,high,helpdesk,,,legacy_fd,,,,both blank,18/18 business columns identical across helpdesk+legacy_fd pair; money unit differs by design (policy S9)
TK-244717,exact_migration_pair,high,helpdesk,,,legacy_fd,,,,both blank,18/18 business columns identical across helpdesk+legacy_fd pair; money unit differs by design (policy S9)
TK-244723,exact_migration_pair,high,helpdesk,,,legacy_fd,,,,both blank,18/18 business columns identical across helpdesk+legacy_fd pair; money unit differs by design (policy S9)
TK-244731,exact_migration_pair,high,helpdesk,,,legacy_fd,,,,both blank,18/18 business columns identical across helpdesk+legacy_fd pair; money unit differs by design (policy S9)
TK-244741,exact_migration_pair,high,helpdesk,,,legacy_fd,,,,both blank,18/18 business columns identical across helpdesk+legacy_fd pair; money unit differs by design (policy S9)
TK-244743,exact_migration_pair,high,helpdesk,1300.0,1300.0,legacy_fd,130000.0,1300.0,100.0,yes,18/18 business columns identical across helpdesk+legacy_fd pair; money unit differs by design (policy S9)
TK-244750,exact_migration_pair,high,helpdesk,,,legacy_fd,,,,both blank,18/18 business columns identical across helpdesk+legacy_fd pair; money unit differs by design (policy S9)
TK-244760,exact_migration_pair,high,helpdesk,,,legacy_fd,,,,both blank,18/18 business columns identical across helpdesk+legacy_fd pair; money unit differs by design (policy S9)
TK-244763,exact_migration_pair,high,helpdesk,,,legacy_fd,,,,both blank,18/18 business columns identical across helpdesk+legacy_fd pair; money unit differs by design (policy S9)
TK-244770,exact_migration_pair,high,helpdesk,,,legacy_fd,,,,both blank,18/18 business columns identical across helpdesk+legacy_fd pair; money unit differs by design (policy S9)
TK-244772,exact_migration_pair,high,helpdesk,5948.0,5948.0,legacy_fd,594800.0,5948.0,100.0,yes,18/18 business columns identical across helpdesk+legacy_fd pair; money unit differs by design (policy S9)
TK-244781,exact_migration_pair,high,helpdesk,,,legacy_fd,,,,both blank,18/18 business columns identical across helpdesk+legacy_fd pair; money unit differs by design (policy S9)
TK-244793,exact_migration_pair,high,helpdesk,,,legacy_fd,,,,both blank,18/18 business columns identical across helpdesk+legacy_fd pair; money unit differs by design (policy S9)
TK-244796,exact_migration_pair,high,helpdesk,,,legacy_fd,,,,both blank,18/18 business columns identical across helpdesk+legacy_fd pair; money unit differs by design (policy S9)
TK-244798,exact_migration_pair,high,helpdesk,,,legacy_fd,,,,both blank,18/18 business columns identical across helpdesk+legacy_fd pair; money unit differs by design (policy S9)
TK-244814,exact_migration_pair,high,helpdesk,,,legacy_fd,,,,both blank,18/18 business columns identical across helpdesk+legacy_fd pair; money unit differs by design (policy S9)
TK-244816,exact_migration_pair,high,helpdesk,,,legacy_fd,,,,both blank,18/18 business columns identical across helpdesk+legacy_fd pair; money unit differs by design (policy S9)
TK-244825,exact_migration_pair,high,helpdesk,,,legacy_fd,,,,both blank,18/18 business columns identical across helpdesk+legacy_fd pair; money unit differs by design (policy S9)
TK-244830,exact_migration_pair,high,helpdesk,,,legacy_fd,,,,both blank,18/18 business columns identical across helpdesk+legacy_fd pair; money unit differs by design (policy S9)
TK-244832,exact_migration_pair,high,helpdesk,,,legacy_fd,,,,both blank,18/18 business columns identical across helpdesk+legacy_fd pair; money unit differs by design (policy S9)
TK-244840,exact_migration_pair,high,helpdesk,2974.0,2974.0,legacy_fd,297400.0,2974.0,100.0,yes,18/18 business columns identical across helpdesk+legacy_fd pair; money unit differs by design (policy S9)
