ticket_id,month,agent_id,agent_name,agent_team,reason_code,refund_amount_inr,replacement_conflict_source,replacement_text_quote,flag_evidence,flag_count,source_system,order_id,product_sku,customer_message,agent_notes
TK-241062,2025-03,A3018,Krishna Bhatt,Email Frontline,GW-OTHER,6999.0,flag+note,"... -> reset done, paired ok. -- Both refund and replacement given as cx threatened social...","policy S5: refund and replacement both issued (replacement_issued=Y) | policy S5: agent note states both a refund and a replacement were given | policy S5: GW-OTHER refund above the Rs 500 goodwill cap | amount converted from legacy paise (D-03, factor 100)",4,legacy_fd,VR890384,VA-HP-ST3,"hi team,
this is regarding my strata 3 headphones.  bluetooth pairing fails every time.
i restarted the phone. nothing changed.
i want a replacement.
thanks & regards, zoya","cx: pairing failure | checked phone os version -> reset done, paired ok. -- Both refund and replacement given as cx threatened social media. ~Krishna"
TK-243098,2025-07,A3039,Reyansh Mishra,Escalations & Warranty,GW-OTHER,2499.0,flag+note,"...t shipped under doa (sop 5.4) refund + rplc, cx escalation avoided. ~Reya...","policy S5: refund and replacement both issued (replacement_issued=Y) | policy S5: agent note states both a refund and a replacement were given | policy S5: GW-OTHER refund above the Rs 500 goodwill cap | amount converted from legacy paise (D-03, factor 100)",4,legacy_fd,VR899468,VA-EB-PL1,"Dear Sir/Madam,

I am writing with reference to my order of pulse 1 placed on 23/05. Claim number RMA55408, anyone alive there?. I have called sevrice centre. I request you to kindly arrange a replacement.

Regards,
Divya Das
Mysuru","warranty claim status | checked qc report -> new unit shipped under doa (sop 5.4) refund + rplc, cx escalation avoided. ~Reyansh"
TK-243210,2025-07,A3030,Aishwarya Trivedi,Logistics,GW-OTHER,2499.0,flag+note,"...initiated as lost in transit. Issued refund + replacement both, TL aware. //AIS","policy S5: refund and replacement both issued (replacement_issued=Y) | policy S5: agent note states both a refund and a replacement were given | policy S5: GW-OTHER refund above the Rs 500 goodwill cap | amount converted from legacy paise (D-03, factor 100)",4,legacy_fd,VR890279,VA-EB-PL1,I haven't received my order - VR890279 - can someone fix this?,"Ticket raised for ord not delivered. conf address w/ cx. rfnd initiated as lost in transit. Issued refund + replacement both, TL aware. //AIS"
TK-250701,2026-03,A3010,Tenzin Mathew,Chat Frontline,GW-OTHER,2249.0,flag+note,"...ing | xfer chat frontline. -- refund + rplc, cx escalation avoided. ~Tenz...",policy S5: refund and replacement both issued (replacement_issued=Y) | policy S5: agent note states both a refund and a replacement were given | policy S5: GW-OTHER refund above the Rs 500 goodwill cap | refund recorded on an open/pending ticket (D-10),4,helpdesk,VR899037,VA-EB-PL1,"hi team, pulse earbuds purchased recently, order vr899037.  only the right one lights up when i put them in the case. i did the reset from the manual. nothing changed. waiting for your reply. regards,","l bud no charge in case | asked cx to clean charing pins -> reset resolved, cx conf left bud charging | xfer chat frontline. -- refund + rplc, cx escalation avoided. ~Tenzin"
TK-240829,2025-03,A3030,Aishwarya Trivedi,Logistics,GW-OTHER,13998.0,flag_only,,"policy S5: refund and replacement both issued (replacement_issued=Y) | policy S5: GW-OTHER refund above the Rs 500 goodwill cap | amount converted from legacy paise (D-03, factor 100)",3,legacy_fd,VR884568,VA-HP-ST3,"dear sir/madam,

i am writing w/ reference to my order of my strata 3 headphones placed on 23/02. order not delivered, tracking not updating. i have called the courier. i request you to provide a resolution within 3 working days.

regards,
rajat trivedi",Reported: delivery delayed. Confirmed address w/ cx. Refund initiated as lost in transit. -- Amount returned to card; fresh unit shipped from BLR warehouse. //AIS
TK-243215,2025-07,A3027,Priya Agarwal,Logistics,GW-OTHER,12998.0,,,"policy S5: GW-OTHER refund above the Rs 500 goodwill cap | refund recorded on an open/pending ticket (D-10) | amount converted from legacy paise (D-03, factor 100)",3,legacy_fd,VR906031,VA-SW-NX2,"Product: my Nexa 2 watch
Order: VR906031
Purchased: 26/06
Issue: want to cancel my order
Tried: tried cancel button, greyed out
Expected: callback","1. Cancellation request
2. Cancelled befroe dispatch
3. Already shipped, advised RTO/return"
TK-242985,2025-06,A3017,Kabir Singh,Email Frontline,GW-OTHER,6999.0,flag_only,,"policy S5: refund and replacement both issued (replacement_issued=Y) | policy S5: GW-OTHER refund above the Rs 500 goodwill cap | amount converted from legacy paise (D-03, factor 100)",3,legacy_fd,VR901741,VA-HP-ST3,I bought Strata 3 on 08 Feb. Not pairing w/ my phone. I tried on another phone. Can someone fix this? Thnaks Manish,"cx reported device not discoverable. chk phone os version. adv fw update via app, rslvd.
rfnd done & new unit sent as one-time gesture. -KS"
TK-246170,2025-10,A3039,Reyansh Mishra,Escalations & Warranty,GW-OTHER,6999.0,flag+note,"sorted (sop 3.1) refund + rplc, cx escalation avoided. ~Reya...",policy S5: refund and replacement both issued (replacement_issued=Y) | policy S5: agent note states both a refund and a replacement were given | policy S5: GW-OTHER refund above the Rs 500 goodwill cap,3,helpdesk,VR901110,VA-HP-ST3,[IVR transcript] pairing is not working VR901110,"sorted (sop 3.1)
refund + rplc, cx escalation avoided. ~Reyansh"
TK-252010,2026-04,A3031,Zaid Desai,Logistics,GW-OTHER,6999.0,flag+note,"...d. Confirmed address with cx. refund + rplc, cx escalation avoided.",policy S5: refund and replacement both issued (replacement_issued=Y) | policy S5: agent note states both a refund and a replacement were given | policy S5: GW-OTHER refund above the Rs 500 goodwill cap,3,helpdesk,VR906674,VA-HP-ST3,"Hello Vireo, Ordered my Strata 3 headphones around Diwali. Order not delivered, tracking not updating. I checked with neighbours. What do I do now? Thanks in advance","Re-shipped from warehouse. Issue: order not delivered. Confirmed address with cx. refund + rplc, cx escalation avoided."
TK-243814,2025-08,A3007,Abhishek Gupta,Chat Frontline,GW-OTHER,6499.0,flag_only,,"policy S5: refund and replacement both issued (replacement_issued=Y) | policy S5: GW-OTHER refund above the Rs 500 goodwill cap | amount converted from legacy paise (D-03, factor 100)",3,legacy_fd,VR880419,VA-SW-NX2,"Got my Nexa 2 watch from vireo.in a month ago.  It connects for a second & then vanishes from the device list. I restarted the phone. Please advise. Please revert,","adv fw update via app, rslvd. | reversed the payment & dispatched a new one under rma."
TK-246844,2025-11,A3029,Rajat Mukherjee,Logistics,GW-OTHER,6499.0,flag+note,... vs delivered item photos. -- both refund and replacement given as cx threatened social...,policy S5: refund and replacement both issued (replacement_issued=Y) | policy S5: agent note states both a refund and a replacement were given | policy S5: GW-OTHER refund above the Rs 500 goodwill cap,3,helpdesk,VR900565,VA-SW-NX2,This is very disappointing.  Got Nexa 2 from Amazon around Diwali. opened the parcel and it is a completely different thing. I already rechecked my order. Fix this or I am posting on twitter.,refunded rs 6499. issue: incorrect product shipped. verified order vs delivered item photos. -- both refund and replacement given as cx threatened social media. -RM
TK-247969,2025-12,A3007,Abhishek Gupta,Chat Frontline,GW-OTHER,6499.0,flag+note,"reset done. issued rfnd + rplc both, tl aware.",policy S5: refund and replacement both issued (replacement_issued=Y) | policy S5: agent note states both a refund and a replacement were given | policy S5: GW-OTHER refund above the Rs 500 goodwill cap,3,helpdesk,VR907000,VA-SW-NX2,"product: nexa 2
order: vr907000
purchased: 28-10-2025
issue: not pairing with my phone
tried: restarted the phone
expected: resolution","reset done. issued rfnd + rplc both, tl aware."
TK-248519,2025-12,A3008,Meera Malhotra,Chat Frontline,GW-OTHER,6499.0,flag+note,"...as lost in transit. -- Issued rfnd + rplc both, TL aware. //MEE",policy S5: refund and replacement both issued (replacement_issued=Y) | policy S5: agent note states both a refund and a replacement were given | policy S5: GW-OTHER refund above the Rs 500 goodwill cap,3,helpdesk,VR888766,VA-SW-NX2,"dear sir/madam,

i am writing with reference to my order of nexa 2 placed on 19-12-2025. order not delivered, tracking not updating. i have called the courier. i request you to kindly arrange a replacement.

sincerely,
meera ghosh
jaipur","cx reached out - ord not delivered. chk AWB w/ courier. rfnd initiated as lost in transit. -- Issued rfnd + rplc both, TL aware. //MEE"
TK-240545,2025-02,A3030,Aishwarya Trivedi,Logistics,GW-OTHER,6299.0,flag_only,,"policy S5: refund and replacement both issued (replacement_issued=Y) | policy S5: GW-OTHER refund above the Rs 500 goodwill cap | amount converted from legacy paise (D-03, factor 100)",3,legacy_fd,VR881791,VA-HP-ST3,[IVR transcript] i ordered strata 3 and got something else. i want my money back,"Cust contacted re wrong variant received. Raised with warehouse. rplc dispatched. Credited full amount, new unit also going out tomorrow. //AIS"
TK-245256,2025-09,A3015,Sameer Jadhav,Chat Frontline,GW-OTHER,6174.0,flag+note,"... Checked RMA status. | Issued refund + rplc both, TL aware. [closed]",policy S5: refund and replacement both issued (replacement_issued=Y) | policy S5: agent note states both a refund and a replacement were given | policy S5: GW-OTHER refund above the Rs 500 goodwill cap,3,helpdesk,VR883861,VA-SW-NX2,"hey
what is the status of my warranty claim
kiindly do the needful","Repair completed, shipped back. Issue: wty claim status. Checked RMA status. | Issued refund + rplc both, TL aware. [closed]"
TK-242251,2025-05,A3018,Krishna Bhatt,Email Frontline,GW-OTHER,5699.0,,,"policy S5: GW-OTHER refund above the Rs 500 goodwill cap | refund recorded on an open/pending ticket (D-10) | amount converted from legacy paise (D-03, factor 100)",3,legacy_fd,VR901973,VA-SP-ORB,"Product: my Orbit
Order: VR901973
Purchased: 13 Nov
Issue: no power on the my Orbit
Tried: tried different socket
Expected: resolution",no power | asked cx to try different adaptor -> reset resolved ~Krishna
TK-240483,2025-02,A3025,Komal Malhotra,Voice Frontline,GW-OTHER,5599.0,flag_only,,"policy S5: refund and replacement both issued (replacement_issued=Y) | policy S5: GW-OTHER refund above the Rs 500 goodwill cap | amount converted from legacy paise (D-03, factor 100)",3,legacy_fd,VR906638,VA-HP-ST3,"team,
the promised 45 hours is nowhere close, i get maybe 2
please help karo
strata 3 VR906638
urgent",esc to wty. issue: rapid battery drain. adv disabling anc/aod to test. | both refund & replacement given as cx threatened social media. //KOM
TK-249195,2026-01,A3030,Aishwarya Trivedi,Logistics,GW-OTHER,5399.0,flag+note,... Replacement unit dispatched. Both refund and replacement given as cx threatened social...,policy S5: refund and replacement both issued (replacement_issued=Y) | policy S5: agent note states both a refund and a replacement were given | policy S5: GW-OTHER refund above the Rs 500 goodwill cap,3,helpdesk,VR890649,VA-SP-ORB,"the parcel looked like it was kicked here from the warehouse, and the unit has a crack - VR890649 - kindly look into it","Cx says transit damage. chk with courier for damage claim. Replacement unit dispatched.
Both refund and replacement given as cx threatened social media. //AIS"
TK-243792,2025-08,A3039,Reyansh Mishra,Escalations & Warranty,GW-OTHER,5199.0,flag+note,"...through hard reset. (sop 4.2) refund + rplc, cx escalation avoided. ~Reya...",policy S5: refund and replacement both issued (replacement_issued=Y) | policy S5: agent note states both a refund and a replacement were given | policy S5: GW-OTHER refund above the Rs 500 goodwill cap,3,helpdesk,VR906615,VA-SW-NX2,"Deaar Sir/Madam,

I am writing with reference to my order of Nexa 2 (VR906615) placed on June 29. Touch screen not responding. I have updated firmware. I request you to look into tis matter at teh earliest.

Sincerely,
Deepak Snadhu","escalated to warranty. issue: touch not responding. walked through hard reset. (sop 4.2)
refund + rplc, cx escalation avoided. ~Reyansh"
TK-251248,2026-03,A3005,Payal Bhatia,Chat Frontline,GW-OTHER,4999.0,flag+note,"...rsion. Reset done, paired ok. rfnd + rplc, cx escalation avoided.",policy S5: refund and replacement both issued (replacement_issued=Y) | policy S5: agent note states both a refund and a replacement were given | policy S5: GW-OTHER refund above the Rs 500 goodwill cap,3,helpdesk,VR888273,VA-SW-NX1,"Heello Vireo,
This is regarding Nexa watch. Cannot pair Nexa watch with my laptop.
I forgot the device and tried again.
Need thhis sorted this week.
Thanks","Cx says unable to pair with phone. chk phone OS version. Reset done, paired ok. rfnd + rplc, cx escalation avoided."
TK-240258,2025-01,A3006,Varun Bhatt,Chat Frontline,DOA-REPL,4249.0,flag+note,...ent. walked through reset. -- both refund and replacement given as cx threatened social...,"policy S5: refund and replacement both issued (replacement_issued=Y) | policy S5: agent note states both a refund and a replacement were given | amount converted from legacy paise (D-03, factor 100)",3,legacy_fd,VR908452,VA-HP-ST2,"Got my Strata 2 headphones from Amazon 10 days ago. Right earbud completely silent. I tried different phone. Nothing changed. Kindly look into it. Awaiting response,",replacement raised. issue: right side silent. walked through reset. -- both refund and replacement given as cx threatened social media. -VB
TK-241236,2025-03,A3032,Sneha Bansal,Billing,GW-OTHER,3500.0,,,"policy S5: GW-OTHER refund above the Rs 500 goodwill cap | refund recorded on an open/pending ticket (D-10) | amount converted from legacy paise (D-03, factor 100)",3,legacy_fd,VR906071,VA-HP-ST3,"Product: Strata 3
Purchased: March 09
Issue: you picked up the item 11 days ago and my money hasn't come back
Tried: checked bank
Expected: callback","rfnd of rs 3500 initiated to source. issue: rfnd not credited. checked reverse pickup qc status. offered replacement, cx preferred refund. refund processed. ~Sneha"
TK-244165,2025-08,A3005,Payal Bhatia,Chat Frontline,GW-OTHER,3499.0,,,"policy S5: GW-OTHER refund above the Rs 500 goodwill cap | refund recorded on an open/pending ticket (D-10) | amount converted from legacy paise (D-03, factor 100)",3,legacy_fd,VR899010,VA-EB-PL2,"product: the pulse 2 earbuds
purchased: 29 jul
issue: change of mind, please stop the shipment
tried: tried cancel button, greyed out
expected: resolution","Cust contacted re cancel order. Checked shipment status. Cancelled, refund initiated."
TK-244185,2025-08,A3036,Ritika D'Souza,Returns Desk,WTY-BUYBACK,3499.0,flag+note,"...urce. Will monitor. -- Issued rfnd + replacement both, TL aware.","policy S5: refund and replacement both issued (replacement_issued=Y) | policy S5: agent note states both a refund and a replacement were given | amount converted from legacy paise (D-03, factor 100)",3,legacy_fd,VR895804,VA-EB-PL2,"hi sir
the return was accepted but the amount is nowhere in my account
please jaldi
my pulse 2 VR895804","Customer reached out - rfnd delay. Checked rfnd status on PG. rfnd of Rs 3499 initiated to source. Will monitor. -- Issued rfnd + replacement both, TL aware."
TK-250974,2026-03,A3028,Sameer Kapoor,Logistics,GW-OTHER,3499.0,flag+note,"..., rma shared with cx. -- both rfnd and rplc given as cx threatened social...",policy S5: refund and replacement both issued (replacement_issued=Y) | policy S5: agent note states both a refund and a replacement were given | policy S5: GW-OTHER refund above the Rs 500 goodwill cap,3,helpdesk,VR900981,VA-EB-PL2,"BHAI
PACKAGE NOT DELIVERED EVEN AFTER 8 DAYS
THE PULSE 2 EARUBDS","cx says order not delivered. raised ticket with crr partner. replacement raised, rma shared with cx. -- both rfnd and rplc given as cx threatened social media."
TK-250977,2026-03,A3006,Varun Bhatt,Chat Frontline,GW-OTHER,3499.0,flag+note,"...ked balance settings with cx. issued refund + replacement both, tl aware. -VB",policy S5: refund and replacement both issued (replacement_issued=Y) | policy S5: agent note states both a refund and a replacement were given | policy S5: GW-OTHER refund above the Rs 500 goodwill cap,3,helpdesk,VR882817,VA-EB-PL2,"helo
no sound from the right earbud
hello??","reset resolved. issue: right side silent. checked balance settings with cx.
issued refund + replacement both, tl aware. -VB"
TK-243401,2025-07,A3032,Sneha Bansal,Billing,GW-OTHER,3324.0,,,"policy S5: GW-OTHER refund above the Rs 500 goodwill cap | refund recorded on an open/pending ticket (D-10) | amount converted from legacy paise (D-03, factor 100)",3,legacy_fd,VR891711,VA-EB-PL2,"Hi Vireo support,
I bought Pulse 2 on 15-07-2025.  I was charged twice for one order.
I waited a week.
Can someone fix this?
Awaiting response, Yash","1. double charge
2. confirmed utrs
3. rfnd of rs 3324 initiated to source"
TK-244392,2025-08,A3010,Tenzin Mathew,Chat Frontline,GW-OTHER,3149.0,flag_only,,"policy S5: refund and replacement both issued (replacement_issued=Y) | policy S5: GW-OTHER refund above the Rs 500 goodwill cap | amount converted from legacy paise (D-03, factor 100)",3,legacy_fd,VR898859,VA-EB-PL2,"hey, pulse 2 purchased last week, order vr898859. the charging case is not charging. i tried wireless charging pad. please resolve asap. please revert varun","re: charging case dead | confirmed case led daed -> rplc case raised.
Full refund issued and replacement dispatched as goodwill. ~Tenzin"
TK-254064,2026-06,A3001,Suresh Kaur,Chat Frontline,GW-OTHER,3149.0,flag+note,"...nitiaed as lost in transit. | refund + rplc, cx escalation avoided. ~Sure...",policy S5: refund and replacement both issued (replacement_issued=Y) | policy S5: agent note states both a refund and a replacement were given | policy S5: GW-OTHER refund above the Rs 500 goodwill cap,3,helpdesk,VR892779,VA-EB-PL2,"dear sir/madam, got my pulse 2 from vireo.in 2 weeks ago. paid on 02/06, still waiting for something to show up. i checked with neighbours. nothing changed. how do i get this fixed? please revert","cust contacted re shipment not received. raied ticket with courier partner. refund initiaed as lost in transit. | refund + rplc, cx escalation avoided. ~Suresh"
TK-253615,2026-06,A3011,Rohit Gill,Chat Frontline,GW-OTHER,2974.0,flag_only,,policy S5: refund and replacement both issued (replacement_issued=Y) | policy S5: GW-OTHER refund above the Rs 500 goodwill cap | refund recorded on an open/pending ticket (D-10),3,helpdesk,VR882229,VA-EB-PL2,"team,
no sound from the right earbud
bahut pareshan hu
the pulse 2 earbuds vr882229
hello??",see prv. Full rfnd issued & replacement dispatched as goodwill.
TK-249329,2026-01,A3004,Geeta Dutta,Chat Frontline,GW-OTHER,2799.0,flag+note,"cx ok. issued refund + replacement both, tl aware.",policy S5: refund and replacement both issued (replacement_issued=Y) | policy S5: agent note states both a refund and a replacement were given | policy S5: GW-OTHER refund above the Rs 500 goodwill cap,3,helpdesk,,VA-EB-PL2,"hi
tracking has sadi out for delivery for a week now","cx ok. issued refund + replacement both, tl aware."
TK-240028,2025-01,A3037,Manish Iyer,Returns Desk,GW-OTHER,2499.0,note_only,"cx ok. | issued refund + replacement both, tl aware. ~Manish","policy S5: agent note states both a refund and a replacement were given | policy S5: GW-OTHER refund above the Rs 500 goodwill cap | amount converted from legacy paise (D-03, factor 100)",3,legacy_fd,VR888855,VA-EB-PL1,Not acceptable at this price. Odrer VR888855 (pulse 1). nobody came for the pickup. I already called courier. This is the last time I buy from you.,"cx ok. | issued refund + replacement both, tl aware. ~Manish"
TK-240588,2025-02,A3027,Priya Agarwal,Logistics,GW-OTHER,2499.0,flag_only,,"policy S5: refund and replacement both issued (replacement_issued=Y) | policy S5: GW-OTHER refund above the Rs 500 goodwill cap | amount converted from legacy paise (D-03, factor 100)",3,legacy_fd,VR908181,VA-EB-PL1,Pathetic experience honestly. Got my Pulse from Flipkart around Diwali. package not delivered even after 12 days. I already checked with neighbours. Escalate this to someone senior.,"1. Shipment not rcvd
2. Raised ticket with courier partner
3. RTO conf, reshipped. -- Full rfnd issued & rplc dispatched as goodwill."
TK-241027,2025-03,A3020,Aadhya Singh,Email Frontline,DOA-REPL,2499.0,flag+note,"...et. esc to warranty. | issued rfnd + rplc both, tl aware.","policy S5: refund and replacement both issued (replacement_issued=Y) | policy S5: agent note states both a refund and a replacement were given | amount converted from legacy paise (D-03, factor 100)",3,legacy_fd,VR887397,VA-EB-PL1,left side has no audio at all,"cx states right side silent. walked through reset. esc to warranty. | issued rfnd + rplc both, tl aware."
TK-242332,2025-05,A3006,Varun Bhatt,Chat Frontline,GW-OTHER,2499.0,flag_only,,"policy S5: refund and replacement both issued (replacement_issued=Y) | policy S5: GW-OTHER refund above the Rs 500 goodwill cap | amount converted from legacy paise (D-03, factor 100)",3,legacy_fd,VR883844,VA-EB-PL1,"hii
no light comes on the case when i plug it in
help","1. case no led / no charge
2. confirmed case led dead
3. replacement case raised. -- refund done and new unit sent as one-time gesture. -VB"
TK-244317,2025-08,A3007,Abhishek Gupta,Chat Frontline,GW-OTHER,2499.0,,,"policy S5: GW-OTHER refund above the Rs 500 goodwill cap | refund recorded on an open/pending ticket (D-10) | amount converted from legacy paise (D-03, factor 100)",3,legacy_fd,VR893243,VA-EB-PL1,"helo
please cancel, ordered by mistake",closed
TK-244484,2025-09,A3028,Sameer Kapoor,Logistics,GW-OTHER,2499.0,,,"policy S5: GW-OTHER refund above the Rs 500 goodwill cap | refund recorded on an open/pending ticket (D-10) | amount converted from legacy paise (D-03, factor 100)",3,legacy_fd,VR882747,VA-EB-PL1,"Product: the Pulse buds
Order: VR882747
Purchased: August 20
Issue: received damaged product
Tried: refused nothing as I didn't notice til later
Expected: callback","full refund processed (2499). issue: unit rcvd damaged. photos rcvd, damage conf."
TK-247997,2025-12,A3025,Komal Malhotra,Voice Frontline,GW-OTHER,2499.0,flag+note,...o wifi. chk app version. both rfnd and rplc given as cx threatened social...,policy S5: refund and replacement both issued (replacement_issued=Y) | policy S5: agent note states both a refund and a replacement were given | policy S5: GW-OTHER refund above the Rs 500 goodwill cap,3,helpdesk,VR900421,VA-SP-MINI,"hello
the app finds the speaker and then gives up at the network step
kindly do the needful","2.4ghz worked, rslvd. issue: unable to connect to wifi. chk app version.
both rfnd and rplc given as cx threatened social media. //KOM"
TK-249172,2026-01,A3029,Rajat Mukherjee,Logistics,GW-OTHER,2499.0,flag+note,"...cket with courier partner. -- issued refund + replacement both, tl aware. -RM",policy S5: refund and replacement both issued (replacement_issued=Y) | policy S5: agent note states both a refund and a replacement were given | policy S5: GW-OTHER refund above the Rs 500 goodwill cap,3,helpdesk,,VA-EB-PL1,"hey
ordre status stck on shipped since 04-01-2026
my pulse","re-shipped from warehouse. issue: delivery delayed. raised ticket with courier partner. -- issued refund + replacement both, tl aware. -RM"
TK-241475,2025-04,A3028,Sameer Kapoor,Logistics,WTY-BUYBACK,2374.0,flag+note,"... rto confirmed, reshipped. -- refund + rplc, cx escalation avoided.","policy S5: refund and replacement both issued (replacement_issued=Y) | policy S5: agent note states both a refund and a replacement were given | amount converted from legacy paise (D-03, factor 100)",3,legacy_fd,VR883108,VA-EB-PL1,"order not delivered, tracking not updating
i want a replacement","ticket raised for ord not delivered. confirmed address w/ cx. rto confirmed, reshipped. -- refund + rplc, cx escalation avoided."
TK-241466,2025-04,A3022,Daniel Arora,Email Frontline,WTY-BUYBACK,2249.0,flag+note,"...aised for full set. (SOP 4.2) refund + rplc, cx escalation avoided.","policy S5: refund and replacement both issued (replacement_issued=Y) | policy S5: agent note states both a refund and a replacement were given | amount converted from legacy paise (D-03, factor 100)",3,legacy_fd,,VA-EB-PL1,"Hello Vireo, Bought Pulse earbuds around 27 Sep from vireo.in.  Right side works perfectly, left one just does not wake up. I removed and reinserted it 10 times. Please call me on my registered number. Please revert Rohit","Cx sayys left earbud not taking charge. Confirmed FW 1.4.1. Replacement raised for full set. (SOP 4.2)
refund + rplc, cx escalation avoided."
TK-241897,2025-04,A3018,Krishna Bhatt,Email Frontline,GW-OTHER,2249.0,flag_only,,"policy S5: refund and replacement both issued (replacement_issued=Y) | policy S5: GW-OTHER refund above the Rs 500 goodwill cap | amount converted from legacy paise (D-03, factor 100)",3,legacy_fd,VR906729,VA-EB-PL1,everyone on my calls says i sound likke i'm underwater - vr906729,mic issue | checked mic permissions on phone -> replacement unit dispatched. -- Refund done and new unit sent as one-time gesture. ~Krishna
TK-249755,2026-02,A3018,Krishna Bhatt,Email Frontline,GW-OTHER,2124.0,note_only,"...-> 2.4ghz worked, resolved. | Issued refund + replacement both, TL aware. ~Krishna",policy S5: agent note states both a refund and a replacement were given | policy S5: GW-OTHER refund above the Rs 500 goodwill cap | refund recorded on an open/pending ticket (D-10),3,helpdesk,VR904232,VA-SP-MINI,"wiffi setup fails at the last step, i want my money bcak","re: unable to connect to wifi | checked router band -> 2.4ghz worked, resolved. | Issued refund + replacement both, TL aware. ~Krishna"
TK-241575,2025-04,A3037,Manish Iyer,Returns Desk,GW-OTHER,1999.0,flag_only,,"policy S5: refund and replacement both issued (replacement_issued=Y) | policy S5: GW-OTHER refund above the Rs 500 goodwill cap | amount converted from legacy paise (D-03, factor 100)",3,legacy_fd,VR903628,VA-EB-PL1,"sir ji
nobody came for the pickup
10 days ago se
pulse 1 vr903628",rfnd processed without pickup as goodwill. issue: pickup not done. checked pickup awb. | rfnd done and new unit sent as one-time gesture. ~Manish
TK-246279,2025-10,A3014,Anjali D'Souza,Chat Frontline,GW-OTHER,1999.0,flag+note,"...sage pattern w/ cx. -- Issued rfnd + rplc both, TL aware. -AD",policy S5: refund and replacement both issued (replacement_issued=Y) | policy S5: agent note states both a refund and a replacement were given | policy S5: GW-OTHER refund above the Rs 500 goodwill cap,3,helpdesk,VR887516,VA-EB-PL1,"Hello, Got the Pulse buds from Amazon 3 weeks back. Battery draining even when not in use. I updated the app. NOTHING CHANGED. Pathetic experience honestly. Please advise. Awaiting response,","Escalated to warranty. Issue: battery draining fast. chk usage pattern w/ cx. -- Issued rfnd + rplc both, TL aware. -AD"
TK-253569,2026-05,A3036,Ritika D'Souza,Returns Desk,GW-OTHER,1999.0,flag+note,"...k. Will monitor. (SOP 3.1) -- refund + rplc, cx escalation avoided.",policy S5: refund and replacement both issued (replacement_issued=Y) | policy S5: agent note states both a refund and a replacement were given | policy S5: GW-OTHER refund above the Rs 500 goodwill cap,3,helpdesk,VR884091,VA-SW-FIT,"claim number RMA51604, anyone alive there?","Reported: warranty clami status. Checked RMA status. Transferred to Returns Desk. Repair completed, shipped back. Will monitor. (SOP 3.1) -- refund + rplc, cx escalation avoided."
TK-240320,2025-01,A3002,Steven Ansari,Chat Frontline,GW-OTHER,1799.0,note_only,"...dvised eq reset, resolved. -- refund + rplc, cx escalation avoided. [clos...","policy S5: agent note states both a refund and a replacement were given | policy S5: GW-OTHER refund above the Rs 500 goodwill cap | amount converted from legacy paise (D-03, factor 100)",3,legacy_fd,VR881385,VA-EB-AIR,"hey
there is a frying sound in the background of every song
the airlite buds
help","issue: crackling/distortion | checked fw -> advised eq reset, resolved. -- refund + rplc, cx escalation avoided. [closed]"
TK-244910,2025-09,A3003,Komal Singh,Chat Frontline,GW-OTHER,1799.0,flag+note,"...l, resolved on chat (SOP 2.7) Both refund and replacement given as cx threatened social...",policy S5: refund and replacement both issued (replacement_issued=Y) | policy S5: agent note states both a refund and a replacement were given | policy S5: GW-OTHER refund above the Rs 500 goodwill cap,3,helpdesk,VR898551,VA-EB-AIR,[IVR transcript] pairing is not working,"1. Device not discoverable
2. Asked cx to reset teh device
3. Re-pair successful, resolved on chat (SOP 2.7)
Both refund and replacement given as cx threatened social media. -KS"
TK-243402,2025-07,A3027,Priya Agarwal,Logistics,GW-OTHER,1709.0,flag_only,,"policy S5: refund and replacement both issued (replacement_issued=Y) | policy S5: GW-OTHER refund above the Rs 500 goodwill cap | amount converted from legacy paise (D-03, factor 100)",3,legacy_fd,VR884737,VA-EB-AIR,"[IVR transcript] NOT ACCEPTABLE AT THIS PRICE.  This is regarding AirLite. paid on 17/07, still waiting for something to show up. I already called the courier. Refund. Now.","1. ord not delivered
2. Raised ticket with couriier partner
3. Re-shipped from warehouse. Credited full amount, new unit also going out tomorrow."
TK-243408,2025-07,A3013,Rohit Nair,Chat Frontline,GW-OTHER,1709.0,note_only,"...ked through forget + re-pair. refund + rplc, cx escalation avoided. ~Rohi...","policy S5: agent note states both a refund and a replacement were given | policy S5: GW-OTHER refund above the Rs 500 goodwill cap | amount converted from legacy paise (D-03, factor 100)",3,legacy_fd,VR899714,VA-EB-AIR,"Hi there, Thsi is regarding AirLite. Bluetooth pairing fails every time. I want a replacement. Regards, Megha Pillai","re-pair successful, resovled on chat. issue: unable to pair with phone. walked through forget + re-pair. refund + rplc, cx escalation avoided. ~Rohit"
TK-244515,2025-09,A3015,Sameer Jadhav,Chat Frontline,GW-OTHER,1709.0,flag_only,,"policy S5: refund and replacement both issued (replacement_issued=Y) | policy S5: GW-OTHER refund above the Rs 500 goodwill cap | amount converted from legacy paise (D-03, factor 100)",3,legacy_fd,VR882896,VA-EB-AIR,"to the vireo customer care team,

i am writing with reference to my order of the airlite buds (vr882896) placed on 01-08-2025. the charging case is not charging. i have charged for 6 hours nothing. i request you to process a refund to my original payment method.

yours faithfully,
saanvi george
vadodara",rplc case raised. Issue: charging case dead. conf case LED dead. -- Amount returned to card; fresh unit shipped from BLR warehouse. [closed]
TK-240883,2025-03,A3027,Priya Agarwal,Logistics,DOA-REPL,1619.0,flag+note,"...itiated as lost in transit. | rfnd + rplc, cx escalation avoided.","policy S5: refund and replacement both issued (replacement_issued=Y) | policy S5: agent note states both a refund and a replacement were given | amount converted from legacy paise (D-03, factor 100)",3,legacy_fd,VR904030,VA-EB-AIR,"hello
the courier marked it delivered but nobdy in my house got anything
kindly do the needful","1. Delivery delayed
2. Raised ticket w/ courier partner
3. rfnd initiated as lost in transit. | rfnd + rplc, cx escalation avoided."
TK-243961,2025-08,A3017,Kabir Singh,Email Frontline,GW-OTHER,1619.0,flag_only,,"policy S5: refund and replacement both issued (replacement_issued=Y) | policy S5: GW-OTHER refund above the Rs 500 goodwill cap | amount converted from legacy paise (D-03, factor 100)",3,legacy_fd,VR885056,VA-EB-AIR,"Honestly regretting this purchase. Ordered AirLite 2 weeks ago. the L bud is basically a paperweight now, R is fine. I already tried another charger. I want a replacement or refund, nothing else.","ticket raised for left bud not charging. chk case led behaviour w/ cx. rplc approved, reverse pkp arranged. -- full rfnd issued & replacement dispatched as goodwill. -KS"
TK-242771,2025-06,A3036,Ritika D'Souza,Returns Desk,GW-OTHER,1529.0,flag_only,,"policy S5: refund and replacement both issued (replacement_issued=Y) | policy S5: GW-OTHER refund above the Rs 500 goodwill cap | amount converted from legacy paise (D-03, factor 100)",3,legacy_fd,VR880756,VA-EB-AIR,"[IVR transcript] i am losing patience. bought airlie around 11/05 from amazon. case does not charge, no light at all. i allready charged for 6 hours nothing. escalaate this to someone senior.","Customer states case not charging. Asked cx to try different cable + adaptor. xfer to Returns Desk. Replacement raised, RMA shared w/ cx. Will monitor.
Amount returned to card; fresh unit shipped from BLR warehouse."
TK-243993,2025-08,A3007,Abhishek Gupta,Chat Frontline,DOA-REPL,1439.0,flag+note,"closed. issued rfnd + rplc both, tl aware.","policy S5: refund and replacement both issued (replacement_issued=Y) | policy S5: agent note states both a refund and a replacement were given | amount converted from legacy paise (D-03, factor 100)",3,legacy_fd,VR908810,VA-EB-AIR,"namaste, bought airlite around 03/04 from vireo.in. buzzing sound from the speaker. waiting for your reply. thanks in advance rohan banerjee","closed.
issued rfnd + rplc both, tl aware."
TK-242965,2025-06,A3031,Zaid Desai,Logistics,GW-OTHER,1299.0,,,"policy S5: GW-OTHER refund above the Rs 500 goodwill cap | refund recorded on an open/pending ticket (D-10) | amount converted from legacy paise (D-03, factor 100)",3,legacy_fd,VR892307,VA-NB-ARC,"Really frustrating. Tihs is regarding Arc neckband. order not delivered, tracking not updating. I already checked with neighbours. Refund. Now.","1. Delivery delayed
2. Raised ticket with courier partner
3. Refund of Rs 1299 initiated to source"
TK-249761,2026-02,A3032,Sneha Bansal,Billing,GW-OTHER,1299.0,flag+note,"...3. arn shared with cx. issued refund + rplc both, tl aware. ~Sneha",policy S5: refund and replacement both issued (replacement_issued=Y) | policy S5: agent note states both a refund and a replacement were given | policy S5: GW-OTHER refund above the Rs 500 goodwill cap,3,helpdesk,VR882333,VA-AC-CASE,"Product: the charging case I ordered
Order: VR882333
Purchased: 29 Jan
Issue: refund was promised 7 days ago and nothing
Tried: emailed twice
Expected: fix","1. refund not credited
2. chk refund status on pg
3. arn shared with cx.
issued refund + rplc both, tl aware. ~Sneha"
TK-241775,2025-04,A3035,Dev Kulkarni,Billing,GW-OTHER,750.0,,,"policy S5: GW-OTHER refund above the Rs 500 goodwill cap | refund recorded on an open/pending ticket (D-10) | amount converted from legacy paise (D-03, factor 100)",3,legacy_fd,VR896668,VA-SP-MINI,"hi there, this is regarding orbit mini. refund not received yet. i emailed twice. nothing changed. what do i do now? thanks & regards vivaan mehta",Reported: rfnd pending. chk rfnd status on PG. rfnd reprocessed. Case closed with cx consent.
TK-245084,2025-09,A3038,Ankit Dhillon,Returns Desk,GW-OTHER,13998.0,,,policy S5: GW-OTHER refund above the Rs 500 goodwill cap | refund recorded on an open/pending ticket (D-10),2,helpdesk,VR908566,VA-HP-ST3,"Product: my Strata 3 headphones
Order: VR908566
Purchased: September 10
Issue: refund was promised 12 days ago and nothing
Tried: checked bank
Expected: fix","1. Refund not credited
2. chk refund status on PG
3. Refunded Rs 13998"
TK-240120,2025-01,A3036,Ritika D'Souza,Returns Desk,GW-OTHER,13298.0,,,"policy S5: GW-OTHER refund above the Rs 500 goodwill cap | amount converted from legacy paise (D-03, factor 100)",2,legacy_fd,VR908355,VA-HP-ST3,"Hi team, Ordered the strata 3 10 days ago. Refund not received yet. I checked bank. Please advise. Regards,",Customer sattes rfnd delay. chk reverse pkp QC status. rfnd of Rs 13298 initiated to source. Closing. (SOP 3.1)
TK-243157,2025-07,A3029,Rajat Mukherjee,Logistics,GW-OTHER,12998.0,,,"policy S5: GW-OTHER refund above the Rs 500 goodwill cap | amount converted from legacy paise (D-03, factor 100)",2,legacy_fd,VR906031,VA-SW-NX2,"Product: the Nexa 2
Order: VR906031
Purchased: June 26
Issue: it has been 8 days & I have nothing in hand
Tried: checked the tracking page daily
Expected: fix",re: delivery delayed | confirmed address with cx -> refund of rs 12998 initiated to source -RM
TK-250886,2026-03,A3041,Mohammed Mehta,Escalations & Warranty,GW-OTHER,12348.0,flag_only,,policy S5: refund and replacement both issued (replacement_issued=Y) | policy S5: GW-OTHER refund above the Rs 500 goodwill cap,2,helpdesk,VR900202,VA-SW-NX2,"watch strap broke within a month, i want a replacement","1. Strap pin issue
2. Asked for photo
3. Escalated to wty. | Sent a new unit and released the money as well, cx was in tears on call."
TK-240307,2025-01,A3023,Ritika Gaikwad,Voice Frontline,GW-OTHER,8998.0,,,"policy S5: GW-OTHER refund above the Rs 500 goodwill cap | amount converted from legacy paise (D-03, factor 100)",2,legacy_fd,VR889775,VA-HP-ST2,"[IVR transcript] I bought Strata 2 on 12 Jan. Want to cancel my order. I tried caancel button, greyed out. Neeed this sored tihs week. Regards, Payal Pereira",rfnd approved -RG
TK-241883,2025-04,A3026,Aadhya Deshpande,Voice Frontline,GW-OTHER,8998.0,,,"policy S5: GW-OTHER refund above the Rs 500 goodwill cap | amount converted from legacy paise (D-03, factor 100)",2,legacy_fd,VR904858,VA-SW-NX1,"[IVR transcript] Hello Vireo, Ordered the nexa smartwatch 10 days ago.  The promised 30 hours is nowhere close, I get maybe 2. Please resolve asap. Thanks,","re: battery draining fast | adv disabling anc/aod to test -> rfnd approved, rs 8998, 5-7 working days //AAD"
TK-242130,2025-05,A3030,Aishwarya Trivedi,Logistics,GW-OTHER,8998.0,,,"policy S5: GW-OTHER refund above the Rs 500 goodwill cap | amount converted from legacy paise (D-03, factor 100)",2,legacy_fd,VR903702,VA-HP-ST2,"hello vireo, i bought strata 2 on may 07. ordered black, got white, not wat i asked for. i rchecked my order. really frustrating. need this sorted this week. please revet zaid","Ticket raised for wrong item delivered. Raised with warehouse. rfnd issued, cx did not want replacement.
rfnd processed to source; replacement unit also shipped. //AIS"
TK-252703,2026-05,A3008,Meera Malhotra,Chat Frontline,GW-OTHER,7998.0,flag_only,,policy S5: refund and replacement both issued (replacement_issued=Y) | policy S5: GW-OTHER refund above the Rs 500 goodwill cap,2,helpdesk,VR888761,VA-HP-ST2,"static noise when playing music
vr888761
kindly look into it","adv EQ reset, rslvd. Issue: crackling/distortion. chk w/ different source. -- Reversed the payment & dispatched a new one under RMA. //MEE"
TK-240146,2025-01,A3037,Manish Iyer,Returns Desk,GW-OTHER,6999.0,,,"policy S5: GW-OTHER refund above the Rs 500 goodwill cap | amount converted from legacy paise (D-03, factor 100)",2,legacy_fd,VR880913,VA-HP-ST3,"hi there, i bought strata 3 on 04/01.  still waiting for my refund. i checked bank. kindly look into it.",rfnd of rs 6999 initiated to source. issue: rfnd delay. checked rfnd status on pg.
TK-240682,2025-02,A3012,Lakshmi Srivastava,Chat Frontline,GW-OTHER,6999.0,,,"policy S5: GW-OTHER refund above the Rs 500 goodwill cap | amount converted from legacy paise (D-03, factor 100)",2,legacy_fd,VR883621,VA-HP-ST3,"sir ji
ordered the wrong colour, don't ship it",customer states cancel order. cancelled before dispatch. full refund processed (6999).
TK-241845,2025-04,A3038,Ankit Dhillon,Returns Desk,GW-OTHER,6999.0,,,"policy S5: GW-OTHER refund above the Rs 500 goodwill cap | amount converted from legacy paise (D-03, factor 100)",2,legacy_fd,VR907010,VA-HP-ST3,"Dear Sir/Madam,

I am writing with reference to my order of Strata 3 (VR907010) placed on April 11. The app said pickup today, that was on April 11. I have rescheduled pickup twice. I request you to look into this matter at the earliest.

Yours faithfully,
Daniel Yadav
Kochi","1. pkp missed
2. Checked pkp AWB
3. Full refund processed (6999)"
TK-242055,2025-05,A3035,Dev Kulkarni,Billing,GW-OTHER,6999.0,,,"policy S5: GW-OTHER refund above the Rs 500 goodwill cap | amount converted from legacy paise (D-03, factor 100)",2,legacy_fd,VR905100,VA-HP-ST3,"Dear team, I buoght Strata 3 on 27-01-2025. The pairing light blinks but nothing ever shows up on my Realme. I tried on another phone. I want my money back. Thanks in advance,","Cust contacted re pairing failure. Checked phone OS version. xfer to Billing. Re-pair successful, rslvd on chat. Follow-up not required.
Both rfnd & rplc given as cx threatened social media."
TK-244677,2025-09,A3013,Rohit Nair,Chat Frontline,GW-OTHER,6999.0,flag_only,,policy S5: refund and replacement both issued (replacement_issued=Y) | policy S5: GW-OTHER refund above the Rs 500 goodwill cap,2,helpdesk,VR898778,VA-HP-ST3,"Pathetic experience honestly. Got my Strata 3 headphones from vireo.in last month. not pairing with my phone. I already tried on another phone. I want a replacement or refund, nothing else","cx: pairing failure | asked cx to reset the device -> reset done, paired ok. | credited full amount, new unit also going out tomorrow. ~Rohit"
TK-246139,2025-10,A3006,Varun Bhatt,Chat Frontline,GW-OTHER,6998.0,note_only,"...le. checked phone os version. issued refund + replacement both, tl aware. -VB",policy S5: agent note states both a refund and a replacement were given | policy S5: GW-OTHER refund above the Rs 500 goodwill cap,2,helpdesk,VR908977,VA-EB-PL2,"Hi there,
This is regarding the Pulse 2 earbuds. It connects for a second and then vanishes from the device list.
I restarted the phone.
Please help.
Rgds,","re-pair successful, resolved on chat. issue: device not discoverable. checked phone os version.
issued refund + replacement both, tl aware. -VB"
TK-240699,2025-02,A3030,Aishwarya Trivedi,Logistics,GW-OTHER,6649.0,,,"policy S5: GW-OTHER refund above the Rs 500 goodwill cap | amount converted from legacy paise (D-03, factor 100)",2,legacy_fd,VR895200,VA-HP-ST3,[IVR transcript] hey tracking has said out for delivery for a week now strata 3 VR895200,"Customer reached out - delivery delayed. Confirmed address with cx. RTO confirmed, reshipped. //AIS"
TK-241215,2025-03,A3035,Dev Kulkarni,Billing,GW-OTHER,6649.0,,,"policy S5: GW-OTHER refund above the Rs 500 goodwill cap | amount converted from legacy paise (D-03, factor 100)",2,legacy_fd,VR883029,VA-HP-ST3,"PRODUCT: THE STRATA 3
ORDER: VR883029
PURCHASED: 22 MAR
ISSUE: PAID VIA UPI, AMOUNT DEDUCTED, NO ORDER CONFIRMATION
TRIED: TRIED LOGGGING OUT & IN
EXPECTED: REPLACEMENT","cx states amount deducted without ord. chk PG dashboard for txn. rfnd approved, Rs 6649, 5-7 working days. Cx satisfied on chat."
TK-241220,2025-03,A3013,Rohit Nair,Chat Frontline,GW-OTHER,6649.0,,,"policy S5: GW-OTHER refund above the Rs 500 goodwill cap | amount converted from legacy paise (D-03, factor 100)",2,legacy_fd,VR883029,VA-HP-ST3,"Product: Strata 3
Order: VR883029
Purchased: 22-03-2025
Issue: I was charged twice for one order
Tried: waited a week
Expected: replacement",re: double charge | confirmde utrs -> refund of rs 6649 initiated to sorce ~Rohit
TK-251031,2026-03,A3014,Anjali D'Souza,Chat Frontline,GW-OTHER,6649.0,flag_only,,policy S5: refund and replacement both issued (replacement_issued=Y) | policy S5: GW-OTHER refund above the Rs 500 goodwill cap,2,helpdesk,VR902518,VA-HP-ST3,"sir ji
battery draining even when not in use
strata 3 VR902518
pls reply",Replacement raised after test. Issue: poor battery backup. Checked usage pattern w/ cx. | Reversed the payment & dispatched a new one under RMA. -AD
TK-241333,2025-04,A3002,Steven Ansari,Chat Frontline,GW-OTHER,6499.0,,,"policy S5: GW-OTHER refund above the Rs 500 goodwill cap | amount converted from legacy paise (D-03, factor 100)",2,legacy_fd,VR898360,VA-SW-NX2,"Not what I expected from Vireo. Got the Nexa 2 from vireo.in a month ago. want to cancel my order. I already tried cancel button, greyed out. I want a replacement or refund, nothng else.","re: cancel order | cancelled before dispatch -> refund approved, rs 6499, 5-7 working days (sop 4.2) [closed]"
TK-241857,2025-04,A3014,Anjali D'Souza,Chat Frontline,GW-OTHER,6499.0,,,"policy S5: GW-OTHER refund above the Rs 500 goodwill cap | amount converted from legacy paise (D-03, factor 100)",2,legacy_fd,VR881512,VA-SW-NX2,"hello, bought the nexa 2 around 21/04 from vireo.in. ordered the wrong colour, don't ship it. i tried cancel button, greyed out. need this sorted this week. awaiting response,",rfnd of Rs 6499 initiated to source. Issue: cancellation request. chk shipment status. -AD
TK-242223,2025-05,A3034,Tanvi Rathore,Billing,GW-OTHER,6499.0,,,"policy S5: GW-OTHER refund above the Rs 500 goodwill cap | amount converted from legacy paise (D-03, factor 100)",2,legacy_fd,VR901644,VA-SW-NX2,"paid via UPI, amount deducted, no order confirmation. please resolve asap",sorted (sop 3.1)
TK-242321,2025-05,A3028,Sameer Kapoor,Logistics,WTY-BUYBACK,6499.0,flag_only,,"policy S5: refund and replacement both issued (replacement_issued=Y) | amount converted from legacy paise (D-03, factor 100)",2,legacy_fd,VR880970,VA-SW-NX2,"the parcel looked like it was kicked here from the warehouse, and the unit has a crack
how do i get this fixed?","1. transit damage
2. photos rcvd, damage conf
3. rfnd initiated.
amount returned to card; fresh unit shipped from blr warehouse."
TK-243659,2025-07,A3034,Tanvi Rathore,Billing,GW-OTHER,6499.0,,,"policy S5: GW-OTHER refund above the Rs 500 goodwill cap | amount converted from legacy paise (D-03, factor 100)",2,legacy_fd,VR884765,VA-SW-NX2,[IVR transcript] payment went through but I got no order id wiating for your reply,cx ok (sop 5.4)
TK-243789,2025-08,A3039,Reyansh Mishra,Escalations & Warranty,GW-OTHER,6499.0,,,"policy S5: GW-OTHER refund above the Rs 500 goodwill cap | amount converted from legacy paise (D-03, factor 100)",2,legacy_fd,VR902850,VA-SW-NX2,"Product: Nexa 2
Order: VR902850
Purchased: 23-06-2025
Issue: strap pin came off
Tried: bought a third-party strap
Expected: fix",re: strap broken | checked warranty eligibility -> refund of rs 6499 initiated to source (sop 5.4) ~Reyansh
TK-244190,2025-08,A3030,Aishwarya Trivedi,Logistics,DOA-REPL,6499.0,flag_only,,"policy S5: refund and replacement both issued (replacement_issued=Y) | amount converted from legacy paise (D-03, factor 100)",2,legacy_fd,VR902737,VA-SW-NX2,"Hello Vireo, This is regarding the Nexa 2. Received damaged product. I refused nothing as I didn't notice till later. I have been a loyal customer and this is how you treat me. Need this sorted this week. Regards","Replacement approved, reverse pickup arranged. Issue: transit damage. Photos rcvd, damage confirmed. Processed FR & raised RMA for new set. //AIS"
TK-246126,2025-10,A3039,Reyansh Mishra,Escalations & Warranty,GW-OTHER,6499.0,note_only,"...ough hard reset. (sop 3.1) -- refund + rplc, cx escalation avoided. ~Reya...",policy S5: agent note states both a refund and a replacement were given | policy S5: GW-OTHER refund above the Rs 500 goodwill cap,2,helpdesk,VR899211,VA-SW-NX2,"touch screen not responding, VR899211","new unit shipped under doa. issue: unresponsive display. walked through hard reset. (sop 3.1) -- refund + rplc, cx escalation avoided. ~Reyansh"
TK-254172,2026-06,A3039,Reyansh Mishra,Escalations & Warranty,GW-OTHER,6499.0,flag_only,,policy S5: refund and replacement both issued (replacement_issued=Y) | policy S5: GW-OTHER refund above the Rs 500 goodwill cap,2,helpdesk,VR890959,VA-SW-NX2,"service centre took it, now silence","warranty claim status | followed up with service centre -> cx updated, eta shared (sop 3.1) -- amount returned to card; fresh unit shipped from blr warehouse. ~Reyansh"
TK-254449,2026-06,A3039,Reyansh Mishra,Escalations & Warranty,GW-OTHER,6499.0,note_only,"...ew unit shipped under doa. -- refund + rplc, cx escalation avoided. ~Reya...",policy S5: agent note states both a refund and a replacement were given | policy S5: GW-OTHER refund above the Rs 500 goodwill cap,2,helpdesk,VR897482,VA-SW-NX2,"hey
claim number rma36450, anyone alive there?
the nexa 2 VR897482
kindly do the needful","warranty claim status | checked rma status -> new unit shipped under doa. -- refund + rplc, cx escalation avoided. ~Reyansh"
TK-240650,2025-02,A3033,Vikram Banerjee,Billing,GW-OTHER,6299.0,,,"policy S5: GW-OTHER refund above the Rs 500 goodwill cap | amount converted from legacy paise (D-03, factor 100)",2,legacy_fd,VR889833,VA-HP-ST3,"Hi team, Got my Strata 3 headphones from vireo.in 3 weeks back.  I was charged twice for one order. I waited a week. How do I get this fixed?","1. charged twice
2. chk pg for duplicate txn
3. refund processed"
TK-240835,2025-03,A3015,Sameer Jadhav,Chat Frontline,GW-OTHER,6299.0,,,"policy S5: GW-OTHER refund above the Rs 500 goodwill cap | amount converted from legacy paise (D-03, factor 100)",2,legacy_fd,VR888358,VA-HP-ST3,payment went through but I got no order id. VR888358. what do i do now?,"Auto-refund conf within 5-7 days. Issue: payment debited, no order. chk PG dashboard for txn. [closed]"
TK-241711,2025-04,A3033,Vikram Banerjee,Billing,GW-OTHER,6299.0,,,"policy S5: GW-OTHER refund above the Rs 500 goodwill cap | amount converted from legacy paise (D-03, factor 100)",2,legacy_fd,VR895649,VA-HP-ST3,[IVR transcript] double payment deducted,"1. duplicate payment
2. checked pg for duplicate txn
3. full refund processed (6299)"
TK-245112,2025-09,A3026,Aadhya Deshpande,Voice Frontline,GW-OTHER,6299.0,note_only,"...> rto conf, reshipped. Issued refund + rplc both, TL aware. //AAD",policy S5: agent note states both a refund and a replacement were given | policy S5: GW-OTHER refund above the Rs 500 goodwill cap,2,helpdesk,,VA-HP-ST3,"hello ji
my order has not been delivered yet
kal se
the strata 3
??","issue: dlvry delayed | raised ticket w/ crr partner -> rto conf, reshipped. Issued refund + rplc both, TL aware. //AAD"
TK-247941,2025-12,A3002,Steven Ansari,Chat Frontline,GW-OTHER,6299.0,flag_only,,policy S5: refund and replacement both issued (replacement_issued=Y) | policy S5: GW-OTHER refund above the Rs 500 goodwill cap,2,helpdesk,VR905264,VA-HP-ST3,[IVR transcript] Ths is very disappointing. Bought my Strata 3 headphones aronud 17/09 from vireo.in. not pairing with my phone. I already tried on another phone. This is the last time I buy from you.,"cx: pairing failure | checked phone os version -> re-pair successful, resolved on chat. -- refund done and new unit sent as one-time gesture. [closed]"
TK-253997,2026-06,A3027,Priya Agarwal,Logistics,GW-OTHER,6299.0,flag_only,,policy S5: refund and replacement both issued (replacement_issued=Y) | policy S5: GW-OTHER refund above the Rs 500 goodwill cap,2,helpdesk,VR882872,VA-HP-ST3,order status stuck on shipped since 07-06-2026,Cx reported delivery delayed. conf address with cx. Refund initiated as lost in transit. Case closed with cx consent. Reversed the payment and dispatched a new one under RMA.
TK-252073,2026-04,A3001,Suresh Kaur,Chat Frontline,GW-OTHER,6298.0,,,policy S5: GW-OTHER refund above the Rs 500 goodwill cap | refund recorded on an open/pending ticket (D-10),2,helpdesk,VR888101,VA-EB-PL2,"hi, my pulse 2 purchased 3 weeks back, order vr888101. want to cancel my order. i tried cancel button, greyed out. nothing changed. please help. thank you,",cx reported cancellation request. cancelled before dispatch. refunded rs 6298. ~Suresh
TK-241686,2025-04,A3037,Manish Iyer,Returns Desk,GW-OTHER,6174.0,,,"policy S5: GW-OTHER refund above the Rs 500 goodwill cap | amount converted from legacy paise (D-03, factor 100)",2,legacy_fd,VR908439,VA-SW-NX2,"hello, nexa 2 purchased 3 weeks back, order vr908439. refund not received yet. i checked bank. nothing changed. kindly look into it. regards, vihaan bhatt",full refund processed (6174). issue: refund not credited. chk refund status on pg. ~Manish
TK-243392,2025-07,A3010,Tenzin Mathew,Chat Frontline,GW-OTHER,6174.0,,,"policy S5: GW-OTHER refund above the Rs 500 goodwill cap | amount converted from legacy paise (D-03, factor 100)",2,legacy_fd,VR901743,VA-SW-NX2,"want to cancel my order, VR901743",cx: ord cancellation | chk shipment sattus -> refunded rs 6174 ~Tenzin
TK-243395,2025-07,A3044,Arjun Kumar,Escalations & Warranty,GW-OTHER,6174.0,,,"policy S5: GW-OTHER refund above the Rs 500 goodwill cap | amount converted from legacy paise (D-03, factor 100)",2,legacy_fd,VR883780,VA-SW-NX2,"Order VR883780 (my Nexa 2 watch).  The little metal pin fell out and now it won't stay on my wrist.
I tried to fix pin. Nothing changed.
This is very disappointing.
How do I get this fixed?
Thanks in advance, Dev Varghese","1. Strap damage
2. Asked for photo
3. Replacement strap dispatched"
TK-244040,2025-08,A3037,Manish Iyer,Returns Desk,GW-OTHER,6174.0,flag_only,,policy S5: refund and replacement both issued (replacement_issued=Y) | policy S5: GW-OTHER refund above the Rs 500 goodwill cap,2,helpdesk,VR883861,VA-SW-NX2,"hii
the parcel looekd like it was kicked here from the warehouse, and the unit has a crack
kindly do the needful","rplc raised, rma shared with cx. issue: damaged in transit. photos received, damage confirmed.
money back to source & a fresh pair shipped. ~Manish"
TK-244844,2025-09,A3003,Komal Singh,Chat Frontline,GW-OTHER,6174.0,,,"policy S5: GW-OTHER refund above the Rs 500 goodwill cap | amount converted from legacy paise (D-03, factor 100)",2,legacy_fd,VR884919,VA-SW-NX2,"[IVR transcript] Pathetic experience honestly. Ordered my Nexa 2 watch 3 weeks back. cancel order VR884919. I ALREADY TRIED CANCEL BUTTON, GREYED OUT. I want a replacement or refund, nothing else.","1. Cancel order
2. Cancelled before dispatch
3. Refunded Rs 6174 (SOP 2.7) -KS"
TK-240444,2025-02,A3018,Krishna Bhatt,Email Frontline,WTY-BUYBACK,5999.0,flag_only,,"policy S5: refund and replacement both issued (replacement_issued=Y) | amount converted from legacy paise (D-03, factor 100)",2,legacy_fd,,VA-SP-ORB,it goes silent for a second every few minutes and comes back. please advise,issue: intermittent disconnects | checked interference sources -> replacement raised. -- Reversed the payment and dispatched a new one under RMA. ~Krishna
TK-241920,2025-05,A3036,Ritika D'Souza,Returns Desk,GW-OTHER,5999.0,,,"policy S5: GW-OTHER refund above the Rs 500 goodwill cap | amount converted from legacy paise (D-03, factor 100)",2,legacy_fd,,VA-SP-ORB,"Hi,
This is regarding Orbit speaker. Pickup scheduled but no one showed up.
I rescheduled pickup twice. Nothing changed.
Please advise.
Rgds Suresh Naidu","Refund approved, Rs 5999, 5-7 working days. Issue: pkp not done. Checked pkp AWB. (SOP 5.4)
Replacement declined by cx, refund issued instead."
TK-246036,2025-10,A3035,Dev Kulkarni,Billing,GW-OTHER,5999.0,,,policy S5: GW-OTHER refund above the Rs 500 goodwill cap | refund recorded on an open/pending ticket (D-10),2,helpdesk,VR886437,VA-SP-ORB,Really frustrating. Bought the Orbit smart speaker around October 16 from vireo.in. refund was promised 5 days ago and nothing. I already checked bank. Fix this or I am posting on twitter.,cx reached out - rfnd delay. chk reverse pkp QC status. rfnd of Rs 5999 initiated to source. Closing.
TK-241863,2025-04,A3029,Rajat Mukherjee,Logistics,GW-OTHER,5949.0,,,"policy S5: GW-OTHER refund above the Rs 500 goodwill cap | amount converted from legacy paise (D-03, factor 100)",2,legacy_fd,VR897162,VA-HP-ST3,"the app said pickup today, that was on 03-04-2025
vr897162","refund approved, rs 5949, 5-7 working days. issue: reverse pickup pending. re-raised pickup with courier. -RM"
TK-242418,2025-05,A3035,Dev Kulkarni,Billing,GW-OTHER,5949.0,,,"policy S5: GW-OTHER refund above the Rs 500 goodwill cap | amount converted from legacy paise (D-03, factor 100)",2,legacy_fd,VR903784,VA-HP-ST3,"[IVR transcript] coupon code not working, vr903784",cx states discount not applied. chk cart eligibility. Refunded Rs 5949. Cx informed.
TK-246876,2025-11,A3030,Aishwarya Trivedi,Logistics,GW-OTHER,5949.0,flag_only,,policy S5: refund and replacement both issued (replacement_issued=Y) | policy S5: GW-OTHER refund above the Rs 500 goodwill cap,2,helpdesk,VR901342,VA-HP-ST3,"namaste, got my strata 3 headphones from vireo.in a month ago. order not delivered, tracking not updating. i checked the tracking page daily. please help. thanks in advance,",Cx says ord not delivered. chk AWB with crr. Re-shipped from warehouse. | Full refund issued & replacement dispatched as goodwill. //AIS
TK-250471,2026-02,A3042,Swati Bhatia,Escalations & Warranty,GW-OTHER,5949.0,,,policy S5: GW-OTHER refund above the Rs 500 goodwill cap | refund recorded on an open/pending ticket (D-10),2,helpdesk,VR886378,VA-HP-ST3,"hii
service centre took it, now silence
pls reply",issue: warranty claim status | checked rma status -> rfnd of rs 5949 initiated to source
TK-244018,2025-08,A3037,Manish Iyer,Returns Desk,GW-OTHER,5948.0,,,"policy S5: GW-OTHER refund above the Rs 500 goodwill cap | amount converted from legacy paise (D-03, factor 100)",2,legacy_fd,VR904650,VA-EB-PL2,"DEAR SIR/MADAM,

I AM WRITING WITH REFERENCE TO MY ORDER OF PULSE 2 BUDS (VR904650) PLACED ON 22 JUL. Return pickup has not happened. I have called courier. I request you to process a refund to my original payment method.

Regards,
Komal Gaikwad","rfnd of rs 5948 initiated to source. issue: reverse pickup pending. re-raised pickup with courier. cx asked for rplc + refund, explained policy, refund only. ~Manish"
TK-241415,2025-04,A3036,Ritika D'Souza,Returns Desk,GW-OTHER,5849.0,,,"policy S5: GW-OTHER refund above the Rs 500 goodwill cap | amount converted from legacy paise (D-03, factor 100)",2,legacy_fd,VR899335,VA-SW-NX2,"I have been sitting at home for 3 days waiting for your courier, please advise",cx states pickup not done. Re-raised pickup w/ courier. Refunded Rs 5849. Will monitor.
TK-242510,2025-06,A3028,Sameer Kapoor,Logistics,GW-OTHER,5849.0,,,"policy S5: GW-OTHER refund above the Rs 500 goodwill cap | amount converted from legacy paise (D-03, factor 100)",2,legacy_fd,VR902827,VA-SW-NX2,"hi
order not delivered, tracking not updating
help","re: ord not delivered | checked awb with courier -> rfnd approved, rs 5849, 5-7 working dyas"
TK-242544,2025-06,A3036,Ritika D'Souza,Returns Desk,GW-OTHER,5849.0,,,"policy S5: GW-OTHER refund above the Rs 500 goodwill cap | amount converted from legacy paise (D-03, factor 100)",2,legacy_fd,VR890151,VA-SW-NX2,Really frustrating. Got Neax 2 from Amazon in May. still waiting for my refund. I already checkked bank. This is the last tiem I buy from you.,"1. rfnd not credited
2. Checked rfnd status on PG
3. ARN shared with cx (SOP 4.2)"
TK-241269,2025-03,A3035,Dev Kulkarni,Billing,DOA-REPL,5699.0,flag_only,,"policy S5: refund and replacement both issued (replacement_issued=Y) | amount converted from legacy paise (D-03, factor 100)",2,legacy_fd,VR892044,VA-SP-ORB,"Honestly regretting this purchase.  Bought the Orbit smart speaker around 28-02-2025 from vireo.in. still waiting for my refund. I already checked bank. I want a replacement or refund, nothing else.","Cx reported rfnd pending. Checked reverse pkp QC status. ARN shared w/ cx. Follow-up not required. | Refunded Rs 5699 & also raised rplc, cx was very upset."
TK-241788,2025-04,A3033,Vikram Banerjee,Billing,GW-OTHER,5699.0,,,"policy S5: GW-OTHER refund above the Rs 500 goodwill cap | amount converted from legacy paise (D-03, factor 100)",2,legacy_fd,VR903500,VA-SP-ORB,"the Orbit smart speaker purchasd last month, ordder VR903500. Refund was proimsed 13 days ago and nothing.
Pease call me on my registered number.
Thanks in advance Yash Dhillon","1. refund not credited
2. checked reverse pkp qc status
3. refund reprocessed. full refund issued and replacement dispatched as goodwill."
TK-240778,2025-02,A3040,Thomas Jadhav,Escalations & Warranty,DOA-REPL,5599.0,note_only,"...updated, eta shared (SOP 2.7) Both refund and replacement given as cx threatened social...","policy S5: agent note states both a refund and a replacement were given | amount converted from legacy paise (D-03, factor 100)",2,legacy_fd,VR904620,VA-HP-ST3,"dear team, order vr904620 (strata 3).  what is the status of my warranty claim. please resolve asap. please revert","issue: rma status query | followed up w/ service centre -> cx updated, eta shared (SOP 2.7)
Both refund and replacement given as cx threatened social media."
TK-241832,2025-04,A3035,Dev Kulkarni,Billing,GW-OTHER,5599.0,,,"policy S5: GW-OTHER refund above the Rs 500 goodwill cap | amount converted from legacy paise (D-03, factor 100)",2,legacy_fd,VR908126,VA-HP-ST3,double paymeent deducted. VR908126,cx ok
TK-243843,2025-08,A3038,Ankit Dhillon,Returns Desk,GW-OTHER,5599.0,,,"policy S5: GW-OTHER refund above the Rs 500 goodwill cap | amount converted from legacy paise (D-03, factor 100)",2,legacy_fd,VR899904,VA-HP-ST3,refund was promised 9 days ago and nothing. how do i get this fixed?,"1. Refund delay
2. chk reverse pkp QC status
3. Refund reprocessed"
TK-244095,2025-08,A3014,Anjali D'Souza,Chat Frontline,GW-OTHER,5599.0,,,"policy S5: GW-OTHER refund above the Rs 500 goodwill cap | amount converted from legacy paise (D-03, factor 100)",2,legacy_fd,VR894470,VA-HP-ST3,"Namaste, Bought the strata 3 aound 13-07-2025 from Amazon.  Microphone is very low on the the strata 3. I chekced mic permissions. Nothing changed. Please call me on my registered number. Regards","Permissions fixed, rslvd. Issue: low mic pkp. Tested on call w/ cx. -- Credited full amount, new unit also going out tomorrow. -AD"
TK-244843,2025-09,A3037,Manish Iyer,Returns Desk,GW-OTHER,5599.0,,,"policy S5: GW-OTHER refund above the Rs 500 goodwill cap | amount converted from legacy paise (D-03, factor 100)",2,legacy_fd,VR906961,VA-HP-ST3,the return was accepted but the amount is nowhere in my account - need this sorted this week,"rfnd of rs 5599 initiated to source. issue: rfnd not credited. checked rfnd status on pg. -- replacement declined by cx, rfnd issued instead. ~Manish"
TK-251410,2026-03,A3010,Tenzin Mathew,Chat Frontline,GW-OTHER,5599.0,flag_only,,policy S5: refund and replacement both issued (replacement_issued=Y) | policy S5: GW-OTHER refund above the Rs 500 goodwill cap,2,helpdesk,VR905910,VA-HP-ST3,"Hi there,
Ordered my Strata 3 headphones 10 days ago. Everything sounds like it is coming from one direction now.
I reset the buds. Nothing changed.
Please resolve asap.
Thanks & regards,",Customer reached out - lefft side silent. Checked balance settings w/ cx. Reset resolved. Cx informed. -- Payment reversed Rs 5599. New piece dispatched same day. ~Tenzin
TK-241755,2025-04,A3039,Reyansh Mishra,Escalations & Warranty,GW-OTHER,5524.0,,,"policy S5: GW-OTHER refund above the Rs 500 goodwill cap | amount converted from legacy paise (D-03, factor 100)",2,legacy_fd,VR897385,VA-SW-NX2,"dear sir/madam,

i am writing with reference to my order of nexa 2 placed on april 04.  the display just ignores my finger half the time. i have restarted. i request you to kindly arrange a replacement.

regards,
lobsang jain","issue: unresponsive display | asked for video -> replacement raised.
cx got the amount back, also sending a new set to keep him happy. ~Reyansh"
TK-250234,2026-02,A3038,Ankit Dhillon,Returns Desk,DOA-REPL,5524.0,flag+note,"...d, Rs 5524, 5-7 working days. Both refund and replacement given as cx threatened social...",policy S5: refund and replacement both issued (replacement_issued=Y) | policy S5: agent note states both a refund and a replacement were given,2,helpdesk,VR894534,VA-SW-NX2,"Hello, I bought Nexa 2 on 27-01-2026. You picked up the item 17 days ago and my money hasn't come back. I checked bank. Nothing changed. Need this sorted this week. Rgds, Shreya","1. Refund not credited
2. chk reverse pickup QC status
3. Refund approved, Rs 5524, 5-7 working days.
Both refund and replacement given as cx threatened social media."
TK-240980,2025-03,A3037,Manish Iyer,Returns Desk,GW-OTHER,5399.0,,,"policy S5: GW-OTHER refund above the Rs 500 goodwill cap | amount converted from legacy paise (D-03, factor 100)",2,legacy_fd,VR886903,VA-SP-ORB,"hello ji
refund not received yet
abhi tak kuch nahi hua","1. rfnd not credited
2. checked reverse pickup qc status
3. rfnd of rs 5399 initiated to source ~Manish"
TK-242020,2025-05,A3027,Priya Agarwal,Logistics,WTY-BUYBACK,5399.0,flag_only,,"policy S5: refund and replacement both issued (replacement_issued=Y) | amount converted from legacy paise (D-03, factor 100)",2,legacy_fd,VR895271,VA-SP-ORB,"Hi, I bought the Orbit smart speaker on May 02. Order status stuck on shipped since May 02. I checked the tracking page daily. Not what I expected from Vireo. Please help. Rgds","1. Shipment not received
2. Confirmed address w/ cx
3. Refund initiated as lost in transit. -- Refunded Rs 5399 and also raised replacement, cx was very upset."
TK-240834,2025-03,A3035,Dev Kulkarni,Billing,GW-OTHER,5199.0,,,"policy S5: GW-OTHER refund above the Rs 500 goodwill cap | amount converted from legacy paise (D-03, factor 100)",2,legacy_fd,VR883767,VA-SW-NX2,"I have been a loyal customer and this is how you treat me. I bought my Nexa 2 watch on 28 Feb. I was charged twice for one order. I already waited a week. I want a replacement or refund, nothing else.",Ticket raised for double charge. cofn UTRs. rffnd processed. Closing.
TK-240845,2025-03,A3032,Sneha Bansal,Billing,GW-OTHER,5199.0,,,"policy S5: GW-OTHER refund above the Rs 500 goodwill cap | amount converted from legacy paise (D-03, factor 100)",2,legacy_fd,VR883516,VA-SW-NX2,"hello
paid via upi, amount deducted, no order confirmation
urgent","1. payment debited, no ord
2. chk pg dashboard for txn
3. refunded rs 5199 ~Sneha"
TK-241342,2025-04,A3030,Aishwarya Trivedi,Logistics,GW-OTHER,5199.0,,,"policy S5: GW-OTHER refund above the Rs 500 goodwill cap | amount converted from legacy paise (D-03, factor 100)",2,legacy_fd,VR891246,VA-SW-NX2,my order has not been delivered yet,cx states shipment not rcvd. Raised ticket w/ courier partner. Refund of Rs 5199 initiated to source.
TK-244495,2025-09,A3038,Ankit Dhillon,Returns Desk,GW-OTHER,5199.0,,,"policy S5: GW-OTHER refund above the Rs 500 goodwill cap | amount converted from legacy paise (D-03, factor 100)",2,legacy_fd,VR898629,VA-SW-NX2,"very poor quality. got the nexa 2 form vireo.in 3 weeks back. change of mind, please stop the shipment. i already tried cancel button, greyed out. i want a replacement or refund, nothing else.","1. Cancel order
2. Checked shipment status
3. Transferred to Returns Desk
4. Refunded Rs 5199"
TK-244931,2025-09,A3037,Manish Iyer,Returns Desk,GW-OTHER,5199.0,,,policy S5: GW-OTHER refund above the Rs 500 goodwill cap | refund recorded on an open/pending ticket (D-10),2,helpdesk,VR895727,VA-SW-NX2,"Dear Sir/Madam,
I bought Nexa 2 on 11/09. My bank sohws the same amount twicce on the same day.
Please resolve asap.",rfnd of rs 5199 initiated to source. issue: double charge. chk pg for duplicate txn. via returns desk. ~Manish
TK-242277,2025-05,A3037,Manish Iyer,Returns Desk,GW-OTHER,4999.0,,,"policy S5: GW-OTHER refund above the Rs 500 goodwill cap | amount converted from legacy paise (D-03, factor 100)",2,legacy_fd,VR897046,VA-SW-NX1,"[IVR transcript] Dear Sir/Madam, Order VR897046 (Nexa watch). Refund not received yet. I emailed twice. How do I get this fixed? Thanks",refund reprocessed. issue: refund delay. chk reverse pkp qc status.
TK-243357,2025-07,A3030,Aishwarya Trivedi,Logistics,GW-OTHER,4999.0,,,"policy S5: GW-OTHER refund above the Rs 500 goodwill cap | amount converted from legacy paise (D-03, factor 100)",2,legacy_fd,VR889291,VA-SW-NX1,"Product: Nexa watch
Order: VR889291
Purchased: 13/07
Issue: cancel order VR889291
Tried: tried cancel button, greyed out
Expected: fix",Full refund processed (4999). Issue: order cancellation. Cancelled before dispatch. //AIS
TK-243738,2025-08,A3036,Ritika D'Souza,Returns Desk,GW-OTHER,4999.0,,,"policy S5: GW-OTHER refund above the Rs 500 goodwill cap | amount converted from legacy paise (D-03, factor 100)",2,legacy_fd,VR897206,VA-SW-NX1,"Hi,
This is regarding my Nexa. The parcel looked like it was kicked here from the warehouse, and the unit has a crack.
I took photos. Nothing changed.
Kindly look into it.","1. Transit damage
2. Checked witth courier for damage claim
3. Refund of Rs 4999 initiated to source (SOP 5.4) -- Replacement declined by cx, refund issued instead."
TK-244031,2025-08,A3036,Ritika D'Souza,Returns Desk,GW-OTHER,4999.0,,,"policy S5: GW-OTHER refund above the Rs 500 goodwill cap | amount converted from legacy paise (D-03, factor 100)",2,legacy_fd,VR882709,VA-HP-ST2,"product: strata 2
order: vr882709
purchased: july 14
issue: still waiting for my refund
tried: checked bank
expected: refund",Contact re reund pending. Checked reverse pickup QC status. Refund of Rs 4999 initiated to source. Cx satisfied on chat. (SOP 2.7)
TK-247621,2025-11,A3036,Ritika D'Souza,Returns Desk,GW-OTHER,4999.0,flag_only,,policy S5: refund and replacement both issued (replacement_issued=Y) | policy S5: GW-OTHER refund above the Rs 500 goodwill cap,2,helpdesk,VR894277,VA-HP-ST2,"to the vireo customer care team,

i am wriitng with reference to my order of strata 2 (vr894277) placed on 15 nov.  refund not received yet. i have checkde bank. i request you to process a refund to my original payment method.

regards,
amit pawar","Cx reported refund not credited. Checked reverse pickup QC status. Full refund processed (4999). Case colsed with cx consent.
Refunded Rs 4999 and also raised replacement, cx was very upset."
TK-240797,2025-03,A3013,Rohit Nair,Chat Frontline,WTY-BUYBACK,4749.0,note_only,"... checked awb with courier. -- issued refund + replacement both, tl aware. ~Rohit","policy S5: agent note states both a refund and a replacement were given | amount converted from legacy paise (D-03, factor 100)",2,legacy_fd,VR900312,VA-HP-ST2,Not acceptable at this price. This is regarding my Strata 2 headphones. orrder status stuck on shipped since February 17. I already checked the tracking page daily. This is the last time I buy from u.,"re-shipped from warehouse. issue: delivery delayed. checked awb with courier. -- issued refund + replacement both, tl aware. ~Rohit"
TK-243492,2025-07,A3028,Sameer Kapoor,Logistics,GW-OTHER,4749.0,,,"policy S5: GW-OTHER refund above the Rs 500 goodwill cap | amount converted from legacy paise (D-03, factor 100)",2,legacy_fd,VR892222,VA-SW-NX1,"hey
order status stuck on shipped since 10-07-2025
my nexa","shipment not rcvd | chk awb with crr -> rfnd initiated as lost in transit. -- refunded rs 4749 & also raised rplc, cx was very upset."
TK-243933,2025-08,A3034,Tanvi Rathore,Billing,GW-OTHER,4749.0,,,"policy S5: GW-OTHER refund above the Rs 500 goodwill cap | amount converted from legacy paise (D-03, factor 100)",2,legacy_fd,VR902798,VA-SW-NX1,"paid via UPI, amount deducted, no order confirmation
VR902798",as discussed (sop 4.2)
TK-253599,2026-05,A3039,Reyansh Mishra,Escalations & Warranty,GW-OTHER,4749.0,flag_only,,policy S5: refund and replacement both issued (replacement_issued=Y) | policy S5: GW-OTHER refund above the Rs 500 goodwill cap,2,helpdesk,VR889923,VA-SW-NX1,"hey
what is the status of my warranty claim
nexa watch VR889923
help","customer states warranty claim status. followed up with service centre. cx updated, eta shared. cx informed. (sop 5.4) -- credited full amount, new unit also going out tomorrow. ~Reyansh"
TK-240951,2025-03,A3034,Tanvi Rathore,Billing,GW-OTHER,4499.0,,,"policy S5: GW-OTHER refund above the Rs 500 goodwill cap | amount converted from legacy paise (D-03, factor 100)",2,legacy_fd,VR891930,VA-HP-ST2,"Namaste, Order VR891930 (Strata 2). Box was crushed and the Strata 2 is cracked. I refused nothing as I didn't notice till later. This is very disappointing. Please help. Thanks in advance, Amit",as discussed (sop 5.4)
TK-241315,2025-03,A3035,Dev Kulkarni,Billing,GW-OTHER,4499.0,,,"policy S5: GW-OTHER refund above the Rs 500 goodwill cap | amount converted from legacy paise (D-03, factor 100)",2,legacy_fd,VR896590,VA-SW-NX1,"Product: the nexa smartwatch
Purchased: 22 Mar
Issue: card charged two times
Tried: waited a week
Expected: callback",Cx says duplicate payment. conf UTRs. rfnd of Rs 4499 initiated to source. Case closed with cx consent.
TK-243212,2025-07,A3020,Aadhya Singh,Email Frontline,GW-OTHER,4499.0,,,"policy S5: GW-OTHER refund above the Rs 500 goodwill cap | amount converted from legacy paise (D-03, factor 100)",2,legacy_fd,VR896956,VA-HP-ST2,"hii
bluetooth keeps cutting out
urgent","cx states intermittent disconnects. chk interference sources. adv, cx will monitor. -- cx got the amount back, also sending a new set to keep him happy."
TK-243710,2025-07,A3010,Tenzin Mathew,Chat Frontline,DOA-REPL,4499.0,flag_only,,"policy S5: refund and replacement both issued (replacement_issued=Y) | amount converted from legacy paise (D-03, factor 100)",2,legacy_fd,VR896854,VA-HP-ST2,"hello vireo, i bought strata 2 on 12 aug. battery draining even when not in use. please resolve asap. please revert swati gupta","poor battery backup | chk usage pattern with cx -> escalated to wty. Credited full amount, new unit also going out tomorrow. ~Tenzin"
TK-248945,2026-01,A3009,Sukhwinder Singh,Chat Frontline,GW-OTHER,4249.0,note_only,...plc unit dispatched (SOP 3.1) Both refund and replacement given as cx threatened social...,policy S5: agent note states both a refund and a replacement were given | policy S5: GW-OTHER refund above the Rs 500 goodwill cap,2,helpdesk,VR906555,VA-SW-NX1,"hello
batetry backup is terrible now
nexa watch
urent","1. Rapid battery drain
2. chk usage pattern with cx
3. rplc unit dispatched (SOP 3.1) Both refund and replacement given as cx threatened social media. //SUK"
TK-245705,2025-10,A3002,Steven Ansari,Chat Frontline,GW-OTHER,4248.0,flag_only,,policy S5: refund and replacement both issued (replacement_issued=Y) | policy S5: GW-OTHER refund above the Rs 500 goodwill cap,2,helpdesk,VR880827,VA-EB-PL1,"HII
DISTORTED AUDIO AT HIGH VOLUME
PULSE EARBUDS VR880827","issue: crackling/distortion | checked fw -> fw update, cx to monitor. refund processed to source; replacement unit also shipped. [closed]"
TK-240026,2025-01,A3032,Sneha Bansal,Billing,GW-OTHER,3999.0,,,"policy S5: GW-OTHER refund above the Rs 500 goodwill cap | amount converted from legacy paise (D-03, factor 100)",2,legacy_fd,VR904622,VA-SW-NX1,"i bought the nexa smartwatch on december 21. ordered the wrong colour, don't ship it.
i tried cancel button, greyed out.
waiting for your reply.","1. cancellation request
2. cancelled before dispatch
3. rfnd of rs 3999 initiated to source ~Sneha"
TK-240262,2025-01,A3030,Aishwarya Trivedi,Logistics,GW-OTHER,3999.0,,,"policy S5: GW-OTHER refund above the Rs 500 goodwill cap | amount converted from legacy paise (D-03, factor 100)",2,legacy_fd,VR890611,VA-HP-ST2,"dear sir/madam,

i am writing with reference to my order of my strata 2 headphones (vr890611) placed on january 19.  opened the parcel and it is a completely different thing. i have checked the invoice. i request you to provide a resolution within 3 working days.

yours faithfully,
ramesh verma",Cx reported incorrect product shipped. Raised with warehouse. Refunded Rs 3999. //AIS
TK-242680,2025-06,A3020,Aadhya Singh,Email Frontline,GW-OTHER,3999.0,,,"policy S5: GW-OTHER refund above the Rs 500 goodwill cap | amount converted from legacy paise (D-03, factor 100)",2,legacy_fd,VR909147,VA-HP-ST2,i was charged twice for one order. vr909147,reported: double charge. chk pg for duplicate txn. xfer to email frontline. refunded rs 3999.
TK-246466,2025-10,A3033,Vikram Banerjee,Billing,GW-OTHER,3999.0,note_only,...ssed without pkp as goodwill. both refund and replacement given as cx threatened social...,policy S5: agent note states both a refund and a replacement were given | policy S5: GW-OTHER refund above the Rs 500 goodwill cap,2,helpdesk,VR908959,VA-HP-ST2,nobody came for the picukp - vr908959 - i watn a replacement,"1. pkp not done
2. checked pkp awb
3. transferred to billing
4. rfnd processed without pkp as goodwill. both refund and replacement given as cx threatened social media."
TK-246895,2025-11,A3030,Aishwarya Trivedi,Logistics,WTY-BUYBACK,3999.0,flag_only,,policy S5: refund and replacement both issued (replacement_issued=Y) | refund recorded on an open/pending ticket (D-10),2,helpdesk,VR900909,VA-HP-ST2,[IVR transcript] this is very disappointing.  got strata 2 from vireo.in 10 days ago. i haven't received my order. i already called the courier. fix this or i am posting on twitter.,Customer states delivery delayed. Confirmed address with cx. Re-shipped from warehouse. -- rfnd done & new unit sent as one-time gesture. //AIS
TK-241735,2025-04,A3034,Tanvi Rathore,Billing,GW-OTHER,3998.0,,,"policy S5: GW-OTHER refund above the Rs 500 goodwill cap | amount converted from legacy paise (D-03, factor 100)",2,legacy_fd,VR880634,VA-SW-FIT,"helo
where is the money for the return",cx ok (sop 5.4)
TK-241806,2025-04,A3016,Thomas Kumar,Email Frontline,DOA-REPL,3598.0,flag_only,,"policy S5: refund and replacement both issued (replacement_issued=Y) | amount converted from legacy paise (D-03, factor 100)",2,legacy_fd,VR888266,VA-EB-AIR,"hey
not pairing with my phone
the airlite buds VR888266
??","Cx reported pairing failure. Asked cx to reset the device. Re-pair successful, resolved on chat.
Amount returned to card; fresh unit shipped from BLR warehouse. -TK"
TK-243565,2025-07,A3022,Daniel Arora,Email Frontline,GW-OTHER,3499.0,,,"policy S5: GW-OTHER refund above the Rs 500 goodwill cap | amount converted from legacy paise (D-03, factor 100)",2,legacy_fd,VR889715,VA-EB-PL2,"hii
payment was deducted but no order was created
pls reply",full rfnd processed (3499)
TK-243784,2025-08,A3017,Kabir Singh,Email Frontline,GW-OTHER,3499.0,,,"policy S5: GW-OTHER refund above the Rs 500 goodwill cap | amount converted from legacy paise (D-03, factor 100)",2,legacy_fd,VR891533,VA-EB-PL2,"I have been a loyal customer and this is how you treat me. This is regarding Pulse 2. two entries of Rs 4999 on my statement for one pair of earbuds. I already checked with bank. I want a replacement or refund, nothing else.",ticket raised for duplicate payment. conf utrs. xfer to email frontline. refunded rs 3499. -KS
TK-244151,2025-08,A3007,Abhishek Gupta,Chat Frontline,GW-OTHER,3499.0,,,"policy S5: GW-OTHER refund above the Rs 500 goodwill cap | amount converted from legacy paise (D-03, factor 100)",2,legacy_fd,VR909432,VA-EB-PL2,"Very poor quality.  my Pulse 2 purchased 2 weeks ago, order VR909432. still waiting for my refund. I already checked bank. I want a replacement or refund, nothing else.","see prev.
offered rplc, cx preferred rfnd. rfnd processed."
TK-244220,2025-08,A3037,Manish Iyer,Returns Desk,GW-OTHER,3499.0,,,"policy S5: GW-OTHER refund above the Rs 500 goodwill cap | amount converted from legacy paise (D-03, factor 100)",2,legacy_fd,VR897002,VA-EB-PL2,"Dear Sir/Madam,

I am writing with reference to my order of Pulse 2 (VR897002) placed on 30-07-2025.  You picked up the item 20 days ago and my money hasn't come back. I have emailed twice. I request you to kindly arrange a replacement.

Sincerely,
Kabir Gill
Nagpur",ticket raised for rfnd pending. checked rfnd status on pg. rfnd confirmed credited. case closed w/ cx consent. ~Manish
TK-244228,2025-08,A3039,Reyansh Mishra,Escalations & Warranty,GW-OTHER,3499.0,,,"policy S5: GW-OTHER refund above the Rs 500 goodwill cap | amount converted from legacy paise (D-03, factor 100)",2,legacy_fd,VR907304,VA-EB-PL2,very poor quality. i bought the pulse 2 earbuds on july 23. no update on my repair. i already called service centre. this is the last time i buy from you.,"repair status follow-up | checked rma status -> replacement approved and dispatched.
amount returned to card; fresh unit shipped from blr warehouse. ~Reyansh"
TK-244333,2025-08,A3036,Ritika D'Souza,Returns Desk,GW-OTHER,3499.0,,,"policy S5: GW-OTHER refund above the Rs 500 goodwill cap | amount converted from legacy paise (D-03, factor 100)",2,legacy_fd,VR888191,VA-EB-PL2,"Product: the Pulse 2 earbuds
Order: VR888191
Purchased: August 18
Issue: refund was promised 14 dasy ago and nothng
Tried: emailed twice
Expected: resolution","1. Refund delay
2. chk reverse pickup QC status
3. Refund of Rs 3499 initiated to source (SOP 5.4)"
TK-244824,2025-09,A3038,Ankit Dhillon,Returns Desk,GW-OTHER,3499.0,,,"policy S5: GW-OTHER refund above the Rs 500 goodwill cap | amount converted from legacy paise (D-03, factor 100)",2,legacy_fd,,VA-EB-PL2,"To the Vireo Customer Care Team,

I am writing w/ reference to my order of Pulse 2 placed on 02-09-2025. The return was accepted but the amount is nowhere in my account. I have emailed twice. I request u to provide a resolution within 3 working days.

Regards,
Kabir George","1. rfnd not credited
2. Checked rfnd status on PG
3. Refunded Rs 3499"
TK-245289,2025-09,A3039,Reyansh Mishra,Escalations & Warranty,GW-OTHER,3499.0,flag_only,,policy S5: refund and replacement both issued (replacement_issued=Y) | policy S5: GW-OTHER refund above the Rs 500 goodwill cap,2,helpdesk,VR896702,VA-EB-PL2,"hi, i bought pulse 2 buds on 24 aug.  app shows the left at 0 percent no matter how long its in the case. i removed and reinserted it 10 times. nothing changed. please call me on my registered number.","issue: left earbud not taking charge | asked for photo of the bud contacts -> replacement raised for the bud | xfer escalations & warranty (sop 3.1) -- credited full amount, new unit also going out tomorrow. ~Reyansh"
TK-246171,2025-10,A3030,Aishwarya Trivedi,Logistics,GW-OTHER,3499.0,flag_only,,policy S5: refund and replacement both issued (replacement_issued=Y) | policy S5: GW-OTHER refund above the Rs 500 goodwill cap,2,helpdesk,VR887053,VA-EB-PL2,"very poro quality. bought pulse 2 around 22/10 from flipkart. received the wrong item. i already checked the invoice. i want a replacement or refund, nothing else.",Cust contacted re wrong variant rcvd. Verified order vs delivered item photos. Replacement unit dispatched. Payment reversed Rs 3499. New piece dispatched same day. //AIS
TK-246585,2025-11,A3018,Krishna Bhatt,Email Frontline,GW-OTHER,3499.0,,,policy S5: GW-OTHER refund above the Rs 500 goodwill cap | refund recorded on an open/pending ticket (D-10),2,helpdesk,VR905367,VA-EB-PL2,"ordered the wrong colour, don't ship it - please call me on my registered number",cx: order cancellation | cancelled before dispatch -> full refund processed (3499) ~Krishna
TK-247961,2025-12,A3037,Manish Iyer,Returns Desk,GW-OTHER,3499.0,flag_only,,policy S5: refund and replacement both issued (replacement_issued=Y) | policy S5: GW-OTHER refund above the Rs 500 goodwill cap,2,helpdesk,VR899407,VA-EB-PL2,"bhai
nobody came for teh pickup
the pulse 2 earbuds
kindly do the needful",pickup rescheduled for 09 dec. issue: reverse pickup pending. checked pickup awb. | refund done and new unit sent as one-time gesture. ~Manish
TK-248082,2025-12,A3022,Daniel Arora,Email Frontline,GW-OTHER,3499.0,flag_only,,policy S5: refund and replacement both issued (replacement_issued=Y) | policy S5: GW-OTHER refund above the Rs 500 goodwill cap,2,helpdesk,VR886568,VA-EB-PL2,"Dear team, Pulse2 purchased last month, order VR886568. The L bud is basically a paperweight now, R is fine. I tried another charger. Not acceptable at this price. How do I get this fixed? Awaitnig response","Cx says left earbud not taking charge. Tested w/ cx on call. Reset rslvd, cx confirmed left bud charging. (SOP 3.1) | Processed FR and raised RMA for new set."
TK-248974,2026-01,A3003,Komal Singh,Chat Frontline,WTY-BUYBACK,3499.0,flag+note,"...ed, cx will monitor (SOP 5.4) Issued refund + replacement both, TL aware. -KS",policy S5: refund and replacement both issued (replacement_issued=Y) | policy S5: agent note states both a refund and a replacement were given,2,helpdesk,VR904464,VA-EB-PL2,"hi
random disconnects during calls
help","1. Intermittent disconnects
2. Checked FW 2.5.6
3. Advised, cx will monitor (SOP 5.4) Issued refund + replacement both, TL aware. -KS"
TK-249353,2026-01,A3018,Krishna Bhatt,Email Frontline,GW-OTHER,3499.0,flag_only,,policy S5: refund and replacement both issued (replacement_issued=Y) | policy S5: GW-OTHER refund above the Rs 500 goodwill cap,2,helpdesk,VR881902,VA-EB-PL2,"Product: Pulse 2
Order: VR881902
Purchased: October 23
Issue: buzzing sound from the speaker
Tried: tied different apps
Expected: resolution","crackling/distortion | asked for a recording -> replacement raised, rma shared with cx.
Cx got the amount back, also sending a new set to keep him happy. ~Krishna"
TK-249730,2026-02,A3002,Steven Ansari,Chat Frontline,GW-OTHER,3499.0,note_only,"...asked cx to reset the device. issued refund + replacement both, tl aware. [closed]",policy S5: agent note states both a refund and a replacement were given | policy S5: GW-OTHER refund above the Rs 500 goodwill cap,2,helpdesk,VR891984,VA-EB-PL2,Got Pulse 2 fom vireo.in a month ago. The pairing light blinks but nothing ever shows up on my Vivo. I forgot the device & tried again. Nothing changed. Please help.,"reset done, paired ok. issue: device not discoverable. asked cx to reset the device. issued refund + replacement both, tl aware. [closed]"
TK-251146,2026-03,A3026,Aadhya Deshpande,Voice Frontline,GW-OTHER,3499.0,note_only,"...on call w/ cx -> rplc raised. rfnd + rplc, cx escalation avoided. //AAD",policy S5: agent note states both a refund and a replacement were given | policy S5: GW-OTHER refund above the Rs 500 goodwill cap,2,helpdesk,VR899541,VA-EB-PL2,"Hi team, Bought pulse 2 buds around 21 Feb from Amazon. People cannot hear me on calls. I want my money back. Rgds","cx: mic not working on calls | tested on call w/ cx -> rplc raised. rfnd + rplc, cx escalation avoided. //AAD"
TK-251655,2026-03,A3030,Aishwarya Trivedi,Logistics,WTY-BUYBACK,3499.0,flag+note,"see prev. -- Issued rfnd + replacement both, TL aware. //AIS",policy S5: refund and replacement both issued (replacement_issued=Y) | policy S5: agent note states both a refund and a replacement were given,2,helpdesk,VR893480,VA-EB-PL2,"hey
package not delivered even atfer 6 days
pulse 2
hello??","see prev. -- Issued rfnd + replacement both, TL aware. //AIS"
TK-251706,2026-03,A3004,Geeta Dutta,Chat Frontline,GW-OTHER,3499.0,flag_only,,policy S5: refund and replacement both issued (replacement_issued=Y) | policy S5: GW-OTHER refund above the Rs 500 goodwill cap,2,helpdesk,VR908740,VA-EB-PL2,"teh Pulse 2 earbuuds purchased 3 weeks back, order VR908740. Keeps losing my phone if I walk to the other room.
I turned off wifi. Nothing changed.
Please help.",sorted. | processed fr and raised rma for new set.
TK-251840,2026-04,A3030,Aishwarya Trivedi,Logistics,GW-OTHER,3499.0,flag_only,,policy S5: refund and replacement both issued (replacement_issued=Y) | policy S5: GW-OTHER refund above the Rs 500 goodwill cap,2,helpdesk,VR881852,VA-EB-PL2,"hello ji
paid on 21-02-2026, still waitnig for something to show up
anyone there","Cust contacted re shipment not received. Checked AWB with courier. RTO confirmed, reshipped. -- Credited full amount, new unit also going out tomorrow. //AIS"
TK-252408,2026-04,A3030,Aishwarya Trivedi,Logistics,GW-OTHER,3499.0,note_only,"...proved, reverse pkp arranged. refund + rplc, cx escalation avoided. //AIS",policy S5: agent note states both a refund and a replacement were given | policy S5: GW-OTHER refund above the Rs 500 goodwill cap,2,helpdesk,VR887526,VA-EB-PL2,"[IVR transcript] Bought Pulse 2 around 25 Aug from vireo.in. The parcel looked like it was kicked here from the warehouse, and the unit has a crack. I took photos. What do I do now?","Reported: damaged in transit. Photos received, damage confirmed. rplc approved, reverse pkp arranged. refund + rplc, cx escalation avoided. //AIS"
TK-252723,2026-05,A3036,Ritika D'Souza,Returns Desk,GW-OTHER,3499.0,,,policy S5: GW-OTHER refund above the Rs 500 goodwill cap | refund recorded on an open/pending ticket (D-10),2,helpdesk,VR897956,VA-EB-PL2,"refund not reeived yet, please call me on my registered number",Cx reported refund pending. Checked rfund status on PG. Full refund processed (3499). Follow-up not required. (SOP 4.2)
TK-253135,2026-05,A3026,Aadhya Deshpande,Voice Frontline,GW-OTHER,3499.0,note_only,"...ccessful, rslvd on chat. Both rfnd and rplc given as cx threatened social...",policy S5: agent note states both a refund and a replacement were given | policy S5: GW-OTHER refund above the Rs 500 goodwill cap,2,helpdesk,VR906267,VA-EB-PL2,"[IVR transcript] hi there, pulse 2 purchased around diwali, order vr906267. it connects for a second and then vanishes from the device list. i tried on another phone. nothing changed. please help. regards","issue: pairing failure | chk phone os version -> re-pair successful, rslvd on chat. Both rfnd and rplc given as cx threatened social media. //AAD"
TK-253515,2026-05,A3014,Anjali D'Souza,Chat Frontline,WTY-BUYBACK,3499.0,flag_only,,policy S5: refund and replacement both issued (replacement_issued=Y) | refund recorded on an open/pending ticket (D-10),2,helpdesk,VR901335,VA-EB-PL2,"Dera Sir/Madam,

I am writinng with reference to my odrer of Pulse2 placed on 07 May.  My phone just doesn't see it in the list anymore. I have forgot the device and tried again. I request you to provide a resolution within 3 working days.

Sincerely,
Tanvi Yadav","adv FW update via app, rslvd. Issue: device not discoverable. chk phone OS version. -- Refunded Rs 3499 & also raised rplc, cx was very upset. -AD"
TK-242730,2025-06,A3038,Ankit Dhillon,Returns Desk,GW-OTHER,3398.0,,,"policy S5: GW-OTHER refund above the Rs 500 goodwill cap | amount converted from legacy paise (D-03, factor 100)",2,legacy_fd,VR886963,VA-SW-FIT,Very poor quality.  This is regarding Nexa Fit. refund was promised 19 days ago & nothing. I already checked bank. This is the lsat time I buy from you.,"1. Refund delay
2. Checked reverse pickup QC status
3. Refund confirmed credited"
TK-243800,2025-08,A3030,Aishwarya Trivedi,Logistics,WTY-BUYBACK,3324.0,flag_only,,"policy S5: refund and replacement both issued (replacement_issued=Y) | amount converted from legacy paise (D-03, factor 100)",2,legacy_fd,VR901654,VA-EB-PL2,"Namaste, Got pulse 2 buds from Flipkart last week. Tracking has said out for delivery for a week now. I checked the tracking page daily. Nothing changed. Please resolve asap. Awaiting response,","Customer states order not delivered. Confirmed address w/ cx. Courier confirmed delivery for 07 Aug, cx informed. -- Refund processed to source; replacement unit also shipped. //AIS"
TK-244029,2025-08,A3036,Ritika D'Souza,Returns Desk,GW-OTHER,3324.0,,,"policy S5: GW-OTHER refund above the Rs 500 goodwill cap | amount converted from legacy paise (D-03, factor 100)",2,legacy_fd,VR909439,VA-EB-PL2,"hey
still waiting for my refund
pulse 2 buds","cx states rfnd delay. chk rfnd status on PG. rfnd approved, Rs 3324, 5-7 working days. Cx satisfied on chat."
TK-244456,2025-08,A3030,Aishwarya Trivedi,Logistics,GW-OTHER,3324.0,,,"policy S5: GW-OTHER refund above the Rs 500 goodwill cap | amount converted from legacy paise (D-03, factor 100)",2,legacy_fd,VR899312,VA-EB-PL2,"Product: pulse 2 buds
Order: VR899312
Purchased: 21 Aug
Issue: recceived damaged product
Tried: refused nothing as I didn't notice till later
Expected: resolution","Contact re unit received damaged. Photos received, damage confirmed. Reverse pickup arranged. //AIS"
TK-244966,2025-09,A3030,Aishwarya Trivedi,Logistics,GW-OTHER,3324.0,flag_only,,policy S5: refund and replacement both issued (replacement_issued=Y) | policy S5: GW-OTHER refund above the Rs 500 goodwill cap,2,helpdesk,VR900494,VA-EB-PL2,"Hi Vireo support, This is regarding Pulse 2. Package not delivered even after 16 days. I checked the tracking page daily. Really frustrating. Can someone fix this? Thanks & regards",Cx says order not delivered. Checked AWB w/ courier. Re-shipped from warehouse. Money back to source and a fresh pair shipped. //AIS
TK-245423,2025-10,A3036,Ritika D'Souza,Returns Desk,GW-OTHER,3324.0,flag_only,,policy S5: refund and replacement both issued (replacement_issued=Y) | policy S5: GW-OTHER refund above the Rs 500 goodwill cap,2,helpdesk,VR904281,VA-EB-PL2,"Pathetic experience honestly. This is regarding pulse 2 buds. refund not received yet. I already emailed twice. I want a replacement or refund, nothing else.",Ticket raised for refnud delay. chk reverse pickup QC status. Refund of Rs 332 initiated to source. Will monitor. Reversed the payment & dispatched a new one under RMA.
TK-246487,2025-11,A3034,Tanvi Rathore,Billing,GW-OTHER,3324.0,,,policy S5: GW-OTHER refund above the Rs 500 goodwill cap | refund recorded on an open/pending ticket (D-10),2,helpdesk,VR898988,VA-EB-PL2,"Hi,
Bought Pulse2 around 25 Oct from Amazon. Double payment deducted.
I waited a week. Nothing changed.
Can someone fix this?",cx ok
TK-246928,2025-11,A3024,Amit Deshpande,Voice Frontline,GW-OTHER,3324.0,flag_only,,policy S5: refund and replacement both issued (replacement_issued=Y) | policy S5: GW-OTHER refund above the Rs 500 goodwill cap,2,helpdesk,VR893658,VA-EB-PL2,[IVR transcript] hi it connects for a second and then vanishes from the device list pls reply,"Reported: device not discoverable. Walked through forget + re-pair. Reset done, paired ok. Case closed with cx consent. -- Reversed the payment and dispatched a new one under RMA. ~Amit"
TK-250022,2026-02,A3005,Payal Bhatia,Chat Frontline,GW-OTHER,3324.0,flag_only,,policy S5: refund and replacement both issued (replacement_issued=Y) | policy S5: GW-OTHER refund above the Rs 500 goodwill cap,2,helpdesk,VR889793,VA-EB-PL2,"To the Vireo Customer Care Team,

I am writing w/ reference to my order of Pulse2 placed on October 21. The case has been at the same battery level for a week. I have tried wireless charging pad. I request you to provide a resolution within 3 working days.

Sincerely,
Arjun Shah","Cx reported caase not charging. Checked for lint in port. adv porrt cleaning, rslvd. -- Full refund issued & replacement dispatched as goodwill."
TK-254301,2026-06,A3026,Aadhya Deshpande,Voice Frontline,GW-OTHER,3324.0,note_only,"...bud in caes -> esc to wty. -- Issued refund + replacement both, TL aware. //AAD",policy S5: agent note states both a refund and a replacement were given | policy S5: GW-OTHER refund above the Rs 500 goodwill cap,2,helpdesk,,VA-EB-PL2,"[IVR transcript] Dear team, Ordered pulse 2 buds 3 weeks back. Right earbud completely silent. I tried different phone. Nothing changed. I want my moneey back.","issue: no audio one side | asked cx to check bud in caes -> esc to wty. -- Issued refund + replacement both, TL aware. //AAD"
TK-254465,2026-06,A3036,Ritika D'Souza,Returns Desk,GW-OTHER,3324.0,flag_only,,policy S5: refund and replacement both issued (replacement_issued=Y) | policy S5: GW-OTHER refund above the Rs 500 goodwill cap,2,helpdesk,VR896666,VA-EB-PL2,"hello
still waiting for my refund","Customer reached out - reffund pending. chk reverse pickup QC status. Fuull refund processed (3324). Cx informed. (SOP 3.1)
Reversed the payment & dispatched a new one under RMA."
TK-242648,2025-06,A3005,Payal Bhatia,Chat Frontline,GW-OTHER,3238.0,,,"policy S5: GW-OTHER refund above the Rs 500 goodwill cap | amount converted from legacy paise (D-03, factor 100)",2,legacy_fd,VR892614,VA-EB-AIR,want to cancel my order,"Cx says cancel order. Cancelled before dispatch. Already shipped, advised RTO/return."
TK-243796,2025-08,A3030,Aishwarya Trivedi,Logistics,GW-OTHER,3149.0,,,"policy S5: GW-OTHER refund above the Rs 500 goodwill cap | amount converted from legacy paise (D-03, factor 100)",2,legacy_fd,VR901269,VA-EB-PL2,my order has not been delivered yet,"Contact re order not delivered. Checked AWB with crr. RTO confirmed, reshipped. //AIS"
TK-246060,2025-10,A3039,Reyansh Mishra,Escalations & Warranty,GW-OTHER,3149.0,flag_only,,policy S5: refund and replacement both issued (replacement_issued=Y) | policy S5: GW-OTHER refund above the Rs 500 goodwill cap,2,helpdesk,VR886829,VA-EB-PL2,"[IVR transcript] hi service centre took it, now silence","cx: repair status follow-up | checked rma status -> repair completed, shipped back.
refund done and new unit sent as one-time gesture. ~Reyansh"
TK-247560,2025-11,A3030,Aishwarya Trivedi,Logistics,GW-OTHER,3149.0,,,policy S5: GW-OTHER refund above the Rs 500 goodwill cap | refund recorded on an open/pending ticket (D-10),2,helpdesk,VR907112,VA-EB-PL2,"sir ji
product arrived damaged
itna paisa diya hai
hello??",Customer reached out - unit received damaged. chk with courier for damage claim. rfnd of Rs 3149 initiated to source. //AIS
TK-249774,2026-02,A3018,Krishna Bhatt,Email Frontline,GW-OTHER,3149.0,flag_only,,policy S5: refund and replacement both issued (replacement_issued=Y) | policy S5: GW-OTHER refund above the Rs 500 goodwill cap,2,helpdesk,VR897826,VA-EB-PL2,"hi there, got teh pulse 2 earbuds from amazon last week. app shows the left at 0 percennt no matter how long its in the case. i tried a different cable. i want a replacement. pleaes revert, zoya","re: l bud no charge in case | asked for photo of the bud contacts -> advised pin cleaning, cx confirmed ok. | Credited full amount, new unit also going out tomorrow. ~Krishna"
TK-250370,2026-02,A3016,Thomas Kumar,Email Frontline,GW-OTHER,3149.0,flag_only,,policy S5: refund and replacement both issued (replacement_issued=Y) | policy S5: GW-OTHER refund above the Rs 500 goodwill cap,2,helpdesk,VR901768,VA-EB-PL2,"hi
cannot pair my pulse 2 w/ my laptop
my pulse 2 VR901768","Cx says unable to pair with phone. Checked phone OS version. Re-pair successful, resolved on chat. (SOP 4.2)
Refund processed to source; replacement unit also shipped. -TK"
TK-254328,2026-06,A3008,Meera Malhotra,Chat Frontline,GW-OTHER,3149.0,flag_only,,policy S5: refund and replacement both issued (replacement_issued=Y) | policy S5: GW-OTHER refund above the Rs 500 goodwill cap,2,helpdesk,VR897926,VA-EB-PL2,"right side works perfectly, left one just does not wake up","Replacement raised, RMA shared w/ cx. Issue: L bud no charge in case. Asked cx to cleaan charging pins.
rfnd processed to source; replacement unit also shipped. //MEE"
TK-242158,2025-05,A3030,Aishwarya Trivedi,Logistics,GW-OTHER,2998.0,flag_only,,policy S5: refund and replacement both issued (replacement_issued=Y) | policy S5: GW-OTHER refund above the Rs 500 goodwill cap,2,helpdesk,VR909654,VA-AC-CH65,"bhai
my order has not been delivered yet
abhi tak kuch nahi hua
your charger
pls reply","Reported: order not delivered. conf address w/ cx. Courier conf delivery for 18 May, cx informed. | Processed FR & raised RMA for new set. //AIS"
TK-243661,2025-07,A3038,Ankit Dhillon,Returns Desk,GW-OTHER,2974.0,,,"policy S5: GW-OTHER refund above the Rs 500 goodwill cap | amount converted from legacy paise (D-03, factor 100)",2,legacy_fd,VR904287,VA-EB-PL2,"This is very disappointing. I bought Pulse2 on July 20. refund not received yet. I already checked bank. I want a replacement or refund, nothing else.","1. rfnd delay
2. Checked rfnd status on PG
3. Full rfnd processed (2974)"
TK-243778,2025-08,A3036,Ritika D'Souza,Returns Desk,GW-OTHER,2974.0,,,"policy S5: GW-OTHER refund above the Rs 500 goodwill cap | amount converted from legacy paise (D-03, factor 100)",2,legacy_fd,VR905304,VA-EB-PL2,"Bought Pulse 2 around 21-07-2025 from vireo.in. Refund was promised 13 days ago and nothing.
I chceked bank. Nothing changed.
Kindly look into it.",Ticket riased for rfnd not credited. Checked reverse pkp QC status. rfnd reprocessed. Cx informed. (SOP 3.1)
TK-244349,2025-08,A3025,Komal Malhotra,Voice Frontline,GW-OTHER,2974.0,,,"policy S5: GW-OTHER refund above the Rs 500 goodwill cap | amount converted from legacy paise (D-03, factor 100)",2,legacy_fd,VR889018,VA-EB-PL2,"[IVR transcript] Hi, Ordered Pulse2 2 weeks ago. Paaid on 13/08, still waiting for something to show up. I checked teh tracking page daily. Nothing changed. Please advise. Awaiting response,","rfnd approved, rs 2974, 5-7 working days. issue: shipment not rcvd. raised ticket with crr partner. //KOM"
TK-244500,2025-09,A3027,Priya Agarwal,Logistics,DOA-REPL,2974.0,flag_only,,"policy S5: refund and replacement both issued (replacement_issued=Y) | amount converted from legacy paise (D-03, factor 100)",2,legacy_fd,VR882499,VA-EB-PL2,"dear sir/madam,

i am writing with reference to my order of plse 2 buds (vr882499) placed on 22-08-2025. screen has a crack before i even switched it on. i have refused nothiing as i didn't notice till later. i request you to process a refund to my original payment method.

sincerely,
isha menon
mumbai","1. Transit damage
2. Photos rcvd, damage confirmed
3. Replacement raised, RMA shared w/ cx. -- Money back to source and a fresh pair shipped."
TK-244578,2025-09,A3010,Tenzin Mathew,Chat Frontline,DOA-REPL,2974.0,flag_only,,"policy S5: refund and replacement both issued (replacement_issued=Y) | amount converted from legacy paise (D-03, factor 100)",2,legacy_fd,VR907167,VA-EB-PL2,the courier marked it delivered but nobody in my house got anything,"cx: order not delivered | raised ticket with courier partner -> courier conf delivery for 07 sep, cx informed. | Credited full amount, new unit also going out tomorrow. ~Tenzin"
TK-244845,2025-09,A3038,Ankit Dhillon,Returns Desk,GW-OTHER,2974.0,,,"policy S5: GW-OTHER refund above the Rs 500 goodwill cap | amount converted from legacy paise (D-03, factor 100)",2,legacy_fd,VR907682,VA-EB-PL2,"refund not received yet
vr907682
please resolve asap","1. Refund not credited
2. Checked reverse pickup QC status
3. Refunded Rs 2974"
TK-244967,2025-09,A3025,Komal Malhotra,Voice Frontline,GW-OTHER,2974.0,,,policy S5: GW-OTHER refund above the Rs 500 goodwill cap | refund recorded on an open/pending ticket (D-10),2,helpdesk,VR903844,VA-EB-PL2,cancel order VR903844.  VR903844,rfnd of rs 2974 initiated to source. issue: ord cancellation. chk shipment status. //KOM
TK-245092,2025-09,A3028,Sameer Kapoor,Logistics,GW-OTHER,2974.0,,,policy S5: GW-OTHER refund above the Rs 500 goodwill cap | refund recorded on an open/pending ticket (D-10),2,helpdesk,VR897551,VA-EB-PL2,want to cancel my order. VR897551,reported: ord cancellation. cancelled before dispatch. full rfnd processed (2974).
TK-248859,2026-01,A3009,Sukhwinder Singh,Chat Frontline,GW-OTHER,2974.0,flag_only,,policy S5: refund and replacement both issued (replacement_issued=Y) | policy S5: GW-OTHER refund above the Rs 500 goodwill cap,2,helpdesk,VR899705,VA-EB-PL2,Really frustrating. THIS IS REGARDING PULSE 2 BUDS. wors for music but useless for meetings. I already checked mic permissions. Escalate this to someone senior.,"Contact re low mic pickup. chk mic permissions on phone. rplc raised, RMA shared with cx. (SOP 3.1) -- Reversed the payment & dispatched a new one under RMA. //SUK"
TK-250209,2026-02,A3007,Abhishek Gupta,Chat Frontline,GW-OTHER,2974.0,note_only,"closed. rfnd + rplc, cx escalation avoided.",policy S5: agent note states both a refund and a replacement were given | policy S5: GW-OTHER refund above the Rs 500 goodwill cap,2,helpdesk,VR898060,VA-EB-PL2,"Hi, I bought Pulse2 on February 13. Order not delivered, tracking not updating. I called the courier. Nothing changed. Pathetic experience honestly. Need this sorted this week. Thanks Tenzin","closed. rfnd + rplc, cx escalation avoided."
TK-250877,2026-03,A3033,Vikram Banerjee,Billing,GW-OTHER,2878.0,,,policy S5: GW-OTHER refund above the Rs 500 goodwill cap | refund recorded on an open/pending ticket (D-10),2,helpdesk,VR899771,VA-EB-AIR,"[IVR transcript] Hey, Ordered the AirLite buds 2 weeks ago. UPI shows success, ur app shows nothing. Please help. Regards","1. amount deducted without ord
2. confirmed w/ payment gateway
3. ord manually created"
TK-243490,2025-07,A3024,Amit Deshpande,Voice Frontline,GW-OTHER,2799.0,,,"policy S5: GW-OTHER refund above the Rs 500 goodwill cap | amount converted from legacy paise (D-03, factor 100)",2,legacy_fd,VR899238,VA-EB-PL2,"Dear team, Ordered Pulse 2 around Diwali. The left earbud is not charging at all. Kindly look into it. Regards Lobsang George",Contact re left bud not charging. Walked through factory reset. rfnd of Rs 2799 initiated to source. Closing. ~Amit
TK-243880,2025-08,A3029,Rajat Mukherjee,Logistics,GW-OTHER,2799.0,,,"policy S5: GW-OTHER refund above the Rs 500 goodwill cap | amount converted from legacy paise (D-03, factor 100)",2,legacy_fd,VR887489,VA-EB-PL2,I haven't received my order - VR887489,refund initiated as lost in transit. issue: shipment not received. checked awb with courier. -- amount returned to card; fresh unit shipped from blr warehouse. -RM
TK-244152,2025-08,A3035,Dev Kulkarni,Billing,GW-OTHER,2799.0,,,"policy S5: GW-OTHER refund above the Rs 500 goodwill cap | amount converted from legacy paise (D-03, factor 100)",2,legacy_fd,,VA-EB-PL2,"helo
refund was promised 17 days ago and nothing
hello??",-
TK-244273,2025-08,A3029,Rajat Mukherjee,Logistics,GW-OTHER,2799.0,note_only,"... checked awb with courier. -- issued refund + replacement both, tl aware. -RM",policy S5: agent note states both a refund and a replacement were given | policy S5: GW-OTHER refund above the Rs 500 goodwill cap,2,helpdesk,VR895937,VA-EB-PL2,"Dear team, I bought Pulse2 on 17-08-2025. Ordder not delivered, tracking not updating. I checked with neighbours. Nothing changed. Please help. Rgds Aishwarya Patil","courier confirmed delivery for 27 aug, cx informed. issue: shipment not received. checked awb with courier. -- issued refund + replacement both, tl aware. -RM"
TK-244492,2025-09,A3017,Kabir Singh,Email Frontline,GW-OTHER,2799.0,,,"policy S5: GW-OTHER refund above the Rs 500 goodwill cap | amount converted from legacy paise (D-03, factor 100)",2,legacy_fd,VR881462,VA-EB-PL2,"hii
refund not received yet
anyone there",ticket raised for rfnd not credited. chk reverse pkp qc status. xfer to email frontline. refunded rs 2799. -KS
TK-244556,2025-09,A3029,Rajat Mukherjee,Logistics,GW-OTHER,2799.0,,,"policy S5: GW-OTHER refund above the Rs 500 goodwill cap | amount converted from legacy paise (D-03, factor 100)",2,legacy_fd,VR900879,VA-EB-PL2,[IVR transcript] hello ji packed the box a week ago and it's still here bahut pareshan hu the pulse 2 earbuds,"full refund processed (2799). issue: pickup missed. re-raised pickup with courier. -- cx got the amount back, also sending a new set to keep him happy. -RM"
TK-245071,2025-09,A3032,Sneha Bansal,Billing,GW-OTHER,2799.0,,,policy S5: GW-OTHER refund above the Rs 500 goodwill cap | refund recorded on an open/pending ticket (D-10),2,helpdesk,,VA-EB-PL2,"Product: Pulse2
Order: VR886085
Purchased: 15 Sep
Issue: UPI shows success, your app shows nothing
Tried: waited 24 hours
Expected: resolution","1. payment debited, no order
2. asked for utr
3. refunded rs 2799 ~Sneha"
TK-245356,2025-09,A3027,Priya Agarwal,Logistics,GW-OTHER,2799.0,flag_only,,policy S5: refund and replacement both issued (replacement_issued=Y) | policy S5: GW-OTHER refund above the Rs 500 goodwill cap,2,helpdesk,VR908638,VA-EB-PL2,"hello ji
ordered black, got white, not what i asked for
abhi tak kuch nahi hua
pulse 2","1. Wrong item delivered
2. Verified ord vs delivered item photos
3. Replacement approved, reverse pickup arranged.
Reversed the payment & dispatched a new one under RMA."
TK-248507,2025-12,A3009,Sukhwinder Singh,Chat Frontline,GW-OTHER,2799.0,flag_only,,policy S5: refund and replacement both issued (replacement_issued=Y) | policy S5: GW-OTHER refund above the Rs 500 goodwill cap,2,helpdesk,VR891628,VA-EB-PL2,it goes silent for a second every few minutes and comes back. vr891628. can someone fix this?,"1. BT dropouts
2. chk interference sources
3. rplc raised.
Sent a new unit & released the money as well, cx was in tears on call. //SUK"
TK-252678,2026-05,A3030,Aishwarya Trivedi,Logistics,GW-OTHER,2799.0,flag_only,,policy S5: refund and replacement both issued (replacement_issued=Y) | policy S5: GW-OTHER refund above the Rs 500 goodwill cap,2,helpdesk,VR906781,VA-EB-PL2,"Namaste,
Ordder VR906781 (the Pulse 2 earbuds). Received the wrong item.
I checked the invoice. Nothing changed.
Not acceptable at this price.
Pleae resolve asap.
Regards Kavya Mukherjee",as discussed //AIS
TK-240416,2025-02,A3034,Tanvi Rathore,Billing,GW-OTHER,2660.0,,,"policy S5: GW-OTHER refund above the Rs 500 goodwill cap | amount converted from legacy paise (D-03, factor 100)",2,legacy_fd,VR894073,VA-HP-ST3,[IVR transcript] very poor quality. bought strata 3 around 26/01 from vireo.in. refund not received yet. i already cheecked bank. escalate thsi to someone senior.,see prev (sop 3.1)
TK-243501,2025-07,A3036,Ritika D'Souza,Returns Desk,GW-OTHER,2548.0,,,"policy S5: GW-OTHER refund above the Rs 500 goodwill cap | amount converted from legacy paise (D-03, factor 100)",2,legacy_fd,VR880989,VA-AC-CH65,[IVR transcript] I hvae been sitting at home for 3 daays waiting for your courier,"Cx repored pickup missed. Checked pickup AWB. Pickup done, refund initiated. Will monitor. (SOP 4.2)
Processed FR and raised RMA for new set."
TK-240089,2025-01,A3029,Rajat Mukherjee,Logistics,GW-OTHER,2499.0,,,"policy S5: GW-OTHER refund above the Rs 500 goodwill cap | amount converted from legacy paise (D-03, factor 100)",2,legacy_fd,VR881495,VA-EB-PL1,"This is very disappointing. I bought my Pulse on 30 Dec. my son ordered this without asking, please reverse. I already tried cancel button, greyed out. Refund. Now.","cancelled, refund initiated. issue: cancellation request. checked shipment status. -RM"
TK-240242,2025-01,A3007,Abhishek Gupta,Chat Frontline,GW-OTHER,2499.0,,,"policy S5: GW-OTHER refund above the Rs 500 goodwill cap | amount converted from legacy paise (D-03, factor 100)",2,legacy_fd,VR898288,VA-EB-PL1,Not what I expected from Vireo. Bought the Pulse buds around 17/12 from Flipkart. keeps losing my phone if I walk to the other room. I already kept phone in hand. Fix this or I am posting on twitter.,"rplc approved, reverse pkp arranged. amount returned to card; fresh unit shipped from blr warehouse."
TK-242191,2025-05,A3030,Aishwarya Trivedi,Logistics,GW-OTHER,2499.0,,,"policy S5: GW-OTHER refund above the Rs 500 goodwill cap | amount converted from legacy paise (D-03, factor 100)",2,legacy_fd,VR898481,VA-SP-MINI,[IVR transcript] hello ji package not delivered even after 9 days abhi tak kuch nahi hua hello??,Ticket raised for shipment not received. conf address with cx. Full refund processed (2499). //AIS
TK-242380,2025-05,A3030,Aishwarya Trivedi,Logistics,GW-OTHER,2499.0,,,"policy S5: GW-OTHER refund above the Rs 500 goodwill cap | amount converted from legacy paise (D-03, factor 100)",2,legacy_fd,VR909408,VA-EB-PL1,"hey, got pulse 1 from vireo.in last month. i ordered pulse 1 & got something else. i rechecked my order. nothing changed. please call me on my registered number. thanks & regards farah singh","Cx says incorrect product shipped. Raised with warehouse. rfnd issued, cx did not want replacement. | Refunded. rplc request rejected as per policy. //AIS"
TK-242666,2025-06,A3012,Lakshmi Srivastava,Chat Frontline,GW-OTHER,2499.0,,,"policy S5: GW-OTHER refund above the Rs 500 goodwill cap | amount converted from legacy paise (D-03, factor 100)",2,legacy_fd,VR894985,VA-SP-MINI,"Hi there,
This is regarding Orbit Mini.  Order status stuck on shipped since 31/05.
Please resolve asap.","1. order not delivered
2. raised ticket w/ crr partner
3. crr conf delivery for 11 jun, cx informed. processed fr and raised rma for new set."
TK-243071,2025-07,A3037,Manish Iyer,Returns Desk,GW-OTHER,2499.0,,,"policy S5: GW-OTHER refund above the Rs 500 goodwill cap | amount converted from legacy paise (D-03, factor 100)",2,legacy_fd,VR888010,VA-SP-MINI,"helo
still waiting for my refund
anyone there",refund conf credited. issue: refund pending. chk reverse pickup qc status. ~Manish
TK-243185,2025-07,A3035,Dev Kulkarni,Billing,GW-OTHER,2499.0,,,"policy S5: GW-OTHER refund above the Rs 500 goodwill cap | amount converted from legacy paise (D-03, factor 100)",2,legacy_fd,VR904320,VA-EB-PL1,"Hi, I bought the Pulse buds on June 23. The page failed after I paid and now nothing shows in my account. I checked bank statement. Please call me on my registered number. Thank you, Amit Roy","Cust contacted re payment debited, no ord. chk PG dashboard for txn. rfnd processed to source. Cx informed."
TK-243305,2025-07,A3028,Sameer Kapoor,Logistics,GW-OTHER,2499.0,,,"policy S5: GW-OTHER refund above the Rs 500 goodwill cap | amount converted from legacy paise (D-03, factor 100)",2,legacy_fd,VR901307,VA-EB-PL1,"hey,
got my pulse from flipkart around diwali.  the courier marked it delivered but nobody in my house got anything.
i called the courier. nothing changed.
i want my money back.
awaiting response,","ticket raised for shipment not rcvd. chk awb w/ crr. re-shipped from warehouse. credited full amount, new unit also going out tomorrow."
TK-243554,2025-07,A3036,Ritika D'Souza,Returns Desk,GW-OTHER,2499.0,,,"policy S5: GW-OTHER refund above the Rs 500 goodwill cap | amount converted from legacy paise (D-03, factor 100)",2,legacy_fd,VR895435,VA-SP-MINI,"refund not received yet
please resolve asap","Cuustomer reached out - refund pending. Cheecked refund status on PG. Refund approved, Rs 2499, 5-7 workign days. Will monitor. (SOP 5.4)
rplc was offered earlier by chat team, cx opted for rfnd."
TK-243681,2025-07,A3014,Anjali D'Souza,Chat Frontline,GW-OTHER,2499.0,,,"policy S5: GW-OTHER refund above the Rs 500 goodwill cap | amount converted from legacy paise (D-03, factor 100)",2,legacy_fd,VR895807,VA-SP-MINI,This is very disappointing. Bought Orbit Mini around 15 May from vireo.in. it connects for a second and then vanishes from the device list. I already forgot the device and tried again. Fix this or I am posting on twitter,"Reset done, paired ok. Issue: device not discoverable. chk phone OS version. -AD"
TK-244423,2025-08,A3025,Komal Malhotra,Voice Frontline,GW-OTHER,2499.0,,,"policy S5: GW-OTHER refund above the Rs 500 goodwill cap | amount converted from legacy paise (D-03, factor 100)",2,legacy_fd,VR888928,VA-EB-PL1,"hii
please cancel, ordeered by mistaek
anyone there","rfnd approved, rs 2499, 5-7 working days. issue: cancel ord. chk shipment status. //KOM"
TK-244553,2025-09,A3006,Varun Bhatt,Chat Frontline,GW-OTHER,2499.0,,,"policy S5: GW-OTHER refund above the Rs 500 goodwill cap | amount converted from legacy paise (D-03, factor 100)",2,legacy_fd,,VA-EB-PL1,"Hello, Ordered my Pulse around Diwali. Want to cancel my order. I tried cancel button, greyed out. Pathetic experience honestly. Please advise.",full refund processed (2499). issue: cancellation request. cancelled before dispatch.
TK-244561,2025-09,A3035,Dev Kulkarni,Billing,GW-OTHER,2499.0,,,"policy S5: GW-OTHER refund above the Rs 500 goodwill cap | amount converted from legacy paise (D-03, factor 100)",2,legacy_fd,VR904924,VA-EB-PL1,"To the Vireo Customer Care Team,

I am writing with reference to my order of the Pulse buds placed on 30/08. Payment was deducted but no order was created. I have checked bank statement. I request you to provide a resolution within 3 working days.

Sincerely,
Thomas Ghosh",Cusst contacted re failed order aftter payment. conf w/ payment gateway. Refunded Rs 2499. Cx satisfied on chat.
TK-245777,2025-10,A3036,Ritika D'Souza,Returns Desk,GW-OTHER,2499.0,flag_only,,policy S5: refund and replacement both issued (replacement_issued=Y) | policy S5: GW-OTHER refund above the Rs 500 goodwill cap,2,helpdesk,VR902885,VA-EB-PL1,[IVR transcript] hi i have been sitting at home for 3 days waiting for your courier,"Reported: pickup not done. chk pickup AWB. Refund processed without pickup as goodwill. Case closd with cx consent. (SOP 5.4)
Amount returned to card; fresh unit shipped from BLR warehouse."
TK-247093,2025-11,A3030,Aishwarya Trivedi,Logistics,GW-OTHER,2499.0,flag_only,,policy S5: refund and replacement both issued (replacement_issued=Y) | policy S5: GW-OTHER refund above the Rs 500 goodwill cap,2,helpdesk,VR909548,VA-EB-PL1,[IVR transcript] hello ji box was crushed and teh the pulse buds is crcaked please jaldi anyone tere,"Customer states transit damage. chk w/ courier for damage claim. Replacement approved, reverse pickup arranged.
Refunded Rs 2499 & also raised replacement, cx was very upset. //AIS"
TK-247254,2025-11,A3036,Ritika D'Souza,Returns Desk,GW-OTHER,2499.0,flag_only,,policy S5: refund and replacement both issued (replacement_issued=Y) | policy S5: GW-OTHER refund above the Rs 500 goodwill cap,2,helpdesk,VR899236,VA-EB-PL1,"product: my pulse
order: vr899236
purchased: 23-10-2025
issue: where is the money for the return
tried: checked bank
expected: replacement","1. Refund pending
2. Checked refund status on PG
3. Refund of Rs 500 initiated to source.
Refunded Rs 2499 & also raised replacement, cx was very upset."
TK-247298,2025-11,A3014,Anjali D'Souza,Chat Frontline,GW-OTHER,2499.0,note_only,"...n. chk w/ different source. | refund + rplc, cx escalation avoided. -AD",policy S5: agent note states both a refund and a replacement were given | policy S5: GW-OTHER refund above the Rs 500 goodwill cap,2,helpdesk,VR896236,VA-SP-MINI,"distorted audio at high volume, vr896236","FW update, cx to monitor. Issue: audiio distortion. chk w/ different source. | refund + rplc, cx escalation avoided. -AD"
TK-248252,2025-12,A3026,Aadhya Deshpande,Voice Frontline,GW-OTHER,2499.0,flag_only,,policy S5: refund and replacement both issued (replacement_issued=Y) | policy S5: GW-OTHER refund above the Rs 500 goodwill cap,2,helpdesk,VR893444,VA-EB-PL1,Not acceptable at this price. Bought the Pulse buds around October 15 from Flipkart. the pairing light blinks but nothing ever shows up on my OnePlus. I already restarted the phone. Refund. Now.,"Cust contacted re pairing failure. Walked through forget + re-pair. adv FW update via app, rslvd.
Both rfnd & rplc given as cx threatened social media. //AAD"
TK-248762,2026-01,A3028,Sameer Kapoor,Logistics,GW-OTHER,2499.0,flag_only,,policy S5: refund and replacement both issued (replacement_issued=Y) | policy S5: GW-OTHER refund above the Rs 500 goodwill cap,2,helpdesk,VR905770,VA-EB-PL1,pathetic experience honestly. bought pulse earbuds around 27/12 from vireo.in. it has been 15 days and i have nothing in hand. i alrready checked with neighbours. fix this or i am posting on twitter.,"cx repported shipment not rcvd. conf address w/ cx. rto conf, reshipped. -- full rfnd issued and rplc dispatched as goodwill."
TK-250666,2026-02,A3041,Mohammed Mehta,Escalations & Warranty,GW-OTHER,2499.0,note_only,...499 initiated to source. Both rfnd and rplc given as cx threatened social...,policy S5: agent note states both a refund and a replacement were given | policy S5: GW-OTHER refund above the Rs 500 goodwill cap,2,helpdesk,VR906190,VA-SP-MINI,"product: the mini speaker
purchased: 15/09
issue: it is a v expnsive brick now, no lights, no sound
tried: held power button 30 sec
expected: replacement","1. Speaker not powering on
2. Asked cx to try different adaptor
3. Refund of Rs 2499 initiated to source. Both rfnd and rplc given as cx threatened social media."
TK-252024,2026-04,A3027,Priya Agarwal,Logistics,GW-OTHER,2499.0,flag_only,,policy S5: refund and replacement both issued (replacement_issued=Y) | policy S5: GW-OTHER refund above the Rs 500 goodwill cap,2,helpdesk,VR884950,VA-EB-PL1,"To the Vireo Customer Care Team,

I am writing with reference to my order of the Pulse buds (VR884950) placed on 04 Apr. Paid on 04 Apr, still waiting for something to show up. I have called the courier. I request you to process a refund to my original payment method.

Sincerely,
Ishaan Mishra","1. dlvry delayed
2. Raised ticket with courier partner
3. RTO confirmed, reshipped. | Sent a new unit and released the money as well, cx was in tears on call."
TK-252675,2026-05,A3040,Thomas Jadhav,Escalations & Warranty,GW-OTHER,2499.0,flag_only,,policy S5: refund and replacement both issued (replacement_issued=Y) | policy S5: GW-OTHER refund above the Rs 500 goodwill cap,2,helpdesk,VR908098,VA-SP-MINI,"Hello Vireo, I bought Orbit Mini on 16/11. No update on my repair. I emailed twice. Please advise. Regards, Ritika Khan","rma status qeury | checked qc report -> replacement approved and dispatched.
Processed FR and raised RMA for new set."
TK-253810,2026-06,A3037,Manish Iyer,Returns Desk,DOA-REPL,2499.0,flag+note,"...erse pickup qc status. issued rfnd + rplc both, tl aware. ~Manish",policy S5: refund and replacement both issued (replacement_issued=Y) | policy S5: agent note states both a refund and a replacement were given,2,helpdesk,VR891747,VA-SP-MINI,u picked up the item 21 days ago and my money hasn't come back. what do i do now?,"refund approved, rs 2499, 5-7 working days. issue: refund not credited. chk reverse pickup qc status. issued rfnd + rplc both, tl aware. ~Manish"
TK-240381,2025-01,A3035,Dev Kulkarni,Billing,GW-OTHER,2374.0,,,"policy S5: GW-OTHER refund above the Rs 500 goodwill cap | amount converted from legacy paise (D-03, factor 100)",2,legacy_fd,VR906319,VA-EB-PL1,"team,
pls cancel, ordered by mistake
urgent","cx reached out - cancellation request. Cancelled before dispatch. Already shipped, advised RTO/return. Cx satisfied on chat."
TK-241067,2025-03,A3017,Kabir Singh,Email Frontline,GW-OTHER,2374.0,,,"policy S5: GW-OTHER refund above the Rs 500 goodwill cap | amount converted from legacy paise (D-03, factor 100)",2,legacy_fd,VR904381,VA-SP-MINI,received the wrong item - can someone fix this?,new unit shipped under doa. issue: incorrect product shipped. verified ord vs delivered item photos. via email frontline. -- full rfnd issued & replacement dispatched as goodwill. -KS
TK-242973,2025-06,A3037,Manish Iyer,Returns Desk,GW-OTHER,2374.0,,,"policy S5: GW-OTHER refund above the Rs 500 goodwill cap | amount converted from legacy paise (D-03, factor 100)",2,legacy_fd,VR906024,VA-SP-MINI,"[IVR transcript] this is v disappointing.  orbit mini purchased in june, order vr906024. refund not received yet. i already checcked bank. refund. now.","cx ok. | replacement declined by cx, refund issued instead. ~Manish"
TK-243141,2025-07,A3036,Ritika D'Souza,Returns Desk,GW-OTHER,2374.0,,,"policy S5: GW-OTHER refund above the Rs 500 goodwill cap | amount converted from legacy paise (D-03, factor 100)",2,legacy_fd,VR891328,VA-SP-MINI,"Product: orbit mini
Purchased: 06 Jun
Issue: the return was accepted but the amount is nowhere in my account
Tried: emailed twice
Expected: fix",Contact re rfdn not credited. chk reverse pickup QC status. rfnd conf credited. Follow-up not required. (SOP 2.7)
TK-243366,2025-07,A3017,Kabir Singh,Email Frontline,WTY-BUYBACK,2374.0,flag_only,,"policy S5: refund and replacement both issued (replacement_issued=Y) | amount converted from legacy paise (D-03, factor 100)",2,legacy_fd,VR903943,VA-EB-PL1,goes from full to empty during one commute - vr903943 - can someone fix this?,cx says rapid battery drain. chk usage pattern w/ cx. rplc raised after test. -- reversed the payment & dispatched a new one under rma. -KS
TK-244010,2025-08,A3006,Varun Bhatt,Chat Frontline,GW-OTHER,2374.0,,,"policy S5: GW-OTHER refund above the Rs 500 goodwill cap | amount converted from legacy paise (D-03, factor 100)",2,legacy_fd,VR894939,VA-SP-MINI,still waiting for my refund,arn shared with cx. issue: refund not credited. checked reverse pickup qc status. via chat frontline. -VB
TK-245336,2025-09,A3018,Krishna Bhatt,Email Frontline,GW-OTHER,2374.0,note_only,"... -> escalated to warranty. -- refund + rplc, cx escalation avoided. ~Kris...",policy S5: agent note states both a refund and a replacement were given | policy S5: GW-OTHER refund above the Rs 500 goodwill cap,2,helpdesk,VR902384,VA-EB-PL1,"helo
right earbud completely silent
pulse earbuds
urgent","single side audio only | walked through reset -> escalated to warranty. -- refund + rplc, cx escalation avoided. ~Krishna"
TK-243486,2025-07,A3018,Krishna Bhatt,Email Frontline,GW-OTHER,2250.0,,,"policy S5: GW-OTHER refund above the Rs 500 goodwill cap | amount converted from legacy paise (D-03, factor 100)",2,legacy_fd,VR906346,VA-HP-ST2,"Product: Strata 2
Order: VR906346
Purchased: 10-07-2025
Issue: double payment deducted
Tried: checked with bank
Expected: callback",issue: duplicate payment | confirmed utrs -> refund processed | xfer email frontline ~Krishna
TK-240505,2025-02,A3029,Rajat Mukherjee,Logistics,GW-OTHER,2249.0,,,"policy S5: GW-OTHER refund above the Rs 500 goodwill cap | amount converted from legacy paise (D-03, factor 100)",2,legacy_fd,VR884543,VA-EB-PL1,"Hi there, Got the Pulse buds form vireo.in 2 weeks ago. Package not delivered even after 15 days. I checked with neighbours. Nothing changed. Need this sorted this week. Rgds",refund of rs 2249 initiated to source. issue: shipment not received. checked awb with courier. -RM
TK-241273,2025-03,A3014,Anjali D'Souza,Chat Frontline,GW-OTHER,2249.0,,,"policy S5: GW-OTHER refund above the Rs 500 goodwill cap | amount converted from legacy paise (D-03, factor 100)",2,legacy_fd,VR893760,VA-EB-PL1,"This is very disappointing. This is regarding Pulse earbuds. I hear music in one ear only, other is mute. I already checked balance settings. This is the last time I buy from you.",rplc raised. Issue: single side audio only. Asked cx to chek bud in case. -AD
TK-241876,2025-04,A3033,Vikram Banerjee,Billing,GW-OTHER,2249.0,,,"policy S5: GW-OTHER refund above the Rs 500 goodwill cap | amount converted from legacy paise (D-03, factor 100)",2,legacy_fd,VR880672,VA-SP-MINI,"Product: Orbit Mini
Purchased: April 29
Issue: payment was deducted but no order was created
Tried: tried logging out and in
Expected: refund",resolved on call
TK-243224,2025-07,A3032,Sneha Bansal,Billing,GW-OTHER,2249.0,,,"policy S5: GW-OTHER refund above the Rs 500 goodwill cap | amount converted from legacy paise (D-03, factor 100)",2,legacy_fd,VR899108,VA-EB-PL1,"Product: pulse 1
Order: VR899108
Purchased: June 28
Issue: double payment deducted
Tried: waited a week
Expected: replacement","1. duplicate payment
2. checked pg for duplicate txn
3. rfnd approved, rs 2249, 5-7 working days ~Sneha"
TK-243496,2025-07,A3030,Aishwarya Trivedi,Logistics,GW-OTHER,2249.0,,,"policy S5: GW-OTHER refund above the Rs 500 goodwill cap | amount converted from legacy paise (D-03, factor 100)",2,legacy_fd,VR892644,VA-EB-PL1,"Product: my Pulse
Order: VR892644
Purchased: 15/07
Issue: my order has not been delivered yet
Tried: checked the tracking page daily
Expected: resolution","1. Order not delivered
2. Raised ticket with courier partner
3. Refund initiated as lost in transit //AIS"
TK-244754,2025-09,A3031,Zaid Desai,Logistics,WTY-BUYBACK,2249.0,note_only,"...r vs delivered item photos. | refund + rplc, cx escalation avoided.","policy S5: agent note states both a refund and a replacement were given | amount converted from legacy paise (D-03, factor 100)",2,legacy_fd,VR892934,VA-EB-PL1,"hello
received the wrnog item
pulse 1
??","Replacement approved, reverse pickup arranged. Issue: wrong item delivered. Verified order vs delivered item photos. | refund + rplc, cx escalation avoided."
TK-246276,2025-10,A3035,Dev Kulkarni,Billing,GW-OTHER,2249.0,,,policy S5: GW-OTHER refund above the Rs 500 goodwill cap | refund recorded on an open/pending ticket (D-10),2,helpdesk,VR894340,VA-EB-PL1,"Hey,
This is regarding my Pulse. The page failed after I paid and now nothing shows in my account.
I waited 24 hours.
Very poor quality.
I want my moeny back.
Rgds Pranav",re: failed ord after payment | conf w/ payment gateway -> auto-rfnd conf within 5-7 days
TK-253474,2026-05,A3038,Ankit Dhillon,Returns Desk,GW-OTHER,2249.0,,,policy S5: GW-OTHER refund above the Rs 500 goodwill cap | refund recorded on an open/pending ticket (D-10),2,helpdesk,VR900790,VA-SP-MINI,"hello ji
the return was accepted but the amount is nowhere in my account
kal se
hello??","1. Refund delay
2. chk reverse pickup QC status
3. Full refund processed (2249) -- Cx asked for replacement + refund, explained policy, refund only."
TK-240429,2025-02,A3029,Rajat Mukherjee,Logistics,GW-OTHER,2124.0,flag_only,,policy S5: refund and replacement both issued (replacement_issued=Y) | policy S5: GW-OTHER refund above the Rs 500 goodwill cap,2,helpdesk,VR884192,VA-EB-PL1,"Product: pulse 1
Order: VR884192
Purchased: January 21
Issue: there's a dent on the case straight out of the box
Tried: refused nothing as I didn't notice till later
Expected: refund","refund initiated. issue: damaged in transit. photos received, damage confirmed. | full refund issued and replacement dispatched as goodwill. -RM"
TK-241826,2025-04,A3038,Ankit Dhillon,Returns Desk,GW-OTHER,2124.0,,,"policy S5: GW-OTHER refund above the Rs 500 goodwill cap | amount converted from legacy paise (D-03, factor 100)",2,legacy_fd,VR894241,VA-EB-PL1,"Product: pulse 1
Order: VR894241
Purchased: 11/04
Issue: still waiting for my refund
Tried: emailed twice
Expected: refund","1. Refund pending
2. Checked refund status on PG
3. Refund approved, Rs 2124, 5-7 working days. Cx asked for replacement + rfnd, explained policy, rfnd only."
TK-243514,2025-07,A3033,Vikram Banerjee,Billing,GW-OTHER,2124.0,,,"policy S5: GW-OTHER refund above the Rs 500 goodwill cap | amount converted from legacy paise (D-03, factor 100)",2,legacy_fd,VR883131,VA-SP-MINI,"Not what I expected from Vireo. the mini speaker purchased recently, order VR883131. promo code shows invalid. I already tried on app and website. Escalate this to someone senior.","1. coupon not applied
2. chk coupon validity
3. refund approved, rs 2124, 5-7 working days"
TK-244642,2025-09,A3036,Ritika D'Souza,Returns Desk,GW-OTHER,2124.0,,,"policy S5: GW-OTHER refund above the Rs 500 goodwill cap | amount converted from legacy paise (D-03, factor 100)",2,legacy_fd,VR906773,VA-SP-MINI,i have been a loyal customer and this is how you treat me.  bought the mini speaker around 26/08 from amazon. where is the money for the return. i already emailed twice. escalate this to someone senior.,"Contact re refnud delay. Checked refund status on PG. Rfeund approved, Rs 2124, 5-7 workign days. Follow-up not required. (SOP 2.7)"
TK-244872,2025-09,A3030,Aishwarya Trivedi,Logistics,GW-OTHER,2124.0,flag_only,,policy S5: refund and replacement both issued (replacement_issued=Y) | policy S5: GW-OTHER refund above the Rs 500 goodwill cap,2,helpdesk,VR894578,VA-EB-PL1,"To the Vireo Customer Care Team,

I am writing with reference to my order of my Pulse (VR894578) placed on 06 Sep. Wrong product delivered. I have checked the invoice. I request you to process a refund to my original payment method.

Regards,
Krishna Khanna",incorrect product shipped | verified order vs delivered item photos -> new unit shipped under doa. -- Processed FR and raised RMA for new set. //AIS
TK-251200,2026-03,A3027,Priya Agarwal,Logistics,GW-OTHER,2124.0,,,policy S5: GW-OTHER refund above the Rs 500 goodwill cap | refund recorded on an open/pending ticket (D-10),2,helpdesk,,VA-EB-PL1,Bought the Pulse buds around 16-02-2026 from Amazon. Nobody came for the pickup. I rescheduled pickup twice. Waiting for your reply. Please revert,"1. Reverse pickup pending
2. Re-raised pickup with courier
3. Refunded Rs 2124"
TK-253345,2026-05,A3017,Kabir Singh,Email Frontline,GW-OTHER,2124.0,flag_only,,policy S5: refund and replacement both issued (replacement_issued=Y) | policy S5: GW-OTHER refund above the Rs 500 goodwill cap,2,helpdesk,VR895926,VA-SP-MINI,"team,
no update on my repair
pls jalldi
the mini speaker","cx reached out - rma status query. followed up w/ service centre. replacement raised, rma shared w/ cx. cx got the amount back, also sending a new set to keep him happy. -KS"
TK-254521,2026-06,A3006,Varun Bhatt,Chat Frontline,GW-OTHER,2124.0,flag_only,,policy S5: refund and replacement both issued (replacement_issued=Y) | policy S5: GW-OTHER refund above the Rs 500 goodwill cap,2,helpdesk,VR905218,VA-EB-PL1,"Dear Sir/Madam,

I am writing with reference to my order of the Pulse buds (VR905218) placed on 05 Jun. No light comes on the case when I plug it in. I have tried 3 different cables. I request you to provide a resolution within 3 working days.

Sincerely,
Riya George
Surat","advised port cleaning, resolved. issue: case not charging. checked for lint in port. amount returned to card; fresh unit shipped from blr warehouse. -VB"
TK-240138,2025-01,A3031,Zaid Desai,Logistics,GW-OTHER,1999.0,,,"policy S5: GW-OTHER refund above the Rs 500 goodwill cap | amount converted from legacy paise (D-03, factor 100)",2,legacy_fd,VR892256,VA-EB-PL1,"change of mind, please stop the shipment",Refunded Rs 1999. Issue: cancel order. Cancelled before dispatch.
TK-241942,2025-05,A3017,Kabir Singh,Email Frontline,GW-OTHER,1999.0,,,"policy S5: GW-OTHER refund above the Rs 500 goodwill cap | amount converted from legacy paise (D-03, factor 100)",2,legacy_fd,VR888335,VA-SW-FIT,"Product: Nexa Fit
Purchased: 26-04-2025
Issue: rfeund was promised 6 days ago and nothing
Tried: emailed twice
Expected: replacement",cx states refund delay. chk refund status on pg. xfer to email frontline. refunded rs 1999. -KS
TK-242001,2025-05,A3037,Manish Iyer,Returns Desk,GW-OTHER,1999.0,,,"policy S5: GW-OTHER refund above the Rs 500 goodwill cap | amount converted from legacy paise (D-03, factor 100)",2,legacy_fd,VR891811,VA-EB-PL1,"Hey, This is regarding the Pulse buds. You picked up the item 5 days ago and my money hasn't come back. I checked bank. Kindly look into it.",refunded rs 1999. issue: refund pending. chk reverse pkp qc status. ~Manish
TK-242047,2025-05,A3037,Manish Iyer,Returns Desk,GW-OTHER,1999.0,,,"policy S5: GW-OTHER refund above the Rs 500 goodwill cap | amount converted from legacy paise (D-03, factor 100)",2,legacy_fd,VR909973,VA-SP-MINI,"dear sir/madam,

i am writing with reference to my order of orbit mini (vr909973) placed on april 20. i have been sitting at home for 3 days waiting for yoru courier. i have called courier. i request u to kindly arrange a replacement.

sincerely,
ramesh pandey","refund approved, rs 1999, 5-7 working days. issue: reverse pickup pending. re-raised pickup w/ courier. | offered replacement, cx preferred refund. refund processed. ~Manish"
TK-242519,2025-06,A3037,Manish Iyer,Returns Desk,GW-OTHER,1999.0,,,"policy S5: GW-OTHER refund above the Rs 500 goodwill cap | amount converted from legacy paise (D-03, factor 100)",2,legacy_fd,VR886662,VA-SW-FIT,"Dear Sir/Madam,

I am writing with reference to my order of Nexa Fit (VR886662) placed on 26/05. The app said pickup today, that was on 26/05. I have rescheduled pickup twice. I request you to look into this matter at the earliest.

Yours faithfully,
Ayaan Verma",refunded rs 1999. issue: pickup not done. checked pickup awb. ~Manish
TK-242590,2025-06,A3018,Krishna Bhatt,Email Frontline,GW-OTHER,1999.0,,,"policy S5: GW-OTHER refund above the Rs 500 goodwill cap | amount converted from legacy paise (D-03, factor 100)",2,legacy_fd,VR898933,VA-EB-PL1,"hii
i was charged twice for one order
??",re: duplicate payment | confirmed utrs -> full refund processed (1999) ~Krishna
TK-242799,2025-06,A3038,Ankit Dhillon,Returns Desk,GW-OTHER,1999.0,,,"policy S5: GW-OTHER refund above the Rs 500 goodwill cap | amount converted from legacy paise (D-03, factor 100)",2,legacy_fd,VR907031,VA-SW-FIT,"team,
where is the money for the return
kuch karo","1. rfnd not credited
2. Checked reverse pickup QC status
3. rfnd approved, Rs 1999, 5-7 working days"
TK-242991,2025-06,A3037,Manish Iyer,Returns Desk,GW-OTHER,1999.0,,,"policy S5: GW-OTHER refund above the Rs 500 goodwill cap | amount converted from legacy paise (D-03, factor 100)",2,legacy_fd,VR899671,VA-SW-FIT,"hi team, ordered the fit band last month. received the wrong item. i rechecked my order. can someone fix this? regards",reverse pickup + correct item shipped. issue: wrong variant received. raised w/ warehouse. ~Manish
TK-243207,2025-07,A3026,Aadhya Deshpande,Voice Frontline,GW-OTHER,1999.0,,,"policy S5: GW-OTHER refund above the Rs 500 goodwill cap | amount converted from legacy paise (D-03, factor 100)",2,legacy_fd,VR887082,VA-EB-PL1,the vireo app keeps crashing - vr887082 - please resolve asap,"issue: app crashing | asked for phone model + os -> rfnd approved, rs 1999, 5-7 working days //AAD"
TK-243461,2025-07,A3031,Zaid Desai,Logistics,GW-OTHER,1999.0,,,"policy S5: GW-OTHER refund above the Rs 500 goodwill cap | amount converted from legacy paise (D-03, factor 100)",2,legacy_fd,,VA-SW-FIT,"i am losing patience. ordered nexa fit a month ago. paid on 18-07-2025, still waiting for something to show up. i already called the courier. i want a replacement or refund, nothing else.","Courier confirmed delivery for 27 Jul, cx informed. Issue: order not delivered. Raised ticket with courier partner.
Payment reversed Rs 1999. New piece dispatched same day."
TK-243592,2025-07,A3010,Tenzin Mathew,Chat Frontline,GW-OTHER,1999.0,,,"policy S5: GW-OTHER refund above the Rs 500 goodwill cap | amount converted from legacy paise (D-03, factor 100)",2,legacy_fd,VR900476,VA-SW-FIT,"hi
ordered the wrong colour, don't ship it
nexa fit VR900476
urgent",re: cancel order | cancelled before dispatch -> refund of rs 1999 initiated to source ~Tenzin
TK-243718,2025-07,A3031,Zaid Desai,Logistics,GW-OTHER,1999.0,,,"policy S5: GW-OTHER refund above the Rs 500 goodwill cap | amount converted from legacy paise (D-03, factor 100)",2,legacy_fd,VR893999,VA-SW-FIT,PACKED THE BOX A WEEK AGO AND IT'S STILL HERE,-
TK-244172,2025-08,A3022,Daniel Arora,Email Frontline,GW-OTHER,1999.0,,,"policy S5: GW-OTHER refund above the Rs 500 goodwill cap | amount converted from legacy paise (D-03, factor 100)",2,legacy_fd,VR906783,VA-SP-MINI,"Not acceptable at this price.  the mini speaker purchased last week, order VR906783. audio keeps discoonnecting every few minutes. I already turned off wifi. This is the last tiem I buy from you.","1. BT dropouts
2. Checked FW 1.6.10
3. Refunded Rs 1999. | Replacement was offered earlier by chat team, cx opted for rfnd."
TK-244379,2025-08,A3040,Thomas Jadhav,Escalations & Warranty,DOA-REPL,1999.0,note_only,"...rion -> replacement raised. | Issued refund + replacement both, TL aware.","policy S5: agent note states both a refund and a replacement were given | amount converted from legacy paise (D-03, factor 100)",2,legacy_fd,VR902690,VA-SW-FIT,"hi
touch screen not responding
the fit band","cx: touch issue | checked fw verion -> replacement raised. | Issued refund + replacement both, TL aware."
TK-244510,2025-09,A3020,Aadhya Singh,Email Frontline,GW-OTHER,1999.0,,,"policy S5: GW-OTHER refund above the Rs 500 goodwill cap | amount converted from legacy paise (D-03, factor 100)",2,legacy_fd,VR908197,VA-SW-FIT,"This is very disappointing. This is regarding my Nexa Fit band. money debited but order not showing. I already checked bank statement. I want a replacement or refund, nothing else","cx states payment debited, no ord. asked for utr. transferred to email frontline. refund approved, rs 1999, 5-7 working days."
TK-245244,2025-09,A3036,Ritika D'Souza,Returns Desk,GW-OTHER,1999.0,,,policy S5: GW-OTHER refund above the Rs 500 goodwill cap | refund recorded on an open/pending ticket (D-10),2,helpdesk,VR901784,VA-SW-FIT,"hii
the return was accepted but the amount is nowhere in my account
the fit band","done (SOP 4.2)
Refunded. rplc request rejected as per policy."
TK-245478,2025-10,A3026,Aadhya Deshpande,Voice Frontline,DOA-REPL,1999.0,flag_only,,policy S5: refund and replacement both issued (replacement_issued=Y) | refund recorded on an open/pending ticket (D-10),2,helpdesk,VR905334,VA-SW-FIT,"[IVR transcript] Order VR905334 (the fit band). Goes from full to empty during one commute. I updated the app. Nothing changed. Please resolve asap. Thank you, Riya Pandey","re: rapid battery drain | chk fw 2.5.5 -> fw update pushed, adv to monitor. | rfnd done & new unit sent as one-time gesture. //AAD"
TK-247492,2025-11,A3030,Aishwarya Trivedi,Logistics,GW-OTHER,1999.0,flag_only,,policy S5: refund and replacement both issued (replacement_issued=Y) | policy S5: GW-OTHER refund above the Rs 500 goodwill cap,2,helpdesk,VR898913,VA-SW-FIT,"to the vireo customer care team,

i am writing with reference to my order of nexa fit placed on 26-11-2025. the parcel looked like it was kicked here form the warehouse, and the unit has a crack. i have refused nothing as i didn't notice till later. i request you to look inot this matter at the earliest.

regards,
sai jain","issue: transit damage | photos received, damage confirmed -> reverse pkp arranged. Processed FR and raised RMA for new set. //AIS"
TK-249161,2026-01,A3018,Krishna Bhatt,Email Frontline,GW-OTHER,1999.0,flag_only,,policy S5: refund and replacement both issued (replacement_issued=Y) | policy S5: GW-OTHER refund above the Rs 500 goodwill cap,2,helpdesk,VR906390,VA-EB-PL1,Not acceptalbe at this price. Ordered my Pulse 3 weeks back. battery life has dropped to almost nothing. I already fully charged and discharged twice. This is the last tiem I buy from you,"cx: rapid battery drain | checked usage pattern with cx -> replacement raised after test.
Refund processed to source; replacement unit also shipped. ~Krishna"
TK-250359,2026-02,A3026,Aadhya Deshpande,Voice Frontline,GW-OTHER,1999.0,flag_only,,policy S5: refund and replacement both issued (replacement_issued=Y) | policy S5: GW-OTHER refund above the Rs 500 goodwill cap,2,helpdesk,VR881833,VA-EB-PL1,[IVR transcript] honestly regrettting this purchase. bougth the pulse buds arround 30 dec from flipkart. i sent the unnit in 13 days ago and have heard nothing. i already emailed twice. refund. now.,"issue: wty claim status | followed up w/ service centre -> repair completed, shipped back. Processed FR & raised RMA for new set. //AAD"
TK-250704,2026-03,A3030,Aishwarya Trivedi,Logistics,WTY-BUYBACK,1999.0,flag+note,"...ry for 03 Mar, cx informed. | rfnd + rplc, cx escalation avoided. //AIS",policy S5: refund and replacement both issued (replacement_issued=Y) | policy S5: agent note states both a refund and a replacement were given,2,helpdesk,VR903208,VA-SP-MINI,"hi
order status stuck on sipped since 28 feb
kindly do the needful","Cx says order not delivered. Raised ticket w/ crr partner. crr confirmed delivery for 03 Mar, cx informed. | rfnd + rplc, cx escalation avoided. //AIS"
TK-251601,2026-03,A3005,Payal Bhatia,Chat Frontline,GW-OTHER,1899.0,,,policy S5: GW-OTHER refund above the Rs 500 goodwill cap | refund recorded on an open/pending ticket (D-10),2,helpdesk,VR884846,VA-SW-FIT,the page failed after I paid and now nothing shows in my account - VR884846 - i want a replacement,Cx reported ammount ddeucted without ord. conf with payment gateway. rfnd of Rs 1899 initiated to source.
TK-240050,2025-01,A3031,Zaid Desai,Logistics,DOA-REPL,1799.0,flag_only,,"policy S5: refund and replacement both issued (replacement_issued=Y) | amount converted from legacy paise (D-03, factor 100)",2,legacy_fd,VR890106,VA-EB-AIR,"product: airlite earbuds
order: vr890106
purchased: december 27
issue: still waiting for my refund
tried: checked bank
expected: callback",issue: refund pending | checked reverse pickup qc status -> arn shared with cx | xfer logistics. | Full refund issued and replacement dispatched as goodwill.
TK-240279,2025-01,A3022,Daniel Arora,Email Frontline,GW-OTHER,1799.0,,,"policy S5: GW-OTHER refund above the Rs 500 goodwill cap | amount converted from legacy paise (D-03, factor 100)",2,legacy_fd,,VA-EB-AIR,"helo
random disconnects during calls
airlite earbuds
??",Cx reported intermittent disconnects. Advised to test in different location. rfnd of Rs 1799 initiated to source. (SOP 3.1)
TK-240618,2025-02,A3036,Ritika D'Souza,Returns Desk,GW-OTHER,1799.0,,,"policy S5: GW-OTHER refund above the Rs 500 goodwill cap | amount converted from legacy paise (D-03, factor 100)",2,legacy_fd,VR887410,VA-SW-FIT,"hi
refund not received yet
??",Customer reached out - reufnd not credited. Checked refund status on PG. ARN shared w/ cx. Closing.
TK-240856,2025-03,A3036,Ritika D'Souza,Returns Desk,GW-OTHER,1799.0,,,"policy S5: GW-OTHER refund above the Rs 500 goodwill cap | amount converted from legacy paise (D-03, factor 100)",2,legacy_fd,VR903415,VA-EB-AIR,"helo ji
i hvae been sitting at home for 3 days waiting for yuor couier
itna paisa diya hai
hello??","Customer reached out - pcikup missed. chk pickup AWB. rfnd of Rs 1799 initiated to source. Cx informed. (SOP 4.2) | Offered replacement, cx preferred rfnd. rfnd processed."
TK-240984,2025-03,A3019,Kavya Agarwal,Email Frontline,GW-OTHER,1799.0,,,"policy S5: GW-OTHER refund above the Rs 500 goodwill cap | amount converted from legacy paise (D-03, factor 100)",2,legacy_fd,VR904485,VA-EB-AIR,the progress bar has not moved since morning,cx: fw update failed | asked cx to keep in case 30 min -> refunded rs 1799
TK-241156,2025-03,A3033,Vikram Banerjee,Billing,GW-OTHER,1799.0,,,"policy S5: GW-OTHER refund above the Rs 500 goodwill cap | amount converted from legacy paise (D-03, factor 100)",2,legacy_fd,VR898251,VA-EB-AIR,"product: the airlite buds
order: vr898251
purchased: 11 feb
issue: payment was deducted but no order was created
tried: checked bank statement
expected: callback","contact re amount deducted without order. checked pg dashboard for txn. refund approved, rs 1799, 5-7 working days."
TK-241229,2025-03,A3026,Aadhya Deshpande,Voice Frontline,GW-OTHER,1799.0,,,"policy S5: GW-OTHER refund above the Rs 500 goodwill cap | amount converted from legacy paise (D-03, factor 100)",2,legacy_fd,VR903358,VA-EB-AIR,"[IVR transcript] hello vireo, bought airlite earbuds around 12-03-2025 from amazon. payment was deducted but no order was created. i tried logging out & in. nothing changed. very poor quality. waiting for your reply.","cx: paymnt debited, no ord | conf with payment gateway -> rfnd processed to sourrce //AAD"
TK-241292,2025-03,A3002,Steven Ansari,Chat Frontline,GW-OTHER,1799.0,,,"policy S5: GW-OTHER refund above the Rs 500 goodwill cap | amount converted from legacy paise (D-03, factor 100)",2,legacy_fd,VR885531,VA-EB-AIR,"Dear Sir/Madam,

I am writing with reference to my order of airlite earbuds placed on 28 Feb. Keeps losing my phone if I walk to the other room. I have reset boh devices. I request you to look intto this matter at the earliest.

Yours faithfully,
Thomas Nair","issue: intermittent disconnects | advised to test in different location -> fw update resolved (sop 5.4) | refunded rs 1799 and also raised replacement, cx was very upset. [closed]"
TK-241675,2025-04,A3005,Payal Bhatia,Chat Frontline,GW-OTHER,1799.0,,,"policy S5: GW-OTHER refund above the Rs 500 goodwill cap | amount converted from legacy paise (D-03, factor 100)",2,legacy_fd,VR882766,VA-EB-AIR,"hi
bluetooth pairing fails every time
airlite","Cx reported device not discoverable. Walked through forget + re-pair. Re-pair successful, resolved on chat.
Amount returned to card; fresh unit shipped from BLR warehouse."
TK-241688,2025-04,A3013,Rohit Nair,Chat Frontline,DOA-REPL,1799.0,flag_only,,"policy S5: refund and replacement both issued (replacement_issued=Y) | amount converted from legacy paise (D-03, factor 100)",2,legacy_fd,VR898470,VA-EB-AIR,"bhai
pairing is not working
itna paisa diya hai","advised fw update via app, resolved. issue: unable to pair with phone. walked through forget + re-pair. credited full amount, new unit also going out tomorrow. ~Rohit"
TK-241768,2025-04,A3036,Ritika D'Souza,Returns Desk,GW-OTHER,1799.0,,,"policy S5: GW-OTHER refund above the Rs 500 goodwill cap | amount converted from legacy paise (D-03, factor 100)",2,legacy_fd,VR880409,VA-EB-AIR,refund was promised 11 days ago and nothing - VR880409,"Contaact re refund not credited. chk refund status on PG. Refund approved, Rs 1799, 5-7 working days. Closing. (SOP 2.7)"
TK-242736,2025-06,A3035,Dev Kulkarni,Billing,GW-OTHER,1799.0,,,"policy S5: GW-OTHER refund above the Rs 500 goodwill cap | amount converted from legacy paise (D-03, factor 100)",2,legacy_fd,VR888826,VA-EB-AIR,"To the Vireo Customer Care Team,

I am writing with reference to my order of AirLite (VR888826) placed on June 08. Paid once, statement disagrees. I have checked with bank. I request you to kindly arrange a replacement.

Sincerely,
Bhavna George
Chandigarh",Cust contacted re duplicate payment. chk PG for duplicate txn. rfnd processed. Cx informed.
TK-243037,2025-06,A3035,Dev Kulkarni,Billing,GW-OTHER,1799.0,,,policy S5: GW-OTHER refund above the Rs 500 goodwill cap | refund recorded on an open/pending ticket (D-10),2,helpdesk,VR882487,VA-EB-AIR,"Dear Sir/Madam, airlite earbuds purchased around Diwali, order VR882487. UPI SHOWS SUCCESS, YOUR APP SHOWS NOTHING. I tried logging out and in. Please resolve asap.","Cx says payment debited, no ord. chk PG dashboard for txn. Refunded Rs 1799. Case closed w/ cx consent."
TK-243273,2025-07,A3035,Dev Kulkarni,Billing,GW-OTHER,1799.0,,,"policy S5: GW-OTHER refund above the Rs 500 goodwill cap | amount converted from legacy paise (D-03, factor 100)",2,legacy_fd,VR903653,VA-EB-AIR,I am losing patience. Order VR903653 (airlite earbuds). I was charged twice for one order. I already checked w/ bank. Escalate this to someone senior.,Refunded Rs 1799. Issue: charged twice. Chceked PG for duplicate txn.
TK-243341,2025-07,A3026,Aadhya Deshpande,Voice Frontline,GW-OTHER,1799.0,,,"policy S5: GW-OTHER refund above the Rs 500 goodwill cap | amount converted from legacy paise (D-03, factor 100)",2,legacy_fd,VR899885,VA-EB-AIR,[IVR transcript] the case has been at the same battery level for a week.  VR899885. waiting for ur reply,"charging case dead | chk for lint in port -> rplc case raised.
Full refund issued & rplc dispatched as goodwill. //AAD"
TK-243586,2025-07,A3032,Sneha Bansal,Billing,GW-OTHER,1799.0,,,"policy S5: GW-OTHER refund above the Rs 500 goodwill cap | amount converted from legacy paise (D-03, factor 100)",2,legacy_fd,VR887006,VA-EB-AIR,I am losing patience. Got AirLite from vireo.in a month ago. I was charged twice for one order. I already waited a week. This is the last time I buy from you.,"1. duplicate payment
2. confirmed utrs
3. duplicate refunded to source"
TK-244355,2025-08,A3006,Varun Bhatt,Chat Frontline,GW-OTHER,1799.0,,,"policy S5: GW-OTHER refund above the Rs 500 goodwill cap | amount converted from legacy paise (D-03, factor 100)",2,legacy_fd,VR888826,VA-EB-AIR,"Dear Sir/Madam,

I am writing with rfeerence to my order of the AirLite buds (VR888826) plaecd on 08-06-2025. Case wont charge since around Diwali. I have charged for 6 hours nothing. I request you to process a refund to my original payment method.

Sincerely,
Bhavna George
Chandiagrh",full refund processed (1799). issue: case no led / no charge. confirmed case led dead.
TK-246317,2025-10,A3030,Aishwarya Trivedi,Logistics,GW-OTHER,1799.0,flag_only,,policy S5: refund and replacement both issued (replacement_issued=Y) | policy S5: GW-OTHER refund above the Rs 500 goodwill cap,2,helpdesk,VR880523,VA-EB-AIR,"hey, this is regarding the airlite buds. the parcel looked like it was kicked here from the warehouse, & the unit has a crack. waiting for ur reply. thanks aarav","Cx reported transit damage. Photos received, damage conf. New unit shipped under DOA. | Cx got the amount back, also sending a new set to keep him happy. //AIS"
TK-250694,2026-03,A3003,Komal Singh,Chat Frontline,DOA-REPL,1799.0,flag+note,"...d on chat. (SOP 4.2) | Issued rfnd + replacement both, TL aware. -KS",policy S5: refund and replacement both issued (replacement_issued=Y) | policy S5: agent note states both a refund and a replacement were given,2,helpdesk,VR885950,VA-EB-AIR,"Dear Sir/Madam,

I am writing with reference to my order of AirLite placed on 23/12. Left bud won't charge even after keeping it in the caes overnight. I hvae did the reset from the manual. I request you to look into this matter at the earliest.

Sincerely,
Komal Tiwari
Pune","Cx reported L bud no carge in case. Confirmed FW 3.1.2. Reset rslvd, cx confirmeed left bud charging. Cx satisfied on chat. (SOP 4.2) | Issued rfnd + replacement both, TL aware. -KS"
TK-240015,2025-01,A3037,Manish Iyer,Returns Desk,GW-OTHER,1709.0,,,"policy S5: GW-OTHER refund above the Rs 500 goodwill cap | amount converted from legacy paise (D-03, factor 100)",2,legacy_fd,VR895522,VA-EB-AIR,"dear sir/madam,
bought airlite around 20 dec from vireo.in.  where is the money for the return.
please resolve asap",issue: rfnd not credited | chk reverse pkp qc status -> full rfnd processed (1709) ~Manish
TK-241705,2025-04,A3036,Ritika D'Souza,Returns Desk,GW-OTHER,1709.0,,,"policy S5: GW-OTHER refund above the Rs 500 goodwill cap | amount converted from legacy paise (D-03, factor 100)",2,legacy_fd,VR899587,VA-EB-AIR,"Hey, Got the AirLite buds from vireo.in last week. Packed the box a week ago and it's stilll here. I rescheduled pickup twice. Not what I expected from Vireo. PLEASE CALL ME ON MY REGISTERED NUMBER. Thanks & regards","Customer reached out - pkp not done. Re-raised pkp with courier. rfnd approved, Rs 1709, 5-7 working days. Closing. (SOP 5.4)"
TK-243337,2025-07,A3033,Vikram Banerjee,Billing,GW-OTHER,1709.0,,,"policy S5: GW-OTHER refund above the Rs 500 goodwill cap | amount converted from legacy paise (D-03, factor 100)",2,legacy_fd,VR886671,VA-EB-AIR,[IVR transcript] helo card charged two times airlite earbuds help,cx says duplicate payment. chk pg for duplicate txn. refund processed.
TK-243603,2025-07,A3030,Aishwarya Trivedi,Logistics,GW-OTHER,1709.0,,,"policy S5: GW-OTHER refund above the Rs 500 goodwill cap | amount converted from legacy paise (D-03, factor 100)",2,legacy_fd,VR893802,VA-EB-AIR,screen has a crack before I even switched it on. need this sorted this week,"Cx reported unit rcvd damaged. Photos rcvd, damage confirmed. rfnd of Rs 1709 initiated to source. Cx asked for rplc + refund, explained policy, refund only. //AIS"
TK-254202,2026-06,A3003,Komal Singh,Chat Frontline,GW-OTHER,1709.0,flag_only,,policy S5: refund and replacement both issued (replacement_issued=Y) | policy S5: GW-OTHER refund above the Rs 500 goodwill cap,2,helpdesk,VR893231,VA-EB-AIR,[IVR transcript] hi no light comes on the case when i plug it in the airrlite buds anyone there,"1. Case not charging
2. Checked for lint in port
3. Replacement case raised (SOP 4.2) | Refund processed to source; rplc unit also shipped. -KS"
TK-254348,2026-06,A3044,Arjun Kumar,Escalations & Warranty,GW-OTHER,1709.0,flag_only,,policy S5: refund and replacement both issued (replacement_issued=Y) | policy S5: GW-OTHER refund above the Rs 500 goodwill cap,2,helpdesk,VR890646,VA-EB-AIR,this is very disappointing. bought airlite around 15 jun from vireo.in. no sound from the right earbud. i already tried different phone. escalate this to someone senior.,"1. Left side silent
2. Checked balance settings with cx
3. Transferred to Escalations & Warranty
4. Replacement raised. | Refunded Rs 1709 and also raised replacement, cx was very upset."
TK-254381,2026-06,A3006,Varun Bhatt,Chat Frontline,GW-OTHER,1709.0,flag_only,,policy S5: refund and replacement both issued (replacement_issued=Y) | policy S5: GW-OTHER refund above the Rs 500 goodwill cap,2,helpdesk,VR908615,VA-EB-AIR,Honestly regretting this purchase. Ordered the AirLite buds in April. pairing is not working. I already restarted the phone. Fix this or I am posting on twitter.,"reset done, paired ok. issue: pairing failure. checked phone os version. money back to source and a fresh pair shipped. -VB"
TK-240702,2025-02,A3026,Aadhya Deshpande,Voice Frontline,GW-OTHER,1699.0,,,"policy S5: GW-OTHER refund above the Rs 500 goodwill cap | amount converted from legacy paise (D-03, factor 100)",2,legacy_fd,VR902313,VA-SW-FIT,"[IVR transcript] sir ji please cancel, ordered by mistake bahut pareshan hu","cx: cancellation request | cancelled before dispatch -> already shipped, adv rto/return //AAD"
TK-241851,2025-04,A3038,Ankit Dhillon,Returns Desk,GW-OTHER,1699.0,,,"policy S5: GW-OTHER refund above the Rs 500 goodwill cap | amount converted from legacy paise (D-03, factor 100)",2,legacy_fd,VR886953,VA-SW-FIT,"Dear Sir/Madam,

I am writing wiith reference to my order of the fit band plced on 18/03. Service centre toook it, now silence. I have clled sevrice centre. I request you to pocess a refund to my original payment method.

Regards,
Dev Agarwal
Gurugram","1. Warranty claim status
2. Followed up with service centre
3. xfer to Returns Desk
4. Repair completed, shipped back.
Amount returned to card; fresh unit shipped from BLR warehouse."
TK-241927,2025-05,A3017,Kabir Singh,Email Frontline,GW-OTHER,1699.0,,,"policy S5: GW-OTHER refund above the Rs 500 goodwill cap | amount converted from legacy paise (D-03, factor 100)",2,legacy_fd,VR882039,VA-SW-FIT,"sir ji
i was charged twice for one order
the fit band VR882039
hello??","cust contacted re duplicate payment. chk pg for duplicate txn. refund approved, rs 1699, 5-7 working days."
TK-242957,2025-06,A3040,Thomas Jadhav,Escalations & Warranty,GW-OTHER,1699.0,,,"policy S5: GW-OTHER refund above the Rs 500 goodwill cap | amount converted from legacy paise (D-03, factor 100)",2,legacy_fd,VR903167,VA-SW-FIT,"Got my Nexa Fit band from Amazon 10 days ago. Warranty claim pending for 18 days. I called service centre. I want a replacement. Thanks in advance, Thomas Mishra",issue: warranty claim status | chk rma status -> refund of rs 1699 initiated to source
TK-250633,2026-02,A3026,Aadhya Deshpande,Voice Frontline,GW-OTHER,1699.0,flag_only,,policy S5: refund and replacement both issued (replacement_issued=Y) | policy S5: GW-OTHER refund above the Rs 500 goodwill cap,2,helpdesk,VR881201,VA-SW-FIT,"hi
pairing is not working
hello??","issue: device not discoverable | walked through forget + re-pair -> adv fw update via app, rslvd.
Money back to source & a fresh pair shipped. //AAD"
TK-254466,2026-06,A3026,Aadhya Deshpande,Voice Frontline,GW-OTHER,1699.0,flag_only,,policy S5: refund and replacement both issued (replacement_issued=Y) | policy S5: GW-OTHER refund above the Rs 500 goodwill cap,2,helpdesk,VR885191,VA-SW-FIT,"[IVR transcript] I have to charge it twice a day now, it used to last days","Contact re rapid battery drain. chk usage pattern w/ cx. esc to wty.
Both rfnd & replacement given as cx threatened social media. //AAD"
TK-251284,2026-03,A3031,Zaid Desai,Logistics,GW-OTHER,1662.0,flag_only,,policy S5: refund and replacement both issued (replacement_issued=Y) | policy S5: GW-OTHER refund above the Rs 500 goodwill cap,2,helpdesk,VR904229,VA-EB-PL2,"Hi there, Bought my Pulse 2 around 15-03-2026 from Amazon. The parcel looked like it was kicked here from the warehouse, and the unit has a crack. I took photos. Honestly regretting this purchase. How do I get this fixed? Please revert, Bhavna Joshi","Refund approved, Rs 1662, 5-7 working days. Issue: transit damage. Photos received, damage confirmed."
TK-240568,2025-02,A3042,Swati Bhatia,Escalations & Warranty,GW-OTHER,1619.0,,,"policy S5: GW-OTHER refund above the Rs 500 goodwill cap | amount converted from legacy paise (D-03, factor 100)",2,legacy_fd,VR897241,VA-EB-AIR,left side not charging in the case,issue: left earbud not taking charge | checked case led behaviour with cx -> refund of rs 1619 initiated to source | xfer escalations & wty
TK-243991,2025-08,A3036,Ritika D'Souza,Returns Desk,GW-OTHER,1619.0,,,"policy S5: GW-OTHER refund above the Rs 500 goodwill cap | amount converted from legacy paise (D-03, factor 100)",2,legacy_fd,VR880818,VA-EB-AIR,where is the money for the return,Customer staes rfnd pending. Checked rfnd status on PG. Full rfnd processed (1619). Cx informed. (SOP 4.2)
TK-244000,2025-08,A3038,Ankit Dhillon,Returns Desk,GW-OTHER,1619.0,,,"policy S5: GW-OTHER refund above the Rs 500 goodwill cap | amount converted from legacy paise (D-03, factor 100)",2,legacy_fd,VR889280,VA-EB-AIR,"bhai
still waiting for my refund
abhi tak kuch nahi hua
pls reply","1. Refund pending
2. chk refund status on PG
3. Refunded Rs 1619. Refund done and new unit sent as one-time gesture."
TK-249572,2026-01,A3035,Dev Kulkarni,Billing,GW-OTHER,1619.0,,,policy S5: GW-OTHER refund above the Rs 500 goodwill cap | refund recorded on an open/pending ticket (D-10),2,helpdesk,VR890171,VA-EB-AIR,"Dear Sir/Madam,

I am writing with reference to my oder of AirLite (VR890171) placed on 15 Jan. Money debited but order not showing. I have waited 24 hours. I request you to provide a resolution within 3 working days.

Sincerely,
Kavya Rao
Bengaluru",Full rfnd processed (1619). Issue: failed ord after payment. conf w/ payment gateway.
TK-250044,2026-02,A3036,Ritika D'Souza,Returns Desk,GW-OTHER,1619.0,note_only,"...ed with cx consent. (SOP 5.4) Issued refund + replacement both, TL aware.",policy S5: agent note states both a refund and a replacement were given | policy S5: GW-OTHER refund above the Rs 500 goodwill cap,2,helpdesk,,VA-EB-AIR,the charging case is not charging,"Customer reached out - case not charging. Checked for lint in port. xfer to Returns Desk. adv prt cleaning, rslvd. Case closed with cx consent. (SOP 5.4)
Issued refund + replacement both, TL aware."
TK-250624,2026-02,A3039,Reyansh Mishra,Escalations & Warranty,GW-OTHER,1619.0,note_only,"...ma shared with cx (sop 4.2) | issued refund + replacement both, tl aware. ~Reyansh",policy S5: agent note states both a refund and a replacement were given | policy S5: GW-OTHER refund above the Rs 500 goodwill cap,2,helpdesk,VR909946,VA-EB-AIR,I am losing patience.  This is regarding airlite earbuds. I sent the unit in 8 days ago and have heard nothing. I already emailed twice. This is the last tmie I buy from you.,"cx: rma status query | checked rma status -> replacement raised, rma shared with cx (sop 4.2) | issued refund + replacement both, tl aware. ~Reyansh"
TK-240963,2025-03,A3030,Aishwarya Trivedi,Logistics,GW-OTHER,1599.0,flag_only,,policy S5: refund and replacement both issued (replacement_issued=Y) | policy S5: GW-OTHER refund above the Rs 500 goodwill cap,2,helpdesk,,VA-SW-FIT,"Hi team, This is regarding Nxea Fit. Order not delivered, tracking not updating. I called the courier. Nothing changed. I wnt a replacement. Please revert","Reported: ord not delivered. Raised ticket with courier partner. RTO conf, reshipped. -- Cx got the amount back, also sending a new set to keep him happy. //AIS"
TK-241155,2025-03,A3014,Anjali D'Souza,Chat Frontline,GW-OTHER,1599.0,,,"policy S5: GW-OTHER refund above the Rs 500 goodwill cap | amount converted from legacy paise (D-03, factor 100)",2,legacy_fd,VR905777,VA-SW-FIT,"Der Sir/Madam,

I am writing with reference to my order of teh fit band placed on March 17. Want to cancel my order. I have tried cancel button, greyed out. I request u to look into this mattter at the earliest.

Yours faithfully,
Thmoas Pillai",rfnd of Rs 1599 initiated to source. Issue: ord cancellation. chk shipment status.
TK-242030,2025-05,A3026,Aadhya Deshpande,Voice Frontline,WTY-BUYBACK,1599.0,flag_only,,"policy S5: refund and replacement both issued (replacement_issued=Y) | amount converted from legacy paise (D-03, factor 100)",2,legacy_fd,VR892748,VA-SW-FIT,"the pairing light blinks but nothing ever shos up on my Samsung, VR892748","1. Device not discoverable
2. Walked through forget + re-pair
3. Re-pair successful, rslvd on chat. -- Amount returned to card; fresh unit shipped from BLR warehouse. //AAD"
TK-242693,2025-06,A3044,Arjun Kumar,Escalations & Warranty,DOA-REPL,1599.0,note_only,"...lacement sttrap dispatched. | refund + rplc, cx escalation avoided.","policy S5: agent note states both a refund and a replacement were given | amount converted from legacy paise (D-03, factor 100)",2,legacy_fd,VR902719,VA-SW-FIT,"Product: my Nxea Fit band
Order: VR902719
Purchased: May 20
Issue: watch strap broke within a montth
Tried: tried to fix pin
Expected: refund","1. Strap broken
2. Asked for photo
3. Replacement sttrap dispatched. | refund + rplc, cx escalation avoided."
TK-247086,2025-11,A3039,Reyansh Mishra,Escalations & Warranty,GW-OTHER,1599.0,flag_only,,policy S5: refund and replacement both issued (replacement_issued=Y) | policy S5: GW-OTHER refund above the Rs 500 goodwill cap,2,helpdesk,VR893542,VA-SW-FIT,"what is the status of my warranty claim
how do i get this fixed?","issue: warranty claim status | checked rma status -> repair completed, shipped back. refund done and new unit sent as one-time gesture. ~Reyansh"
TK-242249,2025-05,A3034,Tanvi Rathore,Billing,GW-OTHER,1529.0,,,"policy S5: GW-OTHER refund above the Rs 500 goodwill cap | amount converted from legacy paise (D-03, factor 100)",2,legacy_fd,VR900434,VA-EB-AIR,"[IVR transcript] hello paid once, statement disagrees hello??",cx ok (sop 5.4)
TK-242253,2025-05,A3012,Lakshmi Srivastava,Chat Frontline,GW-OTHER,1529.0,,,"policy S5: GW-OTHER refund above the Rs 500 goodwill cap | amount converted from legacy paise (D-03, factor 100)",2,legacy_fd,VR892753,VA-EB-AIR,"Product: AirLite
Purchased: 26 Oct
Issue: everyone on my calls says I sound like I'm underwater
Tried: checked mic permissions
Expected: callback","customer states low mic pickup. tested on call with cx. fw update advised.
refunded rs 1529 and also raised replacement, cx was very upset."
TK-244573,2025-09,A3025,Komal Malhotra,Voice Frontline,GW-OTHER,1529.0,,,"policy S5: GW-OTHER refund above the Rs 500 goodwill cap | amount converted from legacy paise (D-03, factor 100)",2,legacy_fd,VR891562,VA-EB-AIR,"[IVR transcript] the promised 45 hours is nowhere close, I get maybe 2 waiting for ur reply","adv settings change, cx satisfied. issue: poor battery backup. adv disabling anc/aod to test. | both refund & rplc given as cx threatened social media. //KOM"
TK-254439,2026-06,A3010,Tenzin Mathew,Chat Frontline,GW-OTHER,1529.0,note_only,"...ed throuh forget + re-pair. | refund + rplc, cx escalation avoided. ~Tenz...",policy S5: agent note states both a refund and a replacement were given | policy S5: GW-OTHER refund above the Rs 500 goodwill cap,2,helpdesk,VR894791,VA-EB-AIR,"hello
bluetooth pairing fails every time
urgent","Reset done, paired ok. Issue: unable to pair w/ phone. Walked throuh forget + re-pair. | refund + rplc, cx escalation avoided. ~Tenzin"
TK-240960,2025-03,A3030,Aishwarya Trivedi,Logistics,DOA-REPL,1499.0,flag_only,,"policy S5: refund and replacement both issued (replacement_issued=Y) | amount converted from legacy paise (D-03, factor 100)",2,legacy_fd,,VA-AC-CH65,"HI VIREO SUPPORT,
THIS IS REGARDING YOUR CHARGER. My order has not been delivered yet.
I checked w/ neighbours. Nothing changed.
Wating for your reply.
Regards, Sameer","Cust contacted re shipment not received. chk AWB w/ courier. Courier confirmed dlvry for 13 Mar, cx informed. Refunded Rs 1499 & also raised replacement, cx was very upset. //AIS"
TK-244330,2025-08,A3037,Manish Iyer,Returns Desk,GW-OTHER,1487.0,,,"policy S5: GW-OTHER refund above the Rs 500 goodwill cap | amount converted from legacy paise (D-03, factor 100)",2,legacy_fd,VR898873,VA-EB-PL2,"Product: Pulse2
Order: VR898873
Purchased: 19/08
Issue: u picked up the item 11 days ago and my money hasn't come back
Tried: checked bank
Expected: refund","1. refund not credited
2. checked refund status on pg
3. refund of rs 1487 initiated to source ~Manish"
TK-241796,2025-04,A3018,Krishna Bhatt,Email Frontline,GW-OTHER,1439.0,,,"policy S5: GW-OTHER refund above the Rs 500 goodwill cap | amount converted from legacy paise (D-03, factor 100)",2,legacy_fd,VR890696,VA-EB-AIR,"hi sir
ordered the wrong colour, don't ship it
anyone there","1. Order cancellation
2. Cancelled before dispatch
3. Full refund processed (1439)"
TK-242441,2025-05,A3001,Suresh Kaur,Chat Frontline,WTY-BUYBACK,1439.0,note_only,"...urce -> replacement raised. | refund + rplc, cx escalation avoided. ~Sure...","policy S5: agent note states both a refund and a replacement were given | amount converted from legacy paise (D-03, factor 100)",2,legacy_fd,VR893049,VA-EB-AIR,"Product: airlite earbuds
Order: VR893049
Purchased: January 31
Issue: buzzing sound from the speaker
Tried: changed EQ
Expected: refund","re: static noise in audio | chhecked with different source -> replacement raised. | refund + rplc, cx escalation avoided. ~Suresh"
TK-243823,2025-08,A3030,Aishwarya Trivedi,Logistics,GW-OTHER,1439.0,,,"policy S5: GW-OTHER refund above the Rs 500 goodwill cap | amount converted from legacy paise (D-03, factor 100)",2,legacy_fd,VR893621,VA-EB-AIR,"deaar team, ordered airlite around diwali.  product arrived damaged. kindly look ino it.",Cx reported damaged in transit. Checked with courier for damage claim. Refund of Rs 1439 initiated to source. //AIS
TK-247568,2025-11,A3041,Mohammed Mehta,Escalations & Warranty,GW-OTHER,1439.0,flag_only,,policy S5: refund and replacement both issued (replacement_issued=Y) | policy S5: GW-OTHER refund above the Rs 500 goodwill cap,2,helpdesk,VR896562,VA-EB-AIR,warranty claim pending for 15 days,"1. RMA status query
2. Checked RMA status
3. Cx updated, ETA shared. | Refunded Rs 1439 and also raised rplc, cx was very upset."
TK-250499,2026-02,A3005,Payal Bhatia,Chat Frontline,GW-OTHER,1439.0,flag_only,,policy S5: refund and replacement both issued (replacement_issued=Y) | policy S5: GW-OTHER refund above the Rs 500 goodwill cap,2,helpdesk,VR891472,VA-EB-AIR,"dear sir/madam,

i am writing wtih reference to my order of the airlite buds placed on 10 feb. cannoot pair the airlite buds with my laptop. i have tried on another phone. i request you to process a refund to my original payment method.

yours faithfully,
ananya sethi","Contact re pairing failure. Asked cx to reset the device. Reset done, paired ok. | Money back to source and a fresh pair shipped."
TK-240691,2025-02,A3036,Ritika D'Souza,Returns Desk,GW-OTHER,1424.0,,,"policy S5: GW-OTHER refund above the Rs 500 goodwill cap | amount converted from legacy paise (D-03, factor 100)",2,legacy_fd,VR881383,VA-AC-CH65,"hello
where is the money for the return
your charger VR881383",Customer reached out - rfnd delay. Checked reverse pickup QC status. Refunded Rs 1424. Closing. (SOP 2.7)
TK-240117,2025-01,A3036,Ritika D'Souza,Returns Desk,GW-OTHER,1400.0,,,"policy S5: GW-OTHER refund above the Rs 500 goodwill cap | amount converted from legacy paise (D-03, factor 100)",2,legacy_fd,VR909167,VA-HP-ST3,I have been a loyal customer and this is how you treat me.  Bought my Strata 3 headphones around 31-12-2024 from vireo.in. still waiting for my refund. I already emailed twice. Fix this or I am posting on twitter.,Ticet raised for rfnd delay. Checked reverse pkp QC status. Full rfnd processed (1400). Case closed with cx consent.
TK-241934,2025-05,A3036,Ritika D'Souza,Returns Desk,GW-OTHER,1400.0,,,"policy S5: GW-OTHER refund above the Rs 500 goodwill cap | amount converted from legacy paise (D-03, factor 100)",2,legacy_fd,VR907010,VA-HP-ST3,"hi
the return was accepted but the amount is nowhere in my account
anyone there","Cx says rfnd not credited. chk reverse pickup QC status. rfnd approved, Rs 1400, 5-7 working days. Cx informed."
TK-244231,2025-08,A3012,Lakshmi Srivastava,Chat Frontline,GW-OTHER,1400.0,,,"policy S5: GW-OTHER refund above the Rs 500 goodwill cap | amount converted from legacy paise (D-03, factor 100)",2,legacy_fd,VR880738,VA-EB-PL2,"please cancel, ordered by msitake
VR880738",contact re cancel order. checked shipment status. full rfnd processed (1400).
TK-241676,2025-04,A3036,Ritika D'Souza,Returns Desk,GW-OTHER,1300.0,,,"policy S5: GW-OTHER refund above the Rs 500 goodwill cap | amount converted from legacy paise (D-03, factor 100)",2,legacy_fd,VR908044,VA-SW-NX2,where is the money for the return - waiting for your reply,"re: refund delay | checked reverse pickup qc sttaus -> refund approved, rs 1300, 5-7 working days (SOP 3.1)"
TK-242121,2025-05,A3043,Nikhil Gupta,Escalations & Warranty,GW-OTHER,1300.0,,,"policy S5: GW-OTHER refund above the Rs 500 goodwill cap | amount converted from legacy paise (D-03, factor 100)",2,legacy_fd,VR897571,VA-SW-NX2,"Hi there, Ordered the Nexa 2 recently. Claim number RMA53698, anyone alive there?. I called service centre. Nothing changed. Very poor quality. Waiting for your reply. Regards, Riya",resolved on call //NIK
TK-240564,2025-02,A3022,Daniel Arora,Email Frontline,GW-OTHER,1299.0,,,"policy S5: GW-OTHER refund above the Rs 500 goodwill cap | amount converted from legacy paise (D-03, factor 100)",2,legacy_fd,VR894083,VA-NB-ARC,mic not working on calls.  VR894083. can someone fix this?,Ticket raised for mic issue. Tested on call w/ cx. Refund of Rs 1299 initiated to source.
TK-242670,2025-06,A3012,Lakshmi Srivastava,Chat Frontline,GW-OTHER,1299.0,,,"policy S5: GW-OTHER refund above the Rs 500 goodwill cap | amount converted from legacy paise (D-03, factor 100)",2,legacy_fd,VR902155,VA-NB-ARC,"Product: the neckband
Order: VR902155
Purchased: 11/05
Issue: bluetooth pairing fails every time
Tried: tried on another phone
Expected: callback","ticket raised for device not discoverable. chk phone os version. re-pair successful, resolved on chat.
refund processed to source; rplc unit also shipped."
TK-251476,2026-03,A3031,Zaid Desai,Logistics,DOA-REPL,1299.0,flag+note,"...der vs delivered item photos. Issued refund + replacement both, TL aware.",policy S5: refund and replacement both issued (replacement_issued=Y) | policy S5: agent note states both a refund and a replacement were given,2,helpdesk,VR890468,VA-AC-CASE,"hii
got a different colour than ordered
kindly do the needful","Replacement unit dispatched. Issue: incorrect product shipped. Verified order vs delivered item photos. Issued refund + replacement both, TL aware."
TK-251620,2026-03,A3013,Rohit Nair,Chat Frontline,GW-OTHER,1299.0,flag_only,,policy S5: refund and replacement both issued (replacement_issued=Y) | policy S5: GW-OTHER refund above the Rs 500 goodwill cap,2,helpdesk,VR897550,VA-NB-ARC,"bluetooth keeps cutting out, VR897550, i want my money back","1. connection droppping
2. advised to tet in different location
3. replacement raised, rma shared with cx. | refunded rs 1299 and also raised replacement, cx was very upset. ~Rohit"
TK-253966,2026-06,A3030,Aishwarya Trivedi,Logistics,GW-OTHER,1299.0,note_only,"... RTO confirmed, reshipped. -- refund + rplc, cx escalation avoided. //AIS",policy S5: agent note states both a refund and a replacement were given | policy S5: GW-OTHER refund above the Rs 500 goodwill cap,2,helpdesk,VR908750,VA-AC-CASE,"Dear Sir/Madam,

I am writing with reference to my order of spare case (VR908750) placed on June 02. The courier marked it delvered but nobody in my house got anything. I have chcked the tracking page daily. I request u to look into this matter at the earliest.

Regards,
Kabir Arora","Cust contacted re shipment not received. Confirmed address with cx. RTO confirmed, reshipped. -- refund + rplc, cx escalation avoided. //AIS"
TK-254298,2026-06,A3022,Daniel Arora,Email Frontline,GW-OTHER,1299.0,flag_only,,policy S5: refund and replacement both issued (replacement_issued=Y) | policy S5: GW-OTHER refund above the Rs 500 goodwill cap,2,helpdesk,VR898545,VA-NB-ARC,"Dear Sir/Madam,

I am writing with reference to my order of the neckband placed on 01-08-2025. Dies by lunchtime with light use. I have fully charged and discharged twice. I request you to provide a resolution within 3 working days.

Regards,
Dev Gill",Cx reported rapid battery drain. Advised disabling ANC/AOD to test. Transferred to Email Frontline. Escalated to warranty. | Refund processed to source; replacement unit also shipped.
TK-242302,2025-05,A3034,Tanvi Rathore,Billing,GW-OTHER,1274.0,,,"policy S5: GW-OTHER refund above the Rs 500 goodwill cap | amount converted from legacy paise (D-03, factor 100)",2,legacy_fd,VR898953,VA-AC-CH65,"Product: 65W charger
Order: VR898953
Purchased: 13-05-2025
Issue: double payment deducted
Tried: checked w/ bank
Expected: callback",rslvd on call (sop 2.7)
TK-244622,2025-09,A3009,Sukhwinder Singh,Chat Frontline,GW-OTHER,1234.0,,,"policy S5: GW-OTHER refund above the Rs 500 goodwill cap | amount converted from legacy paise (D-03, factor 100)",2,legacy_fd,VR896980,VA-NB-ARC,bluetooth keeps cutting out,"Customer states connection dropping. Checked interference sources. rplc raised. | Cx got the amount back, also sending a new set to keep him happy. //SUK"
TK-241118,2025-03,A3034,Tanvi Rathore,Billing,GW-OTHER,1187.0,,,"policy S5: GW-OTHER refund above the Rs 500 goodwill cap | amount converted from legacy paise (D-03, factor 100)",2,legacy_fd,VR894843,VA-SP-MINI,"refund was promised 12 days ago and nothing, waiting for ur reply",done. refund issued; replacement not applicable (out of stock).
TK-246601,2025-11,A3033,Vikram Banerjee,Billing,GW-OTHER,1187.0,,,policy S5: GW-OTHER refund above the Rs 500 goodwill cap | refund recorded on an open/pending ticket (D-10),2,helpdesk,VR907826,VA-SP-MINI,"hey
payment went through but i got no order id
the mini speaker VR907826
anyone there","1. amount deducted without ord
2. chk pg dashboard for txn
3. full rfnd processed (1187)"
TK-242025,2025-05,A3011,Rohit Gill,Chat Frontline,GW-OTHER,1170.0,,,"policy S5: GW-OTHER refund above the Rs 500 goodwill cap | amount converted from legacy paise (D-03, factor 100)",2,legacy_fd,VR902396,VA-SW-NX2,"I am losing patience. Ordered my Nexa 2 watch 3 weeks back. please cancel, ordered by mistake. I already tried cancel button, greyed out. Refund. Now.",Refunded Rs 1170. Issue: ord cancellation. Cancelled before dispatch.
TK-242877,2025-06,A3033,Vikram Banerjee,Billing,GW-OTHER,1169.0,,,"policy S5: GW-OTHER refund above the Rs 500 goodwill cap | amount converted from legacy paise (D-03, factor 100)",2,legacy_fd,VR886517,VA-NB-ARC,"sir ji
my bank says rs 1799 went to you but yor site says i have no orders
bahut pareshan hu
teh neckband
??","1. failed order after payment
2. conf with payment gateway
3. refund of rs 1169 initiated to source"
TK-247128,2025-11,A3028,Sameer Kapoor,Logistics,GW-OTHER,1105.0,,,policy S5: GW-OTHER refund above the Rs 500 goodwill cap | refund recorded on an open/pending ticket (D-10),2,helpdesk,VR906951,VA-SW-NX2,"dear sir/madam,

i am writing with reference to my order of nexa 2 placed on 10/11. received damaged product. i have refused nothing as i didn't notice till later. i request you to look into this matter at the earliest.

regards,
ishaan sethi
kolkata",customer reached out - unit rcvd damaged. chk w/ crr for damage claim. full rfnd processed (1105).
TK-240759,2025-02,A3030,Aishwarya Trivedi,Logistics,DOA-REPL,1104.0,flag_only,,"policy S5: refund and replacement both issued (replacement_issued=Y) | amount converted from legacy paise (D-03, factor 100)",2,legacy_fd,VR893379,VA-NB-ARC,"Hi there, Got the neckband from vireo.in last month. Opened the parcel and it is a completely different thing. I want my monney back. Thanks Thomas","Cust contacted re incorrect product shipped. Raised w/ warehouse. Replacement raised, RMA shared w/ cx. Credited full amount, new unit also going out tomorrow. //AIS"
TK-242080,2025-05,A3035,Dev Kulkarni,Billing,GW-OTHER,1104.0,,,"policy S5: GW-OTHER refund above the Rs 500 goodwill cap | amount converted from legacy paise (D-03, factor 100)",2,legacy_fd,VR909747,VA-NB-ARC,"card charged two times, VR909747",Cx says duplicate payment. conf UTRs. Refunded Rs 1104. Cx informed.
TK-243085,2025-07,A3030,Aishwarya Trivedi,Logistics,WTY-BUYBACK,1104.0,flag_only,,"policy S5: refund and replacement both issued (replacement_issued=Y) | amount converted from legacy paise (D-03, factor 100)",2,legacy_fd,VR900630,VA-NB-ARC,"Dear team, This is regarding the neckband. Package not delivered even after 5 days. I checked the tracking page daily. Waiting for your reply. Thanks Diya Bhatt","cx ok.
Credited full amount, new unit also going out tomorrow. //AIS"
TK-241932,2025-05,A3035,Dev Kulkarni,Billing,GW-OTHER,1000.0,,,"policy S5: GW-OTHER refund above the Rs 500 goodwill cap | amount converted from legacy paise (D-03, factor 100)",2,legacy_fd,VR899422,VA-SW-NX1,"hi
i was charged tice for one order
anyone there",Contact re charged twice. chk PG for duplicate txn. Flul rfnd processed (1000). Will monitor.
TK-244757,2025-09,A3034,Tanvi Rathore,Billing,GW-OTHER,1000.0,,,"policy S5: GW-OTHER refund above the Rs 500 goodwill cap | amount converted from legacy paise (D-03, factor 100)",2,legacy_fd,VR907631,VA-SP-MINI,"Hello,
Got the mini speaker from Flipkart 10 days ago. Pyment was deducted but no order was created.
I tried logging out and in. Nothing changed.
How do I get this fixed?
Please revert Bhavna","order manually created. issue: payment debited, no order. confirmed with payment gateway."
TK-242112,2025-05,A3032,Sneha Bansal,Billing,GW-OTHER,975.0,,,"policy S5: GW-OTHER refund above the Rs 500 goodwill cap | amount converted from legacy paise (D-03, factor 100)",2,legacy_fd,VR897415,VA-SW-NX2,"I am losing patience. Ordered the Neax 2 a month ago. change of mind, pls stop the shipment. I already trieed cancel button, greyed out. I want a replacement or refund, nothing else","1. ord cancellation
2. cancelled before dispatch
3. rfnd of rs 975 initiated to source ~Sneha"
TK-246175,2025-10,A3035,Dev Kulkarni,Billing,GW-OTHER,945.0,,,policy S5: GW-OTHER refund above the Rs 500 goodwill cap | refund recorded on an open/pending ticket (D-10),2,helpdesk,VR887067,VA-HP-ST3,"[IVR transcript] mony debited but order not showing, please resovle asap","Contact re paymetn debited, no ord. Asked for UTR. Refunded Rs 945. Case closed w/ cx consent."
TK-240953,2025-03,A3002,Steven Ansari,Chat Frontline,GW-OTHER,900.0,,,"policy S5: GW-OTHER refund above the Rs 500 goodwill cap | amount converted from legacy paise (D-03, factor 100)",2,legacy_fd,VR891289,VA-HP-ST2,"hi
money debited but order not showing
my strata 2 headphones",re: amount deducted without order | checked pg dashboard for txn -> full refund processed (900) (sop 4.2) [closed]
TK-242715,2025-06,A3038,Ankit Dhillon,Returns Desk,GW-OTHER,900.0,,,"policy S5: GW-OTHER refund above the Rs 500 goodwill cap | amount converted from legacy paise (D-03, factor 100)",2,legacy_fd,VR901648,VA-SW-FIT,"hello
i have been sitting at home for 3 days waiting for your courier
nexa fit VR901648
pls reply","1. pkp not done
2. Re-raised pkp w/ courier
3. Full refund processed (900)"
TK-244323,2025-08,A3032,Sneha Bansal,Billing,GW-OTHER,810.0,,,"policy S5: GW-OTHER refund above the Rs 500 goodwill cap | amount converted from legacy paise (D-03, factor 100)",2,legacy_fd,VR891943,VA-SP-ORB,"dear team, this is regarding orbit speaker. card charged two times. how do i get this fixed? thank you","1. charged twice
2. confirmed utrs
3. refunded rs 810 ~Sneha"
TK-241559,2025-04,A3031,Zaid Desai,Logistics,GW-OTHER,800.0,,,"policy S5: GW-OTHER refund above the Rs 500 goodwill cap | amount converted from legacy paise (D-03, factor 100)",2,legacy_fd,VR882713,VA-SW-FIT,"Namaste, Tihs is regarding teh fit band. Received damaged product. I want a replacement. Thanks in advance,","Replacement dispatched. Issue: damaged in transit. Photos received, damage confirmed."
TK-242358,2025-05,A3037,Manish Iyer,Returns Desk,GW-OTHER,800.0,,,"policy S5: GW-OTHER refund above the Rs 500 goodwill cap | amount converted from legacy paise (D-03, factor 100)",2,legacy_fd,VR902719,VA-SW-FIT,"Product: Nexa Fit
Order: VR902719
Purchased: 20/05
Issue: got a different colour than orered
Tried: checked teh invoice
Expected: resoltion",resolved on call ~Manish
TK-241962,2025-05,A3015,Sameer Jadhav,Chat Frontline,GW-OTHER,750.0,,,"policy S5: GW-OTHER refund above the Rs 500 goodwill cap | amount converted from legacy paise (D-03, factor 100)",2,legacy_fd,VR880866,VA-AC-CH65,"not what i expected from vireo. i bought your charger on 26-04-2025. change of mind, please stop the shipment. i already tried cancel button, greyed out. i want a replacement or refund, nothing else.",Full refund processed (750). Issue: cancel order. Checked shipment status. [closed]
TK-243657,2025-07,A3033,Vikram Banerjee,Billing,GW-OTHER,750.0,,,"policy S5: GW-OTHER refund above the Rs 500 goodwill cap | amount converted from legacy paise (D-03, factor 100)",2,legacy_fd,VR897206,VA-SW-NX1,[IVR transcript] my bank shows the same amount twice on the same day - VR897206,"1. charged twice
2. checked pg for duplicate txn
3. rfnd approved, rs 750, 5-7 working days"
TK-242100,2025-05,A3028,Sameer Kapoor,Logistics,GW-OTHER,720.0,,,"policy S5: GW-OTHER refund above the Rs 500 goodwill cap | amount converted from legacy paise (D-03, factor 100)",2,legacy_fd,VR906977,VA-SP-ORB,box was crushed and the orbit speaker is cracked - need this sorted this week,"1. unit received damaged
2. chk wtih crr for damage claim
3. rfnd approved, rs 720, 5-7 working days"
TK-243542,2025-07,A3032,Sneha Bansal,Billing,GW-OTHER,720.0,,,"policy S5: GW-OTHER refund above the Rs 500 goodwill cap | amount converted from legacy paise (D-03, factor 100)",2,legacy_fd,VR889547,VA-SP-ORB,[IVR transcript] hey promo code shows invalid,"1. coupon not applied
2. chk coupon validity
3. rfnd approved, rs 720, 5-7 working days ~Sneha"
TK-240263,2025-01,A3029,Rajat Mukherjee,Logistics,GW-OTHER,718.0,,,"policy S5: GW-OTHER refund above the Rs 500 goodwill cap | amount converted from legacy paise (D-03, factor 100)",2,legacy_fd,VR898229,VA-AC-CBL,"Very poor quality.  BOUGHT THE CABLE AROUND 02/08 FROM AMAZON. package not delivered even after 16 days. I already called the courier. I want a replacement or refund, nothing else.",refund initiated as lost in transit. issue: order not delivered. confirmed address with cx. -- full refund issued and replacement dispatched as goodwill. -RM
TK-244746,2025-09,A3005,Payal Bhatia,Chat Frontline,GW-OTHER,712.0,,,"policy S5: GW-OTHER refund above the Rs 500 goodwill cap | amount converted from legacy paise (D-03, factor 100)",2,legacy_fd,VR893356,VA-HP-ST2,payment was deducted but no order was created,"1. Failed order after payment
2. Asked for UTR
3. Order manually created"
TK-249147,2026-01,A3013,Rohit Nair,Chat Frontline,GW-OTHER,700.0,,,policy S5: GW-OTHER refund above the Rs 500 goodwill cap | refund recorded on an open/pending ticket (D-10),2,helpdesk,VR898498,VA-EB-PL2,"Dear Sir/Madam,

I am writing with reference to my order of Pulse2 (VR898498) placed on 04-12-2025. The left one is dead every morning even though it was in the case all night. I have tried a different cable. I request you to kindly arrange a replacement.

Regards,
Faisal Patil",full refund processed (700). issue: l bud no charge in case. tested with cx on call. ~Rohit
TK-240247,2025-01,A3032,Sneha Bansal,Billing,GW-OTHER,674.0,,,"policy S5: GW-OTHER refund above the Rs 500 goodwill cap | amount converted from legacy paise (D-03, factor 100)",2,legacy_fd,VR904442,VA-AC-CH65,"dear sir/madam,
i bought the gan charger on 31 dec. you picked up the item 11 days ago and my money hasn't come back.
i want a replacement.
please revert","1. rfnd pending
2. checked rfnd status on pg
3. full rfnd processed (674) ~Sneha"
TK-251387,2026-03,A3033,Vikram Banerjee,Billing,GW-OTHER,638.0,,,policy S5: GW-OTHER refund above the Rs 500 goodwill cap | refund recorded on an open/pending ticket (D-10),2,helpdesk,VR894924,VA-AC-CBL,"To the Vireo Customer Care Team,

I am writing with reference to my order of USB-C cable placed on 19-03-2026. UPI shows success, your app shows nothing. I have tried logging out and in. I REQUEST YOU TO KINDLY ARRANGE A REPLACEMENT.

YOURS FAITHFULLY,
ARJUN KAUR","1. payment debited, no ord
2. checked pg dashboard for txn
3. refund approved, rs 638, 5-7 working days"
TK-242222,2025-05,A3020,Aadhya Singh,Email Frontline,GW-OTHER,630.0,,,"policy S5: GW-OTHER refund above the Rs 500 goodwill cap | amount converted from legacy paise (D-03, factor 100)",2,legacy_fd,VR903392,VA-HP-ST3,"namaste, this is regarding my strata 3 headphones. coupon code not working. what do i do now? thanks in advance, ritika bhatia","cx states coupon not applied. chk coupon validity. rfnd approved, rs 630, 5-7 working days."
TK-242963,2025-06,A3002,Steven Ansari,Chat Frontline,GW-OTHER,617.0,,,"policy S5: GW-OTHER refund above the Rs 500 goodwill cap | amount converted from legacy paise (D-03, factor 100)",2,legacy_fd,VR891435,VA-SW-NX2,"hi, nexa 2 purchased 3 weeks back, order vr891435. want to cancel my order. i tried cancel button, greyed out. nothing changed. please call me on my registered number. thanks in advance,",issue: cancellation request | cancelled before dispatch -> refunded rs 617 [closed]
TK-241398,2025-04,A3018,Krishna Bhatt,Email Frontline,GW-OTHER,600.0,,,"policy S5: GW-OTHER refund above the Rs 500 goodwill cap | amount converted from legacy paise (D-03, factor 100)",2,legacy_fd,VR893301,VA-SP-ORB,"this is regarding orbit speaker. connection drops constantly.
i kept phone in hand. nothing changed.
i want a replacement.",cx: connection dropping | advised to test in different location -> full refund processed (600) ~Krishna
TK-244733,2025-09,A3035,Dev Kulkarni,Billing,GW-OTHER,600.0,,,"policy S5: GW-OTHER refund above the Rs 500 goodwill cap | amount converted from legacy paise (D-03, factor 100)",2,legacy_fd,VR905751,VA-AC-CH65,double payment deducted - VR905751 - please help,"1. Duplicate payment
2. Confirmed UTs
3. rfnd processed"
TK-246642,2025-11,A3032,Sneha Bansal,Billing,GW-OTHER,584.0,,,policy S5: GW-OTHER refund above the Rs 500 goodwill cap | refund recorded on an open/pending ticket (D-10),2,helpdesk,VR893442,VA-AC-CASE,"Product: the charging case I ordered
Purchased: 27/10
Issue: payment went through but I got no order id
Tried: tried logging out and in
Expected: resolution",see prev ~Sneha
TK-244164,2025-08,A3035,Dev Kulkarni,Billing,GW-OTHER,525.0,,,"policy S5: GW-OTHER refund above the Rs 500 goodwill cap | amount converted from legacy paise (D-03, factor 100)",2,legacy_fd,VR896078,VA-EB-PL2,"Product: pulse 2 buds
Purchased: August 09
Issue: payment went through but I got no order id
Tried: tried logging out and in
Expected: resolution","1. Failed order after payment
2. Asekd for UTR
3. rfnd approved, Rs 525, 5-7 working days"
TK-248011,2025-12,A3031,Zaid Desai,Logistics,GW-OTHER,525.0,,,policy S5: GW-OTHER refund above the Rs 500 goodwill cap | refund recorded on an open/pending ticket (D-10),2,helpdesk,,VA-EB-PL2,"pathetic experience honestly. got pulse 2 buds from vireo.in last week. nobody came for the pickup. i already rescheduled pickup twice. i want a replacement or refund, nothing else.","Refund approved, Rs 525, 5-7 working days. Issue: pickup not done. Checked pickup AWB. Via Logistics."
TK-247267,2025-11,A3016,Thomas Kumar,Email Frontline,DOA-REPL,13998.0,flag_only,,policy S5: refund and replacement both issued (replacement_issued=Y),1,helpdesk,VR905993,VA-HP-ST3,"namaste, i bought strata 3 on september 15. not pairing with my phone. i forgot the device and tried again. nothing changed. kindly look into it.","Customer states pairing failure. Walked through forget + re-pair. Reset done, paired ok.
Cx got the amount back, also sending a new set to keep him happy. -TK"
TK-248840,2026-01,A3029,Rajat Mukherjee,Logistics,GW-OTHER,12598.0,,,policy S5: GW-OTHER refund above the Rs 500 goodwill cap,1,helpdesk,VR884243,VA-HP-ST3,"hi sir
it connects for a second and then vanishes from the device liist
the strata 3
??","advised fw update via app, resolved. issue: device not discoverable. checked phone os version. via logistics. | reversed the payment and dispatched a new one under rma. -RM"
TK-250580,2026-02,A3027,Priya Agarwal,Logistics,GW-OTHER,12348.0,,,policy S5: GW-OTHER refund above the Rs 500 goodwill cap,1,helpdesk,VR889252,VA-SW-NX2,"hii
got a different colour than ordered
my nexa 2 watch VR889252
pls reply","1. Incorrect product shipped
2. Raised with warehouse
3. rfnd approved, Rs 12348, 5-7 working days. Offered replacement, cx preferred refund. Refund processed."
TK-253996,2026-06,A3037,Manish Iyer,Returns Desk,GW-OTHER,12348.0,,,policy S5: GW-OTHER refund above the Rs 500 goodwill cap,1,helpdesk,VR893891,VA-SW-NX2,"helo
received damaged product",done ~Manish
TK-245488,2025-10,A3026,Aadhya Deshpande,Voice Frontline,GW-OTHER,11898.0,,,policy S5: GW-OTHER refund above the Rs 500 goodwill cap,1,helpdesk,VR890034,VA-HP-ST3,[IVR transcript] audio keeps disconnecting every few minutes. please help,"re: connection dropping | adv to test in different location -> fw update rslvd.
Processed FR & raised RMA for new set. //AAD"
TK-246379,2025-10,A3033,Vikram Banerjee,Billing,GW-OTHER,11898.0,,,policy S5: GW-OTHER refund above the Rs 500 goodwill cap,1,helpdesk,VR889575,VA-HP-ST3,mic not working on calls,"1. mic not working on calls
2. tested on call with cx
3. xfer to billing
4. permissions fixed, rslvd.
full refund issued and replacement dispatched as goodwill."
TK-247120,2025-11,A3027,Priya Agarwal,Logistics,GW-OTHER,11398.0,,,policy S5: GW-OTHER refund above the Rs 500 goodwill cap,1,helpdesk,VR884769,VA-SP-ORB,[IVR transcript] helo received damaged product my orbit urgent,"1. Unit received damaged
2. Photos received, damage confirmed
3. Refund of Rs 11398 initiated to source"
TK-250470,2026-02,A3038,Ankit Dhillon,Returns Desk,GW-OTHER,11048.0,,,policy S5: GW-OTHER refund above the Rs 500 goodwill cap,1,helpdesk,VR881525,VA-SW-NX2,the return was accepted but the amount is nowhere in my account. VR881525,"rfnd of Rs 11048 initiated to source. Issue: rfnd delay. Checked rfnd status on PG. | Cx asked for replacement + rfnd, explained policy, rfnd only."
TK-245274,2025-09,A3029,Rajat Mukherjee,Logistics,GW-OTHER,9998.0,,,policy S5: GW-OTHER refund above the Rs 500 goodwill cap,1,helpdesk,VR890575,VA-SW-NX1,[IVR transcript] refund was promised 21 days ago and nothing vr890575,refund reprocessed. issue: refund not credited. checked reverse pickup qc status. via logistics.
TK-246313,2025-10,A3035,Dev Kulkarni,Billing,GW-OTHER,9998.0,,,policy S5: GW-OTHER refund above the Rs 500 goodwill cap,1,helpdesk,VR880991,VA-SW-NX1,[IVR transcript] payment was deducted but no order was created. i want a replacement,"issue: payment debited, no ord | confirmed w/ payment gatway -> full rfnd processed (9998)"
TK-251831,2026-04,A3036,Ritika D'Souza,Returns Desk,GW-OTHER,9498.0,,,policy S5: GW-OTHER refund above the Rs 500 goodwill cap,1,helpdesk,VR882036,VA-HP-ST2,"product: my strata 2 headphoones
order: vr882036
purchased: 08-03-2026
issue: where is the money for the return
tried: emailed twice
expected: refund","Contact re rfnd delay. chk reverse pickup QC status. rfnnd approved, Rs 9498, 5-7 working days. Cx informed. -- Replacement was offered earlier by chat team, cx opted for refund."
TK-242270,2025-05,A3036,Ritika D'Souza,Returns Desk,GW-OTHER,6999.0,,,policy S5: GW-OTHER refund above the Rs 500 goodwill cap,1,helpdesk,VR882542,VA-HP-ST3,"hii
where is the money for the return",Cx reported refund delay. Checked refund status on PG. Refund conf credited. Cx informed.
TK-245048,2025-09,A3034,Tanvi Rathore,Billing,GW-OTHER,6999.0,,,policy S5: GW-OTHER refund above the Rs 500 goodwill cap,1,helpdesk,VR891232,VA-HP-ST3,"hey,
bought the strata 3 around 15-09-2025 from vireo.in. two entries of rs 3499 on my statemnet for one pair of earbuds.
i waited a week. nothing changed.
need this sorted this week.
regards, priya reddy",cx ok
TK-245141,2025-09,A3028,Sameer Kapoor,Logistics,GW-OTHER,6999.0,,,policy S5: GW-OTHER refund above the Rs 500 goodwill cap,1,helpdesk,VR907463,VA-HP-ST3,"Hello, I bought Strata 3 on September 17. Box was cruhsed and the Strata 3 is cracked. I refused nothing as I didn't notice till later. What do I do now? Please revert Mohammed Mittal","cust contacted re unit rcvd damaged. photos rcvd, damage conf. rplc raised, rma shared w/ cx. full rfnd issued & rplc dispatched as goodwill."
TK-245326,2025-09,A3039,Reyansh Mishra,Escalations & Warranty,GW-OTHER,6999.0,,,policy S5: GW-OTHER refund above the Rs 500 goodwill cap,1,helpdesk,VR888288,VA-HP-ST3,no update on my repair - i want my money back,re: rma status query | followed up with service centre -> full refund processed (6999)
TK-245440,2025-10,A3001,Suresh Kaur,Chat Frontline,GW-OTHER,6999.0,,,policy S5: GW-OTHER refund above the Rs 500 goodwill cap,1,helpdesk,VR880289,VA-HP-ST3,"to the vrieo customer care team,

i am writing with reference to my order of my srtata 3 headphones placed on septeber 30. please cancel, ordered by mistake. i hvae tried cancel button, greyed out. i request you to loook itno ths matter at the earliest.

regards,
tanvi pandey",issue: cancellation request | checked shipment status -> refund of rs 6999 initiated to source
TK-245745,2025-10,A3002,Steven Ansari,Chat Frontline,GW-OTHER,6999.0,,,policy S5: GW-OTHER refund above the Rs 500 goodwill cap,1,helpdesk,VR883384,VA-HP-ST3,"To the Vireo Customer Care Team,

I am writing with reference to my order of Strata 3 placed on October 08.  Screen has a crack before I even switched it on. I have refused nothing as I didn't notice till later. I request you to look into this matter at the earliest.

Yours faithfully,
Rajat Bansal",cx: damaged in transit | checked with courier for damage claim -> full refund processed (6999) | xfer chat frontline (sop 5.4) [closed]
TK-245871,2025-10,A3028,Sameer Kapoor,Logistics,GW-OTHER,6999.0,,,policy S5: GW-OTHER refund above the Rs 500 goodwill cap,1,helpdesk,,VA-HP-ST3,"product: strata 3
purchased: 15/10
issue: it has been 16 days and i have nothing in hand
tried: checked the tracking page daily
expected: replacement",cx states ord not delivered. raised ticket w/ crr partner. refunded rs 6999. rfnd issued; rplc not applicable (out of stock).
TK-247145,2025-11,A3032,Sneha Bansal,Billing,GW-OTHER,6999.0,,,policy S5: GW-OTHER refund above the Rs 500 goodwill cap,1,helpdesk,VR898622,VA-HP-ST3,"Hello Vireo, Ordered Strata 3 a month ago.  Refund was promised 15 days ago and nothing. I emailed twice. Honestly regretting this purchase. Please call me on my registered number. Thanks in advance, Hasrh","1. rfnd pending
2. checked rfnd status on pg
3. arn shared with cx.
full rfnd issued and replacement dispatched as goodwill. ~Sneha"
TK-247342,2025-11,A3005,Payal Bhatia,Chat Frontline,GW-OTHER,6999.0,,,policy S5: GW-OTHER refund above the Rs 500 goodwill cap,1,helpdesk,VR896294,VA-HP-ST3,"product: my strata 3 heapdhones
purchased: 07/11
issue: only one side plays sound
tried: reset the buds
expected: refund","Ticket raised for no audio one side. chk balance settings with cx. esc to wty. Refunded Rs 6999 & also raised rplc, cx was very upset."
TK-247661,2025-11,A3026,Aadhya Deshpande,Voice Frontline,GW-OTHER,6999.0,,,policy S5: GW-OTHER refund above the Rs 500 goodwill cap,1,helpdesk,VR882515,VA-HP-ST3,[IVR transcript] microphone is very low on the my Strata 3 headphones,"issue: mic not working on calls | tested on call with cx -> rplc raised. -- Cx got the amount back, also sending a new set to keep him happy. //AAD"
TK-248352,2025-12,A3002,Steven Ansari,Chat Frontline,GW-OTHER,6999.0,,,policy S5: GW-OTHER refund above the Rs 500 goodwill cap,1,helpdesk,VR889940,VA-HP-ST3,"Hello Vireo, This is regarding Strata 3. Works for music but useless for meetings. I tried different apps. I watn a replacement.","cx: low mic pickup | tested on call with cx -> new unit shipped under doa.
amount returned to card; fresh unit shipped from blr warehouse. [closed]"
TK-248560,2025-12,A3002,Steven Ansari,Chat Frontline,DOA-REPL,6999.0,flag_only,,policy S5: refund and replacement both issued (replacement_issued=Y),1,helpdesk,VR890269,VA-HP-ST3,"Dear Sir/Madam,

I am wriing with reference to my order of my Strata 3 headphones placed on 13 Jun. Everyone on my calls says I sound like I'm underwater. I have checked mic permissions. I requset you to provide a resoolution within 3 worknig days.

Yours faithfully,
Saanvi Malhotra
Mysuru",see prev. | refund processed to source; replacement unit also shipped. [closed]
TK-249067,2026-01,A3036,Ritika D'Souza,Returns Desk,GW-OTHER,6999.0,,,policy S5: GW-OTHER refund above the Rs 500 goodwill cap,1,helpdesk,,VA-HP-ST3,"Product: the strata 3
Order: VR902188
Purchased: 20/12
Issue: packed the box a week ago and it's still here
Tried: called courier
Expected: callback",Cx reported pkp missed. Re-raised pkp with courier. rfnd of Rs 6999 initiated to source. Case closed with cx consent. (SOP 4.2)
TK-249163,2026-01,A3035,Dev Kulkarni,Billing,GW-OTHER,6999.0,,,policy S5: GW-OTHER refund above the Rs 500 goodwill cap,1,helpdesk,VR883775,VA-HP-ST3,"Product: the strata 3
Order: VR883775
Purchased: 03 Jan
Issue: double payment deducted
Tried: waited a week
Expected: refund",Customer states duplicate payment. Coonfirmed UTRs. Duplicate refunded to source. Closing.
TK-251856,2026-04,A3034,Tanvi Rathore,Billing,GW-OTHER,6999.0,,,policy S5: GW-OTHER refund above the Rs 500 goodwill cap,1,helpdesk,VR906674,VA-HP-ST3,"Hello Vireo,
Bought Strata 3 around 02 Apr from Flipkart.  Double payment deducted.
I waited a week. Nothing changed.
Waiting for your reply.
Thanks in advance, Tenzin Yadav",cx ok
TK-252076,2026-04,A3038,Ankit Dhillon,Returns Desk,GW-OTHER,6999.0,,,policy S5: GW-OTHER refund above the Rs 500 goodwill cap,1,helpdesk,VR893347,VA-HP-ST3,"Dear Sir/Madam,
This is regarding the strata 3. You picked up the item 17 days ago and my money hasn't come back.
Can someone fix this?
Rgds,","1. Refund pending
2. chk reverse pkp QC status
3. Refunded Rs 6999. rfnd issued; replacement not applicable (out of stock)."
TK-253451,2026-05,A3009,Sukhwinder Singh,Chat Frontline,GW-OTHER,6999.0,,,policy S5: GW-OTHER refund above the Rs 500 goodwill cap,1,helpdesk,VR902816,VA-HP-ST3,"helo
i hear music in one ear only, other is mute",Cust contacted re no audio one side. Asked cx to check bud in case. Escalated to warranty. | Refund processed to source; rplc unit also shipped. //SUK
TK-253675,2026-06,A3010,Tenzin Mathew,Chat Frontline,DOA-REPL,6999.0,note_only,"...sage ptatern w/ cx. -- Issued rfnd + replacement both, TL aware. ~Tenzin",policy S5: agent note states both a refund and a replacement were given,1,helpdesk,,VA-HP-ST3,"hi sir
dies by lunchtime w/ light use
pls reply","rplc raised after test. Issue: battery draining fast. Checked usage ptatern w/ cx. -- Issued rfnd + replacement both, TL aware. ~Tenzin"
TK-253991,2026-06,A3028,Sameer Kapoor,Logistics,GW-OTHER,6999.0,,,policy S5: GW-OTHER refund above the Rs 500 goodwill cap,1,helpdesk,VR888918,VA-HP-ST3,"hi, my strata 3 headphones purchased a month ago, order vr888918. want to cancel my order. i tried cancel button, grreyed out. nothing changed. i want a replacement.","cx reached out - cancellation request. cancelled before dispatch. cancelled, rfnd initiated."
TK-245750,2025-10,A3023,Ritika Gaikwad,Voice Frontline,GW-OTHER,6998.0,,,policy S5: GW-OTHER refund above the Rs 500 goodwill cap,1,helpdesk,VR909479,VA-EB-PL2,"[IVR transcript] pathetic experience honestly. pulse 2 purchased around diwali, order vr909479. my son ordered this without asking, please reverse. i already tried cancel button, greyed out. refund. now.","cx says ord cancellation. checked shipment status. rfeund approved, rs 6998, 5-7 working days. -RG"
TK-245943,2025-10,A3036,Ritika D'Souza,Returns Desk,GW-OTHER,6998.0,,,policy S5: GW-OTHER refund above the Rs 500 goodwill cap,1,helpdesk,VR905886,VA-EB-PL2,"Hi team,
I bought my Pulse 2 on 03 Oct.  Where is teh money for the return.
I emaied twice. Nothing changed.
I want my mney back.
Regards",Contact re refund delay. chk reverse pickup QC status. Refunded Rs 6998. Will monitor. (SOP 3.1) -- Refunded. Replacement request rejected as per policy.
TK-246289,2025-10,A3011,Rohit Gill,Chat Frontline,GW-OTHER,6998.0,,,policy S5: GW-OTHER refund above the Rs 500 goodwill cap,1,helpdesk,VR901288,VA-EB-PL2,"my son ordered this without asking, please reverse",Refunded Rs 6998. Issue: cancel ord. Cancelled before dispatch.
TK-248342,2025-12,A3036,Ritika D'Souza,Returns Desk,GW-OTHER,6998.0,,,policy S5: GW-OTHER refund above the Rs 500 goodwill cap,1,helpdesk,VR885021,VA-EB-PL2,"hi vireo support, i bougth pulse2 on decebmer 14.  where is teh monney for the return. i cehcked bank. need this sorted this week. regards, imran george","cx reached out - refund delay. Checked reverse pickup QC status. Refund approved, Rs 6998, 5-7 working days. Cx informed."
TK-251988,2026-04,A3018,Krishna Bhatt,Email Frontline,GW-OTHER,6998.0,,,policy S5: GW-OTHER refund above the Rs 500 goodwill cap,1,helpdesk,,VA-EB-PL2,"Hi there, I bought the Pulse 2 earbuds on 02 Apr. Ordered the wrong colour, don't ship it. I tried cancel button, greyed out. Nothing changed. Please resolve asap. Regards,",re: cancellation request | checked shipment status -> refund of rs 6998 initiated to source ~Krishna
TK-252699,2026-05,A3016,Thomas Kumar,Email Frontline,GW-OTHER,6998.0,,,policy S5: GW-OTHER refund above the Rs 500 goodwill cap,1,helpdesk,VR888041,VA-EB-PL2,"not pairing w/ my phone
VR888041",Ticket raised for pairing failure. Walked through forget + re-pair. Refund of Rs 6998 initiated to source. -TK
TK-246405,2025-10,A3039,Reyansh Mishra,Escalations & Warranty,GW-OTHER,6649.0,,,policy S5: GW-OTHER refund above the Rs 500 goodwill cap,1,helpdesk,VR885658,VA-HP-ST3,"hello ji
claim number rma87371, anyone alive there?
help","cx: warranty claim status | followed up with service centre -> refund of rs 6649 initiated to source. -- replacement declined by cx, refund issued instead. ~Reyansh"
TK-248288,2025-12,A3038,Ankit Dhillon,Returns Desk,GW-OTHER,6649.0,,,policy S5: GW-OTHER refund above the Rs 500 goodwill cap,1,helpdesk,VR909022,VA-HP-ST3,refund not received yet - VR909022 - kindyl look into it,"1. Refund delay
2. Checked refund status on PG
3. Refunded Rs 6649"
TK-249701,2026-01,A3032,Sneha Bansal,Billing,GW-OTHER,6649.0,,,policy S5: GW-OTHER refund above the Rs 500 goodwill cap,1,helpdesk,VR892652,VA-HP-ST3,the page failed after i paid & now nothing shows in my account. vr892652. i want a replacement,"1. payment debited, no order
2. asked for utr
3. refund approved, rs 6649, 5-7 working days"
TK-245582,2025-10,A3010,Tenzin Mathew,Chat Frontline,GW-OTHER,6648.0,,,policy S5: GW-OTHER refund above the Rs 500 goodwill cap,1,helpdesk,VR897994,VA-EB-PL2,"To the Vireo Customer Care Team,

I am writing with reference to my order of Pulse2 (VR897994) placed on 24 Sep. Cancel order VR897994. I have tried cancel button, greyed out. I request you to kindly arrange a replacement.

Yours faithfully,
Jaspreet Banerjee",Refund of Rs 6648 initiated to source. Issue: cancel ord. Cancelled before dispatch. ~Tenzin
TK-245793,2025-10,A3032,Sneha Bansal,Billing,GW-OTHER,6648.0,,,policy S5: GW-OTHER refund above the Rs 500 goodwill cap,1,helpdesk,VR881924,VA-EB-PL2,"To the Vireo Customer Care Team,

I am writig with reference to my order of Pulse2 (VR881924) placed on October 04.  PAYMENT WAS DEDUCTED BUT NO ORDER WAS CREATED. I have waited 24 hours. I request you to look into this matter at the earliest.

Regards,
Pranav Malhotra","1. amount deducted without order
2. asked for utr
3. rfnd of rs 6648 initiated to source ~Sneha"
TK-245846,2025-10,A3036,Ritika D'Souza,Returns Desk,GW-OTHER,6648.0,,,policy S5: GW-OTHER refund above the Rs 500 goodwill cap,1,helpdesk,VR881924,VA-EB-PL2,"TO THE VIREO CUSTOMER CARE TEAM,

I AM WRITING WITH REFERENCE TO MY ORDER OF PULSE 2 (VR881924) PLACED ON 04 OCT. Nobody came for the pickup. I have rescheduled pickup twice. I request you to look into this matter at the earliest.

Yours faithfully,
Pranav Malhotra","Customer reached out - pickup missed. Re-raised pickup with courier. Pickup done, rfeund initiated. Follow-up not required."
TK-247114,2025-11,A3042,Swati Bhatia,Escalations & Warranty,GW-OTHER,6648.0,,,policy S5: GW-OTHER refund above the Rs 500 goodwill cap,1,helpdesk,VR900484,VA-EB-PL2,"one of them (left) never gets the green light in the case, VR900484","l bud no charge in case | tested with cx on call -> replacement raised, rma shared with cx.
refunded rs 6648 & also raised replacement, cx was very upset."
TK-241476,2025-04,A3030,Aishwarya Trivedi,Logistics,GW-OTHER,6499.0,,,policy S5: GW-OTHER refund above the Rs 500 goodwill cap,1,helpdesk,VR884065,VA-SW-NX2,"bhai
the parcel looked like it was kicked here from the warehouse, and the unit has a crack
my nexa 2 watch","Ticket raised for transit damage. Photos received, damage confirmed. Full rfnd processed (6499)."
TK-242752,2025-06,A3038,Ankit Dhillon,Returns Desk,GW-OTHER,6499.0,,,policy S5: GW-OTHER refund above the Rs 500 goodwill cap,1,helpdesk,VR899048,VA-SW-NX2,"dear sir/madam,

i am writing with reference to my order of my nexa 2 watch placed on 22-05-2025. the return was accepted but the amount is nowhere in my account. i have emailed twice. i reuqest you to look into this matter at the earliest.

regards,
manih banerjee","1. Refund delay
2. Checked refund status on PG
3. Refunded Rs 6499"
TK-242786,2025-06,A3036,Ritika D'Souza,Returns Desk,GW-OTHER,6499.0,,,policy S5: GW-OTHER refund above the Rs 500 goodwill cap,1,helpdesk,VR894917,VA-SW-NX2,"helo
refnd not recieved yet
??","Cust contacted re refund not credited. chk refund status on PG. Full refund processed (6499). Cx satisfied on chat. -- rplc declined by cx, refund issued instead."
TK-243154,2025-07,A3028,Sameer Kapoor,Logistics,GW-OTHER,6499.0,,,policy S5: GW-OTHER refund above the Rs 500 goodwill cap,1,helpdesk,VR897135,VA-SW-NX2,it has been 19 days and i have ntohing in hand - how do i get this fixed?,"1. ord not delivered
2. chk awb w/ crr
3. re-shipped from warehouse. | processed fr and raised rma for new set."
TK-245411,2025-10,A3038,Ankit Dhillon,Returns Desk,GW-OTHER,6499.0,,,policy S5: GW-OTHER refund above the Rs 500 goodwill cap,1,helpdesk,VR882138,VA-SW-NX2,Bought the Nexa 2 around 09-09-2025 from Flipkart. Where is the money for the return. I checked bank. I have beeen a loyal customer and this is how you treat me. I want my money back.,"Reported: refund not credited. Checked refund status on PG. Refund approved, Rs 6499, 5-7 working days."
TK-246226,2025-10,A3035,Dev Kulkarni,Billing,GW-OTHER,6499.0,,,policy S5: GW-OTHER refund above the Rs 500 goodwill cap,1,helpdesk,VR902432,VA-SW-NX2,Not acceeptable at tis price. Bought the Nexa 2 around 13/10 from Amazon. payment was deducetd but no order was created. I already tried logigng out & in. Fix this or I am posting on twitter,Cx reported amount deducted without ord. conf w/ payment gateway. Full rfnd processed (6499). Will monitor.
TK-246538,2025-11,A3036,Ritika D'Souza,Returns Desk,GW-OTHER,6499.0,,,policy S5: GW-OTHER refund above the Rs 500 goodwill cap,1,helpdesk,VR907284,VA-SW-NX2,"packed the box a week ago and it's still here
please call me on my registered number",Cx reported reverse pickup pending. chk pickup AWB. Full refund processed (6499). Will monitor. (SOP 2.7)
TK-246927,2025-11,A3033,Vikram Banerjee,Billing,GW-OTHER,6499.0,,,policy S5: GW-OTHER refund above the Rs 500 goodwill cap,1,helpdesk,VR887548,VA-SW-NX2,"Hi Vireo support, I bought Nexa 2 on 26/10. Refund was promised 20 days ago and nothing. I checked bank. Nothing changed. Please advise. Awaiting response Pranav Pereira","1. refund pending
2. checked reverse pickup qc status
3. refund conf credited.
offered replacement, cx preferred refund. refund processed."
TK-247273,2025-11,A3030,Aishwarya Trivedi,Logistics,GW-OTHER,6499.0,,,policy S5: GW-OTHER refund above the Rs 500 goodwill cap,1,helpdesk,VR909178,VA-SW-NX2,"Hi Vireo support, This is regarding my Nexa 2 watch. Still waiting for my refund. I emailed twice. Nothing changed. Please resolve asap.","Ticket raised for refund delay. Checked reverse pickup QC status. xfer to Logistics. Refund approved, Rs 6499, 5-7 working days."
TK-247854,2025-12,A3038,Ankit Dhillon,Returns Desk,GW-OTHER,6499.0,,,policy S5: GW-OTHER refund above the Rs 500 goodwill cap,1,helpdesk,VR888232,VA-SW-NX2,I am losing patience. This is regarding the Nexa 2. still waiting for my refund. I already emailed twice. Escalate this to someone senior.,"1. Refund pending
2. Checked refund status on PG
3. Refund of Rs 6499 initiated to source"
TK-248394,2025-12,A3035,Dev Kulkarni,Billing,GW-OTHER,6499.0,,,policy S5: GW-OTHER refund above the Rs 500 goodwill cap,1,helpdesk,VR901608,VA-SW-NX2,"Hi there, I bought the Nexa 2 on December 09. Payment was deducted but no order was created. Please help. Thanks in advance,","Conact re payment debited, no ord. conf w/ payment gateway. Full refund procesed (6499). Will monitor."
TK-248911,2026-01,A3026,Aadhya Deshpande,Voice Frontline,GW-OTHER,6499.0,,,policy S5: GW-OTHER refund above the Rs 500 goodwill cap,1,helpdesk,VR904023,VA-SW-NX2,[IVR transcript] discount was not applied at checkout. VR904023,issue: coupon not applied | chk cart eligibility -> refunded rs 6499
TK-249020,2026-01,A3039,Reyansh Mishra,Escalations & Warranty,GW-OTHER,6499.0,,,policy S5: GW-OTHER refund above the Rs 500 goodwill cap,1,helpdesk,VR907973,VA-SW-NX2,"Dear Sir/Madam,

I am writing with reference to my order of my Nexa 2 watch (VR907973) placed on December 28. Watch strap broke within a month. I have tried to fix pin. I request you to provide a resolution within 3 working days.

Regards,
Faisal Kulkarni",re: strap damage | checked warranty eligibility -> refund of rs 6499 initiated to source (sop 4.2) ~Reyansh
TK-252081,2026-04,A3037,Manish Iyer,Returns Desk,GW-OTHER,6499.0,,,policy S5: GW-OTHER refund above the Rs 500 goodwill cap,1,helpdesk,,VA-SW-NX2,"product: nexa 2
order: vr890426
purchased: 27/03
issue: still waiting for my refund
tried: checked bank
expected: callback",full refund processed (6499). issue: refund delay. chk reverse pkp qc status. ~Manish
TK-252308,2026-04,A3028,Sameer Kapoor,Logistics,GW-OTHER,6499.0,,,policy S5: GW-OTHER refund above the Rs 500 goodwill cap,1,helpdesk,VR881487,VA-SW-NX2,"Dear Sir/Madam,

I am writing with reference to my order of my Nexa 2 wtach (VR881487) placed on April 10.  Package not delivered even after 21 days. I have called the courier. I request you to provide a resolution within 3 working days.

Sincerely,
Lakshmi Goyal","cust contacted re ord not delivered. chk awb with courier. rto conf, reshipped. -- processed fr & raised rma for new set."
TK-252400,2026-04,A3036,Ritika D'Souza,Returns Desk,GW-OTHER,6499.0,,,policy S5: GW-OTHER refund above the Rs 500 goodwill cap,1,helpdesk,VR907332,VA-SW-NX2,"Dear team,
Got my Nexa 2 watch from Amazon 2 weeks ago. Refund was promised 8 days ago and nothing.
Need this sorted this week.
Regards,",cx states refund delay. Checked reverse pickup QC status. Refund of Rs 6499 initiated to source. Closing.
TK-252414,2026-04,A3033,Vikram Banerjee,Billing,GW-OTHER,6499.0,,,policy S5: GW-OTHER refund above the Rs 500 goodwill cap,1,helpdesk,VR887667,VA-SW-NX2,"hello vireo,
this is regarding my nexa 2 watch. my bank says rs 1799 went to you but your site says i have no orders.
i waited 24 hours. nothing changed.
kindly look into it.
rgds lakshmi srivastava","1. amount deducted without order
2. confirmed with payment gateway
3. order manually created"
TK-253422,2026-05,A3012,Lakshmi Srivastava,Chat Frontline,GW-OTHER,6499.0,,,policy S5: GW-OTHER refund above the Rs 500 goodwill cap,1,helpdesk,VR896679,VA-SW-NX2,"helo
my son ordered this withouut asking, please reverse
kindly do the needful","cx reached out - ord cancellation. checked shipment status. already shipped, advised rto/return."
TK-253903,2026-06,A3009,Sukhwinder Singh,Chat Frontline,DOA-REPL,6499.0,flag_only,,policy S5: refund and replacement both issued (replacement_issued=Y),1,helpdesk,VR904223,VA-SW-NX2,"dear team,
got nexa 2 from amazon a month ago.  cannot pair nexa 2 with my laptop.
i tied on aonther phone.
how do i get thhis fixed?
awaiting response ayan bansal","Re-pair successful, rslvd on chat. Issue: device not discoverable. Walked through forget + re-pair. | Full refund issued and rplc dispatched as goodwill. //SUK"
TK-247945,2025-12,A3002,Steven Ansari,Chat Frontline,GW-OTHER,6299.0,,,policy S5: GW-OTHER refund above the Rs 500 goodwill cap,1,helpdesk,VR906145,VA-HP-ST3,"Hi Vireo support, I bouught Strata 3 on 24 Nov.  Cancel order. I tried cancel button, greyed out. Nothign changed. This is very disappointing. Please advise.",cx: order cancellation | cancelled before dispatch -> refund of rs 6299 initiated to source [closed]
TK-249425,2026-01,A3038,Ankit Dhillon,Returns Desk,GW-OTHER,6299.0,,,policy S5: GW-OTHER refund above the Rs 500 goodwill cap,1,helpdesk,VR892589,VA-HP-ST3,"hi
return pickup has not happened","1. Pickup missed
2. Re-raised pickup with courier
3. Full rfnd processed (6299)"
TK-249591,2026-01,A3011,Rohit Gill,Chat Frontline,GW-OTHER,6299.0,,,policy S5: GW-OTHER refund above the Rs 500 goodwill cap,1,helpdesk,VR907951,VA-HP-ST3,"everyone on my calls says I sound like I'm underwater, VR907951",FW update adv. Issue: mic not working on calls. chk mic permissions on phone. rfnd done & new unit sent as one-time gesture.
TK-252173,2026-04,A3038,Ankit Dhillon,Returns Desk,GW-OTHER,6299.0,,,policy S5: GW-OTHER refund above the Rs 500 goodwill cap,1,helpdesk,VR895477,VA-HP-ST3,I haev been a loyal customr and this is how u treat me.  This is regardign the strata 3. buetooth pairing fails every time. I already forgot the device and tried again. Escalate this to someone senior.,"1. Pairing failure
2. Walked through forget + re-pair
3. Transferred to Returns Desk
4. Full refund processed (6299)"
TK-247478,2025-11,A3033,Vikram Banerjee,Billing,GW-OTHER,6298.0,,,policy S5: GW-OTHER refund above the Rs 500 goodwill cap,1,helpdesk,VR909422,VA-EB-PL2,"bhai
my bank says rs 4999 went to you but your site says i have no orders
please jaldi
pulse2
hello??","1. failed order after payment
2. confirmed with payment gateway
3. order manually created"
TK-247444,2025-11,A3044,Arjun Kumar,Escalations & Warranty,GW-OTHER,6174.0,,,policy S5: GW-OTHER refund above the Rs 500 goodwill cap,1,helpdesk,VR884919,VA-SW-NX2,"Dear Sir/Madam,

I am writing with reference to my order of Nexa 2 (VR884919) placed on 03-09-2025. It connects for a second and then vanishes from the device list. I have tried on another phone. I request you to kindly arrange a replacement.

Yours faithfully,
Payal Verma","1. Unable to pair with phone
2. Asked cx to reset the device
3. Transferred to Escalations & Warranty
4. Re-pair successful, resolved on chat.
Cx got the amount back, also sending a new set to keep him happy."
TK-248071,2025-12,A3021,Meera Mathew,Email Frontline,GW-OTHER,6174.0,,,policy S5: GW-OTHER refund above the Rs 500 goodwill cap,1,helpdesk,VR895679,VA-SW-NX2,"hi sir
want to cancel my order
bhaut pareshan hu
my nexa 2 watch VR895679",cancel ord | checked shipment status -> rfnd of rs 6174 initiated to source | xfer email frontline ~Meera
TK-249788,2026-02,A3036,Ritika D'Souza,Returns Desk,GW-OTHER,6174.0,,,policy S5: GW-OTHER refund above the Rs 500 goodwill cap,1,helpdesk,VR900270,VA-SW-NX2,"hi there,
ordered my nexa 2 watch 10 days ago. still waiting for my refund.
please call me on my registered number.
thank you","Contact re refund delay. Checked refund status on PG. Refund of Rs 6174 initiated to source. Cx informed. | Cx asked for rplc + rfnd, explained policy, rfnd only."
TK-250988,2026-03,A3030,Aishwarya Trivedi,Logistics,GW-OTHER,6174.0,,,policy S5: GW-OTHER refund above the Rs 500 goodwill cap,1,helpdesk,,VA-SW-NX2,"product: the nexa 2
order: vr888103
purchased: march 10
issue: cancel order 
tried: tried cancel button, greyed out
expected: resolution","1. Cancellation request
2. Cancelled before dispatch
3. Refunded Rs 6174 //AIS"
TK-253024,2026-05,A3036,Ritika D'Souza,Returns Desk,GW-OTHER,6174.0,,,policy S5: GW-OTHER refund above the Rs 500 goodwill cap,1,helpdesk,VR893287,VA-SW-NX2,"refund not received yet, VR893287, need this sorted this week","Cx reported rfnd pending. Checked rfnd status on PG. rfd approved, Rs 6174, 5-7 working days. Case closed with cx consent. (SOP 3.1) -- rplc was offered earlier by chat team, cx opted for rfnd."
TK-253362,2026-05,A3031,Zaid Desai,Logistics,GW-OTHER,6174.0,,,policy S5: GW-OTHER refund above the Rs 500 goodwill cap,1,helpdesk,VR909782,VA-SW-NX2,"Product: my Nexa 2 watch
Order: VR909782
Purchased: 24/05
Issue: change of mind, please stop the shipment
Tried: tried cancel button, greyed out
Expected: fix",cancellation request | checked shipment status -> full refund processed (6174)
TK-254504,2026-06,A3002,Steven Ansari,Chat Frontline,GW-OTHER,6174.0,,,policy S5: GW-OTHER refund above the Rs 500 goodwill cap,1,helpdesk,VR885073,VA-SW-NX2,"Hey, Got Nexa 2 from Amazon last month. Tracking has said out for delivery for a week now. I checked with neighbours. Please resolve asap. Regards,",re: delivery delayed | confirmed address with cx -> refunded rs 6174 (sop 5.4)
TK-246017,2025-10,A3022,Daniel Arora,Email Frontline,GW-OTHER,5999.0,,,policy S5: GW-OTHER refund above the Rs 500 goodwill cap,1,helpdesk,VR908631,VA-SP-ORB,"hii
my son ordered this without asking, please reverse
anyone there",Customer reached out - order cancellation. Checked shipment status. Refunded Rs 5999. (SOP 5.4)
TK-247126,2025-11,A3006,Varun Bhatt,Chat Frontline,GW-OTHER,5999.0,,,policy S5: GW-OTHER refund above the Rs 500 goodwill cap,1,helpdesk,VR897637,VA-SP-ORB,"hello ji
teh sound stutters wheneevr my phone is in my pocket","advised, cx will monitor. issue: bt dropouts. checked interference sources. money back to source and a fresh pair shipped. -VB"
TK-247303,2025-11,A3036,Ritika D'Souza,Returns Desk,GW-OTHER,5999.0,,,policy S5: GW-OTHER refund above the Rs 500 goodwill cap,1,helpdesk,VR882232,VA-SP-ORB,"Hey, I bought my Orbit on 10/11. Nobody came for the pickup. I called courier. Nothing changed. Kindly look into it","Ticket raised for pickup missed. Re-raised pickup w/ crr. rfnd of Rs 5999 initiated to source. Cx satisfied on chat. (SOP 3.1) Replacement was offered earlier by chat team, cx opted for refund."
TK-247836,2025-12,A3015,Sameer Jadhav,Chat Frontline,GW-OTHER,5999.0,,,policy S5: GW-OTHER refund above the Rs 500 goodwill cap,1,helpdesk,VR904002,VA-SP-ORB,"Product: the Orbit smrt speaker
Order: VR904002
Purchased: 04 Dec
Issue: payment went through but I got no order id
Tried: chekced bank statement
Expected: resolution","Refund of Rs 5999 initiated to source. Issue: payment debited, no ord. Confirmed with payment gateway. [closed]"
TK-250906,2026-03,A3030,Aishwarya Trivedi,Logistics,GW-OTHER,5999.0,,,policy S5: GW-OTHER refund above the Rs 500 goodwill cap,1,helpdesk,VR892272,VA-SP-ORB,"To the Vireo Customer Care Team,

I am writing wiht reference to my order of my Orbit (VR892272) placed on 25/02. It has been 9 days and I have nothing in hand. I have checked the tarcking page daily. I request you to procses a refund to my original payment method.

Sincerely,
Karan Malhotra","Reported: delivery delayed. Confirmed address with cx. RTO confirmed, reshipped.
Refund done and new unit sent as one-time gesture. //AIS"
TK-253521,2026-05,A3034,Tanvi Rathore,Billing,GW-OTHER,5999.0,,,policy S5: GW-OTHER refund above the Rs 500 goodwill cap,1,helpdesk,VR906115,VA-SP-ORB,"Product: my Orbit
Order: VR906115
Purchased: 21 May
Issue: payment went through but I got no order id
Tried: tried logging out and in
Expected: callback",cust contacted re amount deducted without order. confirmed with payment gateway. refunded rs 5999.
TK-244054,2025-08,A3030,Aishwarya Trivedi,Logistics,GW-OTHER,5949.0,,,policy S5: GW-OTHER refund above the Rs 500 goodwill cap,1,helpdesk,VR904586,VA-HP-ST3,"Honestly regretting this purchase.  Ordered Stata 3 3 weeks back. paid on 12-08-2025, still waiting for sommething to show up. I already checked with neighbours. I want a replacement or refund, nothing else.","Reported: ord not delivered. conf address w/ cx. Refund approved, Rs 5949, 5-7 working days.
rplc declined by cx, rfnd issued instead. //AIS"
TK-245994,2025-10,A3012,Lakshmi Srivastava,Chat Frontline,GW-OTHER,5949.0,,,policy S5: GW-OTHER refund above the Rs 500 goodwill cap,1,helpdesk,VR904844,VA-HP-ST3,"everyone on my calls says I sound like I'm underwater
VR904844","contact re low mic pickup. tested on call with cx. permissions fixed, rslvd. -- refunded rs 5949 and also raised replacement, cx was very upset."
TK-244772,2025-09,A3038,Ankit Dhillon,Returns Desk,GW-OTHER,5948.0,,,policy S5: GW-OTHER refund above the Rs 500 goodwill cap,1,helpdesk,VR893988,VA-EB-PL2,"Dear team,
I bought Pulse 2 on 30 Aug. Where is the money for the return.
Please help.
Rgds Sai Malhotrra","1. rfnd not credited
2. Checked rfnd status on PG
3. rfnd confirmed credited"
TK-241038,2025-03,A3018,Krishna Bhatt,Email Frontline,GW-OTHER,5849.0,,,policy S5: GW-OTHER refund above the Rs 500 goodwill cap,1,helpdesk,VR893097,VA-SW-NX2,"hello
the festive offer vanished when i clicked pay
the nexa 2","cx: prmo code invalid | checked cart eligiiblity -> refund approved, rs 5849, 5-7 working days ~Krishna"
TK-252693,2026-05,A3036,Ritika D'Souza,Returns Desk,GW-OTHER,5849.0,,,policy S5: GW-OTHER refund above the Rs 500 goodwill cap,1,helpdesk,VR886612,VA-SW-NX2,"hi
the return was accepted but the amount is nowhere in my account
the nexa 2
kindly do the needful",cx states rfnd delay. chk reversse pikcup QC status. Full rfnd processed (5849). Cx informed. (SOP 3.1)
TK-245307,2025-09,A3038,Ankit Dhillon,Returns Desk,GW-OTHER,5699.0,,,policy S5: GW-OTHER refund above the Rs 500 goodwill cap,1,helpdesk,VR895705,VA-SP-ORB,bought the orbit smart speaker around 19/09 from flipkart. where is the money for the return. waiting for your reply.,"1. Refund delay
2. chk reverse pickup QC status
3. Refunded Rs 5699"
TK-246960,2025-11,A3032,Sneha Bansal,Billing,GW-OTHER,5699.0,,,policy S5: GW-OTHER refund above the Rs 500 goodwill cap,1,helpdesk,VR902536,VA-SP-ORB,payment was deducted but no order was created,"1. amount deducted without order
2. confirmed with payment gateway
3. refund of rs 5699 initiated to source ~Sneha"
TK-251519,2026-03,A3007,Abhishek Gupta,Chat Frontline,GW-OTHER,5699.0,,,policy S5: GW-OTHER refund above the Rs 500 goodwill cap,1,helpdesk,VR906363,VA-SP-ORB,"dear team, this is regarding the orbit smart speaker. the sound stutters whenever my phone is in my pocket. i reset both devices. nothing changed. how do i get this fixed? thanks & regards,","1. connection dropping
2. adv to test in different location
3. full rfnd processed (5699)"
TK-243097,2025-07,A3016,Thomas Kumar,Email Frontline,GW-OTHER,5599.0,,,policy S5: GW-OTHER refund above the Rs 500 goodwill cap,1,helpdesk,VR909251,VA-HP-ST3,"hello vireo, my strata 3 headphones purchased a month ago, order vr909251. payment was deducted but no order was created. waiting for your reply.",Ticket raised for amount deducted without ord. chk PG dashboard for txn. Refunded Rs 5599. (SOP 3.1) -TK
TK-245903,2025-10,A3005,Payal Bhatia,Chat Frontline,GW-OTHER,5599.0,,,policy S5: GW-OTHER refund above the Rs 500 goodwill cap,1,helpdesk,VR907719,VA-HP-ST3,"paid on october 06, stlil waiting for something to show up","Reported: delivery delayed. Checked AWB with courier. Transferred to Chat Frontline. RTO conf, reshipped.
Refund processed to source; replacement unit also shipped."
TK-250720,2026-03,A3035,Dev Kulkarni,Billing,GW-OTHER,5599.0,,,policy S5: GW-OTHER refund above the Rs 500 goodwill cap,1,helpdesk,VR884679,VA-HP-ST3,"To the Vireo Customer Care Team,

I am writing with reference to my order of Strata 3 placed on February 25. The return was accepted but the amount is nowhere in my account. I have emailed twice. I REQUEST YOU TO PROCESS A REFUND TO MY ORIGINAL PAYMENT METHOD.

SINCERELY,
VIVAAN GUPTA",Full rfnd processed (5599). Issue: rfnd delay. Checed reverse pkp QC status.
TK-250754,2026-03,A3038,Ankit Dhillon,Returns Desk,GW-OTHER,5598.0,,,policy S5: GW-OTHER refund above the Rs 500 goodwill cap,1,helpdesk,VR903080,VA-EB-PL2,"To the Vireo Customer Care Team,

I am writing with reference to my order of Pules 2 (VR903080) placed on February 27.  Nobody came for the pickup. I have called courier. I request you to kindly arrange a replacement.

Sincerely,
Isha Mehta
Delhi","1. Reverse pickup pending
2. Checked pickup AWB
3. Refund approved, Rs 5598, 5-7 working days"
TK-245204,2025-09,A3036,Ritika D'Souza,Returns Desk,GW-OTHER,5524.0,,,policy S5: GW-OTHER refund above the Rs 500 goodwill cap,1,helpdesk,VR892440,VA-SW-NX2,where is the money for the return. VR892440,Reported: refund delay. chk refund stauts on PG. Refund of Rs 5524 initiated to source. Closing.
TK-249441,2026-01,A3001,Suresh Kaur,Chat Frontline,DOA-REPL,5524.0,flag_only,,policy S5: refund and replacement both issued (replacement_issued=Y),1,helpdesk,VR904979,VA-SW-NX2,"battery draining even when not in use, vr904979","battery draining fast | checked usage pattern with cx -> replacement approved, reverse pickup arranged. -- sent a new unit and released the money as well, cx was in tears on call. ~Suresh"
TK-250632,2026-02,A3038,Ankit Dhillon,Returns Desk,GW-OTHER,5524.0,,,policy S5: GW-OTHER refund above the Rs 500 goodwill cap,1,helpdesk,VR903340,VA-SW-NX2,"hello ji
still wating for my refnud","1. Refund pending
2. Checked refund status on PG
3. ARN shared with cx"
TK-253146,2026-05,A3011,Rohit Gill,Chat Frontline,GW-OTHER,5524.0,,,policy S5: GW-OTHER refund above the Rs 500 goodwill cap,1,helpdesk,VR886558,VA-SW-NX2,"To the Vireo Customer Care Team,

I am writing with reference to my order of my Nexa 2 watch (VR886558) placed on 06-05-2026. Ordered the wroong colour, don't ship it. I have tied cancel button, greyed out. I request you to provide a resolution within 3 working days.

Sincerely,
Om Desai
Dehradun","issue: cancel ord | chk shipment status -> rfnd approved, rs 5524, 5-7 working days"
TK-245910,2025-10,A3023,Ritika Gaikwad,Voice Frontline,GW-OTHER,5399.0,,,policy S5: GW-OTHER refund above the Rs 500 goodwill cap,1,helpdesk,,VA-SP-ORB,"[IVR transcript] pathetic experience honestly. bought my orbit around 05-10-2025 from vireo.in. change of mind, pls stop the shipment. i already tried cancel button, greyed out. escalate this to someone senior.","reported: cancellation request. chk shipment status. rfnd approved, rs 5399, 5-7 working days. -RG"
TK-247314,2025-11,A3015,Sameer Jadhav,Chat Frontline,GW-OTHER,5399.0,,,policy S5: GW-OTHER refund above the Rs 500 goodwill cap,1,helpdesk,VR893339,VA-SP-ORB,Really frustrating. This is regarding my Orbit. since the last update the app just shows a white screen. I already cleared cache. This is the last time I buy from you.,Reported: app not opening. Known issue on iOS 18 - bug logged. Full refund processed (5399). [closed]
TK-249200,2026-01,A3038,Ankit Dhillon,Returns Desk,GW-OTHER,5399.0,,,policy S5: GW-OTHER refund above the Rs 500 goodwill cap,1,helpdesk,VR889455,VA-SP-ORB,where is the money for the return. i want my money back,"1. Refund pending
2. chk reverse pickup QC status
3. Refund of Rs 5399 initiated to source"
TK-251443,2026-03,A3013,Rohit Nair,Chat Frontline,GW-OTHER,5399.0,,,policy S5: GW-OTHER refund above the Rs 500 goodwill cap,1,helpdesk,VR907063,VA-SP-ORB,"Honestly regretting this purchase. my Orbit purchased a month ago, order VR907063. the courier marked it delivered but nobody in my house got anything. I already checked the tracking page daily. Refund. Now.","refund approved, rs 5399, 5-7 working days. issue: delivery delayed. confirmed address with cx. ~Rohit"
TK-240554,2025-02,A3035,Dev Kulkarni,Billing,GW-OTHER,5199.0,,,policy S5: GW-OTHER refund above the Rs 500 goodwill cap,1,helpdesk,VR883209,VA-SW-NX2,[IVR transcript] payment went through but I got no order id. VR883209,"Cx repoorted payment debited, no ord. Confirmed with payment gateway. Refunded Rs 5199. Willl monitor."
TK-247350,2025-11,A3036,Ritika D'Souza,Returns Desk,GW-OTHER,5199.0,,,policy S5: GW-OTHER refund above the Rs 500 goodwill cap,1,helpdesk,VR890981,VA-SW-NX2,"[IVR transcript] Hello, I bought the Nexa 2 on 08 Nov.  Still waiting for my refund. Please call me on my registered number. Thanks & regards Vivaan Jain","Cx says refund not credited. chk refund status on PG. Full refunnd processed (5199). Will monitor. (SOP 5.4)
Offered replacement, cx preferred refund. Refund processed."
TK-248772,2026-01,A3004,Geeta Dutta,Chat Frontline,GW-OTHER,5199.0,,,policy S5: GW-OTHER refund above the Rs 500 goodwill cap,1,helpdesk,VR888256,VA-SW-NX2,"hii
nobody came for the pickup",cust contacted re pickup not done. checked pickup awb. transferred to chat frontline. full refund processed (5199).
TK-249803,2026-02,A3032,Sneha Bansal,Billing,GW-OTHER,5199.0,,,policy S5: GW-OTHER refund above the Rs 500 goodwill cap,1,helpdesk,VR892376,VA-SW-NX2,"hi there, this is regarding nexa 2. promo code shows invalid. i tried on app & website. what do i do now? thanks & regards manish patel","1. coupon not applied
2. chk cart eligibility
3. refund approved, rs 5199, 5-7 working days ~Sneha"
TK-250453,2026-02,A3035,Dev Kulkarni,Billing,GW-OTHER,5199.0,,,policy S5: GW-OTHER refund above the Rs 500 goodwill cap,1,helpdesk,VR887352,VA-SW-NX2,"Product: Nexa 2
Order: VR887352
Purchased: 16/02
Issue: my bank says Rs 6499 went to you but your site says I have no orders
Tried: tried logging out and in
Expected: replacement",Cx reported failed ord affter payment. Asked for UTR. Ful rfnd processed (5199). Closing.
TK-251369,2026-03,A3037,Manish Iyer,Returns Desk,GW-OTHER,5199.0,,,policy S5: GW-OTHER refund above the Rs 500 goodwill cap,1,helpdesk,VR899274,VA-SW-NX2,"Dear Sir/Madam,

I am writing with reference to my order of the Nexa 2 (VR899274) placed on 03-03-2026. You picked up the item 9 days ago and my money hasn't come back. I have emailed twice. I request you to process a refund to my original payment method.

Sincerely,
Manpreet Kaur","cx: rfnd delay | checked reverse pkp qc status -> rfnd approved, rs 5199, 5-7 working days ~Manish"
TK-252627,2026-05,A3015,Sameer Jadhav,Chat Frontline,GW-OTHER,5199.0,,,policy S5: GW-OTHER refund above the Rs 500 goodwill cap,1,helpdesk,VR898201,VA-SW-NX2,"Dear Sir/Madam,

I am writing with reference to my ordr of Nexa 2 placed on April 26. Order not delivered, tracking not updating. I have checked the tracking page daily. I request you to look into this matter at the earliest.

Yours faithfully,
Lakshmi Ghosh",rfnd of Rs 5199 initiated to source. Issue: shipment not received. Raised ticket with courier partner. [closed]
TK-254497,2026-06,A3012,Lakshmi Srivastava,Chat Frontline,GW-OTHER,5199.0,,,policy S5: GW-OTHER refund above the Rs 500 goodwill cap,1,helpdesk,VR909407,VA-SW-NX2,"hi sir
want to cancel my order
my nexa 2 watch
anyone there","1. cancel order
2. checked shipment status
3. cancelled, refund initiated"
TK-254260,2026-06,A3030,Aishwarya Trivedi,Logistics,GW-OTHER,5099.0,,,policy S5: GW-OTHER refund above the Rs 500 goodwill cap,1,helpdesk,VR891720,VA-SP-ORB,"Product: the Orbit smart speaker
Purchased: January 23
Issue: package not delivered even after 20 days
Tried: called the courier
Expected: replacement","Cx reported ord not delivered. conf address w/ cx. Re-shipped from warehouse.
Credited full amount, new unit also going out tomorrow. //AIS"
TK-240226,2025-01,A3038,Ankit Dhillon,Returns Desk,GW-OTHER,4999.0,,,policy S5: GW-OTHER refund above the Rs 500 goodwill cap,1,helpdesk,VR880521,VA-HP-ST2,pickup scheduled but no one shoewd up - please cll me on my registered number,"1. Pickup missed
2. Re-raised pickup with courier
3. Refunded Rs 4999"
TK-242686,2025-06,A3035,Dev Kulkarni,Billing,GW-OTHER,4999.0,,,policy S5: GW-OTHER refund above the Rs 500 goodwill cap,1,helpdesk,VR897050,VA-SW-NX1,"bhai
my bank shows the same amount twice on the same day
pls help karo
pls reply",cx reached out - duplicate payment. Confirmed UTRs. rfnd of Rs 4999 initiated to source. Follow-up not required.
TK-244974,2025-09,A3018,Krishna Bhatt,Email Frontline,GW-OTHER,4999.0,,,policy S5: GW-OTHER refund above the Rs 500 goodwill cap,1,helpdesk,VR908315,VA-HP-ST2,"Hello, Bought Strata 2 around 10-09-2025 from vireo.in. My son ordered this without asking, please reverse. I tried cancel button, greyed out. Very poor quality. Please resolve asap. Thank you","cancel order | cancelled beofre dispatch -> cancelled, refund initiated ~Krishna"
TK-245216,2025-09,A3037,Manish Iyer,Returns Desk,GW-OTHER,4999.0,,,policy S5: GW-OTHER refund above the Rs 500 goodwill cap,1,helpdesk,VR900133,VA-HP-ST2,[IVR transcript] hii refund not received yet pls reply,refund of rs 4999 initiated to source. issue: refund not credited. chk refund status on pg. ~Manish
TK-245625,2025-10,A3034,Tanvi Rathore,Billing,GW-OTHER,4999.0,,,policy S5: GW-OTHER refund above the Rs 500 goodwill cap,1,helpdesk,VR890253,VA-SW-NX1,"hey
my bank shows the same amount twice on the same day
the nexa smartwatch VR890253",full refund processed (4999) (sop 5.4)
TK-247981,2025-12,A3032,Sneha Bansal,Billing,GW-OTHER,4999.0,,,policy S5: GW-OTHER refund above the Rs 500 goodwill cap,1,helpdesk,VR885236,VA-SW-NX1,"two entries of rs 3499 on my statement for one pair of eaarbuds
vr885236
need this sorted this week","1. duplicate payment
2. checked pg for duplicate txn
3. refunded rs 4999 ~Sneha"
TK-249196,2026-01,A3035,Dev Kulkarni,Billing,GW-OTHER,4999.0,,,policy S5: GW-OTHER refund above the Rs 500 goodwill cap,1,helpdesk,VR884228,VA-HP-ST2,"Product: my Strata 2 headphones
Purchased: 01 Jan
Issue: I was charged tiwce for one order
Tried: checked with bank
Expected: refund",Ticket raised for double charge. Confirmed UTRs. Refund of Rs 4999 initiated to source. Follow-up not required.
TK-250422,2026-02,A3035,Dev Kulkarni,Billing,GW-OTHER,4999.0,,,policy S5: GW-OTHER refund above the Rs 500 goodwill cap,1,helpdesk,VR887607,VA-SW-NX1,"Hi team, I bought Nexa watch on 20-02-2026. Two entries of Rs 2499 on my statement for one pair of earbuds. I waited a week. Please call me on my registred number. Please revert Abhishek Mittal",Cust contacted re double charge. conf UTRs. Full rfnd processed (4999). Cx satisfied on chat.
TK-254364,2026-06,A3034,Tanvi Rathore,Billing,GW-OTHER,4999.0,,,policy S5: GW-OTHER refund above the Rs 500 goodwill cap,1,helpdesk,VR883160,VA-HP-ST2,"hey
the festive offer vanished when i clicked pay
my strata 2 headphones
urgetn",sorted
TK-254083,2026-06,A3036,Ritika D'Souza,Returns Desk,GW-OTHER,4998.0,,,policy S5: GW-OTHER refund above the Rs 500 goodwill cap,1,helpdesk,VR896387,VA-EB-PL1,"dear sir/madam,

i am writing with reference to my order of pulse earbuds placed on 23 may. where is the money for the return. i have emailed twice. i request you to look into this matter at the earliest.

regards,
siddharth bhatt",cx ok
TK-243676,2025-07,A3030,Aishwarya Trivedi,Logistics,GW-OTHER,4799.0,,,policy S5: GW-OTHER refund above the Rs 500 goodwill cap,1,helpdesk,VR889547,VA-SP-ORB,"[IVR transcript] bought my orbit around 16 jul from vireo.in.  i haven't received my order. i checked the tracking page daily. nothing changed. i want my money back. please revert, harsh shah",Cx reported delivery delayed. Raised ticket w/ crr partner. Refund initiated as lost in transit. Both refund & replacement given as cx threatened social media. //AIS
TK-248230,2025-12,A3036,Ritika D'Souza,Returns Desk,GW-OTHER,4799.0,,,policy S5: GW-OTHER refund above the Rs 500 goodwill cap,1,helpdesk,VR901068,VA-SP-ORB,packed the box a week ago and it's still here - need this sorted this week,Cx reported pickup missed. Re-raised pickup with courier. Rfund of Rs 4799 initiated to source. Case closed with cx consent.
TK-251777,2026-04,A3032,Sneha Bansal,Billing,GW-OTHER,4799.0,,,policy S5: GW-OTHER refund above the Rs 500 goodwill cap,1,helpdesk,VR899695,VA-SP-ORB,"hi
my bank says rs 2499 went to you but your site says i have no orders","1. payment debited, no ord
2. asked for utr
3. rfnd of rs 4799 initiated to source ~Sneha"
TK-240492,2025-02,A3017,Kabir Singh,Email Frontline,GW-OTHER,4749.0,,,policy S5: GW-OTHER refund above the Rs 500 goodwill cap,1,helpdesk,,VA-SW-NX1,"hello,
i bought my nexa on 25 jan. ordered the wrong colour, don't ship it.
please help",cx says cancel ord. cancelled before dispatch. full rfnd processed (4749). -KS
TK-247392,2025-11,A3002,Steven Ansari,Chat Frontline,GW-OTHER,4749.0,,,policy S5: GW-OTHER refund above the Rs 500 goodwill cap,1,helpdesk,VR880869,VA-SW-NX1,"orered the wrrong colour, don't ship it",cx: cancellation request | checked shipment status -> refunded rs 4749 [closed]
TK-246005,2025-10,A3003,Komal Singh,Chat Frontline,DOA-REPL,4499.0,flag_only,,policy S5: refund and replacement both issued (replacement_issued=Y),1,helpdesk,VR888186,VA-HP-ST2,"i am losing patience. strata 2 purchased last month, order vr888186. the sound stutters whenever my phone is in my pocket. i already kept phone in hand. this is the last time i buy from you.","1. BT dropouts
2. Checked FW 2.5.8
3. FW upddate resolved (SOP 5.4) | Money back to source and a fresh pair shipped. -KS"
TK-247062,2025-11,A3036,Ritika D'Souza,Returns Desk,GW-OTHER,4499.0,,,policy S5: GW-OTHER refund above the Rs 500 goodwill cap,1,helpdesk,VR889486,VA-SW-NX1,"return pickup has not happened
how do i get this fixed?",Reported: reverse pkp pending. Re-raised pkp w/ courier. Refunded Rs 4499. Follow-up not required.
TK-252726,2026-05,A3013,Rohit Nair,Chat Frontline,GW-OTHER,4499.0,,,policy S5: GW-OTHER refund above the Rs 500 goodwill cap,1,helpdesk,VR900807,VA-HP-ST2,"sir ji
only one side plays sound
abhi tak kuch nahi hua
strata 2 vr900807
help",refunded rs 4499. issue: single side audio only. asked cx to check bud in case. ~Rohit
TK-253419,2026-05,A3004,Geeta Dutta,Chat Frontline,GW-OTHER,4499.0,,,policy S5: GW-OTHER refund above the Rs 500 goodwill cap,1,helpdesk,VR881208,VA-SW-NX1,i bought nexa watch on 05/05. double payment deducted. i checked with bank. nothing changed. need this sorted this week. thanks & regards,"1. duplicate payment
2. confirmed utrs
3. duplicate refunded to source"
TK-244911,2025-09,A3035,Dev Kulkarni,Billing,GW-OTHER,4249.0,,,policy S5: GW-OTHER refund above the Rs 500 goodwill cap,1,helpdesk,VR907936,VA-HP-ST2,"Product: my Strata 2 headphones
Purchased: 11-09-2025
Issue: money debited but order not showing
Tried: checked bank statement
Expected: refund","Ticcket raiised for payment debited, no ord. Asked for UTR. Refund of Rs 4249 initiated to source. Cx informed."
TK-247232,2025-11,A3039,Reyansh Mishra,Escalations & Warranty,GW-OTHER,4249.0,,,policy S5: GW-OTHER refund above the Rs 500 goodwill cap,1,helpdesk,VR908944,VA-SW-NX1,there's a dent on the case straight out of the box,"re: damaged in transit | photos received, damage confirmed -> refund initiated (sop 2.7) -- full refund issued and replacement dispatched as goodwill. ~Reyansh"
TK-251863,2026-04,A3007,Abhishek Gupta,Chat Frontline,GW-OTHER,4249.0,,,policy S5: GW-OTHER refund above the Rs 500 goodwill cap,1,helpdesk,VR893200,VA-HP-ST2,"please cancel, ordered by mistake. vr893200. can someone fix this?",closed
TK-240354,2025-01,A3019,Kavya Agarwal,Email Frontline,GW-OTHER,4248.0,,,policy S5: GW-OTHER refund above the Rs 500 goodwill cap,1,helpdesk,VR896770,VA-EB-PL1,bought the pulse buds around 22-01-2025 from amazon. want to cancel my order. please help. regards aarav khanna,cx: cancel ord | chk shipment satus -> refunded rs 4248
TK-246022,2025-10,A3021,Meera Mathew,Email Frontline,GW-OTHER,3999.0,,,policy S5: GW-OTHER refund above the Rs 500 goodwill cap,1,helpdesk,VR905513,VA-SW-NX1,not what i expected from vireo. i bought my nea on october 02. i have been sitting at home for 3 days waiting for ur courier. i already rescheduled pickup twice. this is the last time i buy from u.,"reverse pickup pending | re-raised pickup w/ crr -> pickup done, rfnd initiated | xfer email frontline.
Refunded Rs 3999 and also raised replacement, cx was very upset. ~Meera"
TK-247849,2025-12,A3033,Vikram Banerjee,Billing,GW-OTHER,3999.0,,,policy S5: GW-OTHER refund above the Rs 500 goodwill cap,1,helpdesk,VR881176,VA-SW-NX1,"Product: my Nexa
Order: VR881176
Purchased: 05/12
Issue: moeny debited but order not showing
Tried: checked bakn statement
Expected: resolution","cx: payment debited, no order | confirmed w/ payment gateway -> rfnd approved, rs 3999, 5-7 working days"
TK-251380,2026-03,A3037,Manish Iyer,Returns Desk,GW-OTHER,3999.0,,,policy S5: GW-OTHER refund above the Rs 500 goodwill cap,1,helpdesk,VR896929,VA-HP-ST2,"Hi Vireo support, I bought Strata 2 on 27-02-2025. Still waiting for my refund. I emailed twice. Nothing changed. I want my money back.","refund approved, rs 3999, 5-7 working days. issue: refund delay. chk reverse pickup qc status. ~Manish"
TK-252233,2026-04,A3035,Dev Kulkarni,Billing,GW-OTHER,3999.0,,,policy S5: GW-OTHER refund above the Rs 500 goodwill cap,1,helpdesk,VR891209,VA-SW-NX1,"Hello Vireo, Got my Nexa from Amazon in April. My bank says Rs 1799 went to you but your site says I have no orders. I waited 24 hours. Nothing changed. Kindly look into it. Rgds Meera",Cust contacted re amount deducted without ord. Confirmed w/ payment gateway. Full rfnd processed (3999). Cx informed.
TK-242174,2025-05,A3035,Dev Kulkarni,Billing,GW-OTHER,3500.0,,,policy S5: GW-OTHER refund above the Rs 500 goodwill cap,1,helpdesk,VR895082,VA-HP-ST3,"dear sir/madam,

i am writing w/ reference to my order of my strata 3 headphones (vr895082) placed on 11 may. payment went through but i got no order id. i have checked bank statement. i request you to kindly arrange a replacement.

regards,
payal sharma
nagpur",Cx says amount deducted without ord. cnf w/ payment gateway. Auto-rfnd conf within 5-7 days. Follow-up not required.
TK-246272,2025-10,A3042,Swati Bhatia,Escalations & Warranty,GW-OTHER,3500.0,,,policy S5: GW-OTHER refund above the Rs 500 goodwill cap,1,helpdesk,VR889564,VA-HP-ST3,right earbud completely silent,"re: no audio one side | checked balance settings w/ cx -> refunded rs 3500. -- offered replacement, cx preferred refund. refund processed."
TK-246767,2025-11,A3018,Krishna Bhatt,Email Frontline,GW-OTHER,3500.0,,,policy S5: GW-OTHER refund above the Rs 500 goodwill cap,1,helpdesk,VR905246,VA-HP-ST3,"Dear team, Ordered my Strata 3 headphones around Diwali. Goes froom full to empty during one commute. Please help.","re: rapid battery drain | checked usage pattern with cx -> refund approved, rs 3500, 5-7 working days ~Krishna"
TK-244570,2025-09,A3039,Reyansh Mishra,Escalations & Warranty,GW-OTHER,3499.0,,,policy S5: GW-OTHER refund above the Rs 500 goodwill cap,1,helpdesk,VR894402,VA-EB-PL2,"case wont charge since a month ago, VR894402","1. charging case dead
2. asked cx to try different cable + adaptor
3. advised port cleaning, resolved.
refund processed to source; replacement unit also shipped. ~Reyansh"
TK-244891,2025-09,A3026,Aadhya Deshpande,Voice Frontline,GW-OTHER,3499.0,,,policy S5: GW-OTHER refund above the Rs 500 goodwill cap,1,helpdesk,VR909586,VA-EB-PL2,"hi there, this is regarding my pulse 2.  please cancel, ordered by mistake. i tried cancel button, greyed out. this is very disappointing. please help.",re: ord cancellation | cancelled before dispatch -> full rfnd processed (3499)
TK-244971,2025-09,A3032,Sneha Bansal,Billing,GW-OTHER,3499.0,,,policy S5: GW-OTHER refund above the Rs 500 goodwill cap,1,helpdesk,VR900247,VA-EB-PL2,"product: my pulse 2
order: vr900247
purchased: september 04
issue: discount was not applied at checkout
tried: tried on app & website
expected: replacement",customer states coupon not applied. chk cart eligibility. full refund processed (3499). closing. ~Sneha
TK-245000,2025-09,A3032,Sneha Bansal,Billing,GW-OTHER,3499.0,,,policy S5: GW-OTHER refund above the Rs 500 goodwill cap,1,helpdesk,VR884350,VA-EB-PL2,[IVR transcript] hey u picked up the item 4 days ago and my moeny hasn't come back pulse2 urgent,"1. refund delay
2. checked refund status on pg
3. refunded rs 3499 ~Sneha"
TK-245069,2025-09,A3035,Dev Kulkarni,Billing,GW-OTHER,3499.0,,,policy S5: GW-OTHER refund above the Rs 500 goodwill cap,1,helpdesk,VR898376,VA-EB-PL2,"HI TEAM, ORDER VR898376 (PULSE 2 BUDS). Money debited but order not showing. I want a replacement. Please revert",Cx reported failed ord after payment. chk PG dashboard for txn. rfnd of Rs 3499 initiated to source. Will monitor.
TK-245232,2025-09,A3038,Ankit Dhillon,Returns Desk,GW-OTHER,3499.0,,,policy S5: GW-OTHER refund above the Rs 500 goodwill cap,1,helpdesk,VR892566,VA-EB-PL2,[IVR transcript] sir ji you picked up the item 16 days ago & my money hasn't come back kuch karo my pulse 2 kindly do the needful,-
TK-245265,2025-09,A3037,Manish Iyer,Returns Desk,GW-OTHER,3499.0,,,policy S5: GW-OTHER refund above the Rs 500 goodwill cap,1,helpdesk,VR908934,VA-EB-PL2,"hi
where is the money for the return
pule 2 vr908934
anyone there",arn shared with cx. issue: rfnd delay. checked reverse pickup qc status. ~Manish
TK-245494,2025-10,A3035,Dev Kulkarni,Billing,GW-OTHER,3499.0,,,policy S5: GW-OTHER refund above the Rs 500 goodwill cap,1,helpdesk,VR888615,VA-EB-PL2,"card charged two times
vr888615","re: double charge | chk pg for duplicate txn -> rfnd approved, rs 3499, 5-7 working days"
TK-245607,2025-10,A3036,Ritika D'Souza,Returns Desk,GW-OTHER,3499.0,,,policy S5: GW-OTHER refund above the Rs 500 goodwill cap,1,helpdesk,VR895888,VA-EB-PL2,"hey
the return was accepted but the amount is nowhere in my account",Customer states refud not credited. chk reverse pkp QC status. Refund reprocessed. Cx satisfied on chat. (SOP 4.2)
TK-245629,2025-10,A3009,Sukhwinder Singh,Chat Frontline,GW-OTHER,3499.0,,,policy S5: GW-OTHER refund above the Rs 500 goodwill cap,1,helpdesk,VR893634,VA-EB-PL2,"hello vireo, ordered pulse 2 buds in september. bluetooth keeps cutting out. i reset both devices. nothing changed. i am losing patience. waiting for ur reply. thank you",Reported: BT dropouts. Checked FW 2.4.8. FW update rslvd. (SOP 5.4) | Money back to source & a fresh pair shipped. //SUK
TK-245838,2025-10,A3030,Aishwarya Trivedi,Logistics,GW-OTHER,3499.0,,,policy S5: GW-OTHER refund above the Rs 500 goodwill cap,1,helpdesk,,VA-EB-PL2,"Not accptable at this price. This is regarding my Pulse 2. want to cancel my order. I already tried cancel button, greyde out. I want a replacement or refund, nothing else.",Cx reported cancel order. Cancelled before dispatch. Refunded Rs 3499. //AIS
TK-245945,2025-10,A3018,Krishna Bhatt,Email Frontline,GW-OTHER,3499.0,,,policy S5: GW-OTHER refund above the Rs 500 goodwill cap,1,helpdesk,VR888154,VA-EB-PL2,"dear sir/madam,

i am writing w/ reference to my order of pulse 2 (vr888154) placed on 06/09. one of them is just decoration at this point. i have reset the buds. i request u to provide a resolution within 3 working days.

sincerely,
manish naidu
jaipur",re: single sidde audio only | walked through reset -> escalated to warranty ~Krishna
TK-246164,2025-10,A3036,Ritika D'Souza,Returns Desk,GW-OTHER,3499.0,,,policy S5: GW-OTHER refund above the Rs 500 goodwill cap,1,helpdesk,VR881431,VA-EB-PL2,"helo
the return was accepted but the amount is nowhere in my account",Contact re rfd delay. chk revere pickup QC status. Full rfnd processed (3499). Will monitor.
TK-246344,2025-10,A3032,Sneha Bansal,Billing,GW-OTHER,3499.0,,,policy S5: GW-OTHER refund above the Rs 500 goodwill cap,1,helpdesk,VR881866,VA-EB-PL2,"Product: the Pulse 2 earbuds
Order: VR881866
Purchased: 18/10
Issue: still waiting for my refund
Tried: checked bank
Expected: resolution","1. refund delay
2. checked refund status on pg
3. refund approved, rs 3499, 5-7 working days ~Sneha"
TK-247060,2025-11,A3035,Dev Kulkarni,Billing,GW-OTHER,3499.0,,,policy S5: GW-OTHER refund above the Rs 500 goodwill cap,1,helpdesk,VR902296,VA-EB-PL2,"Got pulse 2 buds from vireo.in in November. Pamyent was deducted but no order was created.
I tried logging out and in.
Please advise.
Thanks & regards Aishwarya",Contact re failed ord after payment. Checked PG dashboad for txn. rfnd of Rs 3499 initiated to source. Closing.
TK-247158,2025-11,A3012,Lakshmi Srivastava,Chat Frontline,GW-OTHER,3499.0,,,policy S5: GW-OTHER refund above the Rs 500 goodwill cap,1,helpdesk,,VA-EB-PL2,"dear sir/madam,

i am writing with reference to my order of pulse2 placed on 07/11. my order has not been delivered yet. i have checked the tracking page daily. i request you to process a refund to my original payment method.

sincerely,
divya ghosh",cust contacted re delivery delayed. checked awb with courier. full refund processed (3499).
TK-247289,2025-11,A3018,Krishna Bhatt,Email Frontline,GW-OTHER,3499.0,,,policy S5: GW-OTHER refund above the Rs 500 goodwill cap,1,helpdesk,VR896276,VA-EB-PL2,"my son ordered this without asking, please reverse - VR896276",order cancellation | cancelled before dispatch -> full refund processed (3499)
TK-247457,2025-11,A3036,Ritika D'Souza,Returns Desk,WTY-BUYBACK,3499.0,note_only,"...ot required. (SOP 2.7) Issued rfnd + rplc both, TL aware.",policy S5: agent note states both a refund and a replacement were given,1,helpdesk,VR892014,VA-EB-PL2,pickup scheduled but no one showed up. VR892014,"Cust contacted re pickup missed. Re-raised pickup with crr. Pickup done, refund initiated. Follow-up not required. (SOP 2.7)
Issued rfnd + rplc both, TL aware."
TK-247487,2025-11,A3036,Ritika D'Souza,Returns Desk,GW-OTHER,3499.0,,,policy S5: GW-OTHER refund above the Rs 500 goodwill cap,1,helpdesk,VR891006,VA-EB-PL2,"hello
refund was promised 5 days ago & nothing
help",cx: refund pending | checked reverse pickup qc status -> refund of rs 3499 initiated to source
TK-247493,2025-11,A3030,Aishwarya Trivedi,Logistics,GW-OTHER,3499.0,,,policy S5: GW-OTHER refund above the Rs 500 goodwill cap,1,helpdesk,VR883623,VA-EB-PL2,"order not delivered, tracking not updating","Cust contacted re shipment not rcvd. conf address with cx. RTO conf, reshipped. //AIS"
TK-247664,2025-11,A3036,Ritika D'Souza,Returns Desk,GW-OTHER,3499.0,,,policy S5: GW-OTHER refund above the Rs 500 goodwill cap,1,helpdesk,VR893226,VA-EB-PL2,"Really frustrating.  Pulse2 pucrhased around Diwali, order VR893226. you picked up the item 14 days ago and my money hasn't come back. I alreayd emailed twice. Fix this or I am posting on twitter.",Full rfnd processed (3499). Issue: rfnd not credited. Checked rfnd status on PG.
TK-247767,2025-12,A3038,Ankit Dhillon,Returns Desk,GW-OTHER,3499.0,,,policy S5: GW-OTHER refund above the Rs 500 goodwill cap,1,helpdesk,VR885111,VA-EB-PL2,"[IVR transcript] Hey, I bought Pulse2 on November 25.  Where is the money for the return. I want a replacement. Regards,","1. Refund delay
2. Checked reverse pickup QC status
3. Refund of Rs 3499 initiated to source"
TK-248070,2025-12,A3038,Ankit Dhillon,Returns Desk,GW-OTHER,3499.0,,,policy S5: GW-OTHER refund above the Rs 500 goodwill cap,1,helpdesk,VR886122,VA-EB-PL2,"Hello Vireo, Order VR886122 (my Pulse 2). I have been sitting at home for 3 das waiting for your courier. I called courier. Nothing changed. Honestly regretting this purchase. Waiting for your reply. PLEASE REVERT,","1. pkp not done
2. Re-raised pkp with crr
3. rfnd approved, Rs 3499, 5-7 working days. Replacement was offered earlier by chat team, cx opted for refund."
TK-248141,2025-12,A3015,Sameer Jadhav,Chat Frontline,GW-OTHER,3499.0,,,policy S5: GW-OTHER refund above the Rs 500 goodwill cap,1,helpdesk,VR882242,VA-EB-PL2,"[IVR transcript] hi, i bought pulse 2 on november 08. left side has no audio at all. i checked balance settings. please resolve asap. awaiting response, kunal",Full rfnd processed (3499). Issue: left side silent. Walked through reset. Via Chat Frontline. [closed]
TK-248237,2025-12,A3036,Ritika D'Souza,Returns Desk,GW-OTHER,3499.0,,,policy S5: GW-OTHER refund above the Rs 500 goodwill cap,1,helpdesk,,VA-EB-PL2,Not acceptable at this price. This is regarding my Pulse 2. refund not received yet. I already emailed twice. Fix this or I am posting on twitter,Ticket raised for refund pending. Checked refund status on PG. Refund of Rs 3499 initiated to source. Cx informed.
TK-248413,2025-12,A3029,Rajat Mukherjee,Logistics,DOA-REPL,3499.0,flag_only,,policy S5: refund and replacement both issued (replacement_issued=Y),1,helpdesk,VR894616,VA-EB-PL2,"not acceptable at this price. got pulse2 from amazon recently. my order has not been delivered yet. i already checked with neighbours. i want a replacement or refund, nothing else",refund initiated as lost in transit. issue: delivery delayed. raised ticket with courier partner. | refund done and new unit sent as one-time gesture. -RM
TK-248525,2025-12,A3022,Daniel Arora,Email Frontline,GW-OTHER,3499.0,,,policy S5: GW-OTHER refund above the Rs 500 goodwill cap,1,helpdesk,VR894438,VA-EB-PL2,"hi,
bought my pulse 2 around 26 nov from vireo.in. i sennt the unit in 21 days ago and have herad nothing.
i clled service centre.
need this sorted thhis week.","cx states repair status follow-up. chk RMA status. Refund approved, Rs 3499, 5-7 working days. (SOP 3.1)"
TK-248537,2025-12,A3035,Dev Kulkarni,Billing,GW-OTHER,3499.0,,,policy S5: GW-OTHER refund above the Rs 500 goodwill cap,1,helpdesk,VR907014,VA-EB-PL2,[IVR transcript] hii my bakn shoows the sme amount twice on the same day,cx states duplicate payment. conf UTRs. Duplicate refunded to source. Cx informed.
TK-248753,2026-01,A3011,Rohit Gill,Chat Frontline,GW-OTHER,3499.0,,,policy S5: GW-OTHER refund above the Rs 500 goodwill cap,1,helpdesk,VR899499,VA-EB-PL2,IT CONNECTS FOR A SECOND & THEN VANISHES FROM THE DEVICE LIST,"Re-pair successful, rslvd on chat. Issue: device not discoverable. Walked through forget + re-pair. Sent a new unit & released the money as well, cx was in tears on call."
TK-248757,2026-01,A3011,Rohit Gill,Chat Frontline,GW-OTHER,3499.0,,,policy S5: GW-OTHER refund above the Rs 500 goodwill cap,1,helpdesk,VR908970,VA-EB-PL2,"Honestly regretting this purchase.  my Pulse 2 purchased 10 days ago, order VR908970. it goes silent for a second every few minutes and comes back. I already reset both devices. This is the last time I buy from you.",rfnd of Rs 3499 initiated to source. Issue: intermittent disconnects. chk interference sources.
TK-248849,2026-01,A3031,Zaid Desai,Logistics,GW-OTHER,3499.0,,,policy S5: GW-OTHER refund above the Rs 500 goodwill cap,1,helpdesk,VR891083,VA-EB-PL2,"sir ji
order not delivered, tracking not updating
please jaldi",Refunded Rs 3499. Issue: order not delivered. Checked AWB with courier.
TK-248997,2026-01,A3003,Komal Singh,Chat Frontline,GW-OTHER,3499.0,,,policy S5: GW-OTHER refund above the Rs 500 goodwill cap,1,helpdesk,VR907503,VA-EB-PL2,the case has been at the same battery level for a week,"1. Charging case dead
2. Asked cx to try different cable + adaptor
3. Flul rfnd processed (3499) (SOP 4.2)"
TK-249092,2026-01,A3030,Aishwarya Trivedi,Logistics,GW-OTHER,3499.0,,,policy S5: GW-OTHER refund above the Rs 500 goodwill cap,1,helpdesk,VR883713,VA-EB-PL2,"Product: pulse 2 buds
Order: VR883713
Purchased: January 12
Issue: package not delivered even afteer 9 days
Tried: called the courier
Expected: replacement","Refund approved, Rs 3499, 5-7 working days. Issue: order not delivered. Confirmed address w/ cx. //AIS"
TK-249219,2026-01,A3037,Manish Iyer,Returns Desk,GW-OTHER,3499.0,,,policy S5: GW-OTHER refund above the Rs 500 goodwill cap,1,helpdesk,,VA-EB-PL2,"helo
i have been sitting at home for 3 days watiing for your courier
the pules 2 earbuds
pls reply","rfnd approved, rs 3499, 5-7 working days. issue: pkp not done. chk pkp awb. ~Manish"
TK-249488,2026-01,A3006,Varun Bhatt,Chat Frontline,GW-OTHER,3499.0,,,policy S5: GW-OTHER refund above the Rs 500 goodwill cap,1,helpdesk,VR888054,VA-EB-PL2,"Product: pulse 2 buds
Order: VR888054
Purchased: December 06
Issue: the charging case is not charging
Tried: tried 3 different cables
Expected: replacement","refund approved, rs 3499, 5-7 working days. issue: case no led / no charge. checked for lint in port. | replacement was offered earlier by chat team, cx opted for refund. -VB"
TK-249713,2026-02,A3031,Zaid Desai,Logistics,GW-OTHER,3499.0,,,policy S5: GW-OTHER refund above the Rs 500 goodwill cap,1,helpdesk,VR892326,VA-EB-PL2,"hii
product arrived damaged
pls reply","Reverse pickup arranged. Issue: unit received damaged. Photos received, damage confirmed. Full refund issued and replacement dispatched as goodwill."
TK-249812,2026-02,A3007,Abhishek Gupta,Chat Frontline,DOA-REPL,3499.0,flag_only,,policy S5: refund and replacement both issued (replacement_issued=Y),1,helpdesk,VR899387,VA-EB-PL2,"Hi Vireo support,
This is regarding my Pulse 2. It connects for a scond & then vanishes from the device list.
I tried on another phone. Nothing changed.
Please help.
Rgds Tarun",sorted. | rfnd done & new unit sent as one-time gesture.
TK-249890,2026-02,A3035,Dev Kulkarni,Billing,GW-OTHER,3499.0,,,policy S5: GW-OTHER refund above the Rs 500 goodwill cap,1,helpdesk,,VA-EB-PL2,"Hi Vireo support, Bought Pulse 2 around 15/01 from vireo.in. Where is the money for the return. Need this sorted this week. Thanks in advance",cx states rfnd delay. Checked reverse pkp QC status. Full rfnd processed (3499). Will monitor.
TK-249960,2026-02,A3038,Ankit Dhillon,Returns Desk,GW-OTHER,3499.0,,,policy S5: GW-OTHER refund above the Rs 500 goodwill cap,1,helpdesk,,VA-EB-PL2,"I am losing patience. Ordered the Pulse 2 earbuds last month. still waiting for my refund. I already emailed twice. I want a replacement or refund, nothing else.","1. rfnd pending
2. Checked rfnd status on PG
3. rfnd conf credited"
TK-250008,2026-02,A3038,Ankit Dhillon,Returns Desk,GW-OTHER,3499.0,,,policy S5: GW-OTHER refund above the Rs 500 goodwill cap,1,helpdesk,VR896388,VA-EB-PL2,where is the money for the return - need this sorted this week,"Cx reported refund not credited. Checked reverse pkp QC status. Refund of Rs 3499 initiated to source. Offered replacement, cx preferred refund. Refund processed."
TK-250140,2026-02,A3033,Vikram Banerjee,Billing,GW-OTHER,3499.0,,,policy S5: GW-OTHER refund above the Rs 500 goodwill cap,1,helpdesk,VR892485,VA-EB-PL2,"double payment deducted, what do i do now?",cx reported charged twice. confirmed utrs. refunded rs 3499.
TK-250554,2026-02,A3026,Aadhya Deshpande,Voice Frontline,GW-OTHER,3499.0,,,policy S5: GW-OTHER refund above the Rs 500 goodwill cap,1,helpdesk,VR899233,VA-EB-PL2,"[IVR transcript] plugging in does nothing on the case, cable works on my phone - VR899233","cx: charging case dead | conf case led dead -> rplc case raised.
Refund processed to source; rplc unit also shipped. //AAD"
TK-250604,2026-02,A3021,Meera Mathew,Email Frontline,GW-OTHER,3499.0,,,policy S5: GW-OTHER refund above the Rs 500 goodwill cap,1,helpdesk,VR885181,VA-EB-PL2,"cancel order 
please resolve asap","1. ord cancellation
2. Cancelled before dispatch
3. xfer to Email Frontline
4. Full rfnd processed (3499) ~Meera"
TK-250764,2026-03,A3037,Manish Iyer,Returns Desk,GW-OTHER,3499.0,,,policy S5: GW-OTHER refund above the Rs 500 goodwill cap,1,helpdesk,VR897914,VA-EB-PL2,"I have been sitting at home for 3 days waiting for your courier, please caall me on my registered numbber","1. pkp missed
2. re-raised pkp with courier
3. full rfnd processed (3499)
refunded. replacement request rejected as per policy. ~Manish"
TK-251001,2026-03,A3035,Dev Kulkarni,Billing,GW-OTHER,3499.0,,,policy S5: GW-OTHER refund above the Rs 500 goodwill cap,1,helpdesk,VR887003,VA-EB-PL2,"Product: pulse 2 buds
Order: VR887003
Purchased: February 28
Issue: change of mind, please stop the shipment
Tried: tried cancel button, greyed out
Expected: fix",Cust contacted re cancel ord. Canceleld before dispatch. rffnd of Rs 3499 initiiated to source. Cx informed.
TK-251070,2026-03,A3018,Krishna Bhatt,Email Frontline,GW-OTHER,3499.0,,,policy S5: GW-OTHER refund above the Rs 500 goodwill cap,1,helpdesk,VR882068,VA-EB-PL2,"very poor quality. i bought pulse2 on 04 mar. want to cancel my order. i already tried canecl button, greyed out. i want a replacement or refund, nothing else",issue: cancellation request | cancelled beore dispatch -> full refund processed (3499) ~Krishna
TK-251094,2026-03,A3033,Vikram Banerjee,Billing,GW-OTHER,3499.0,,,policy S5: GW-OTHER refund above the Rs 500 goodwill cap,1,helpdesk,VR881747,VA-EB-PL2,"To the Vireo Customer Care Team,

I am writing with reference to my order of pulse 2 buds (VR881747) placed on 10/03. Double payment deducted. I have checked with bank. I request you to kindly arrange a replacement.

Regards,
Pranav Singh
Thiruvananthapuram","1. charged twice
2. chk pg for duplicate txn
3. full refund processed (3499)"
TK-251880,2026-04,A3017,Kabir Singh,Email Frontline,WTY-BUYBACK,3499.0,flag_only,,policy S5: refund and replacement both issued (replacement_issued=Y),1,helpdesk,VR882803,VA-EB-PL2,"Dear Sir/Madam,

I am writing with reference to my order of my Pulse 2 (VR882803) placed on 22 Nov. Left side has no audio at all. I have reset the buds. I request you to kindly arrange a replacement.

Regards,
Arjun Desai",cx reported single side audio only. asked cx to check bud in case. esc to wty. -- rfnd done and new unit sent as one-time gesture. -KS
TK-252020,2026-04,A3036,Ritika D'Souza,Returns Desk,GW-OTHER,3499.0,,,policy S5: GW-OTHER refund above the Rs 500 goodwill cap,1,helpdesk,VR887429,VA-EB-PL2,Bought pules 2 buds around March 16 from vireo.in. Packed the box a week ago and it's still here. I called courier. Please advise. Thank you,Cx says pkp not done. Checked pkp AWB. Refunded Rs 3499. Cx satisfied on chat. | Refunded. Replacement request rejected as per policy.
TK-252097,2026-04,A3003,Komal Singh,Chat Frontline,GW-OTHER,3499.0,,,policy S5: GW-OTHER refund above the Rs 500 goodwill cap,1,helpdesk,VR906621,VA-EB-PL2,since the last update the app just shows a white screen,"1. App crash on device page
2. chk app version
3. Refund approved, Rs 3499, 5-7 working days (SOP 3.1) -KS"
TK-252262,2026-04,A3034,Tanvi Rathore,Billing,GW-OTHER,3499.0,,,policy S5: GW-OTHER refund above the Rs 500 goodwill cap,1,helpdesk,VR883505,VA-EB-PL2,"I am losing patience.  the Pulse 2 earbuds purchased around Diwali, order VR883505. two entries of Rs 1799 on my statement for one pair of earbuds. I already checked with bank. Refund. Now",resolved on call
TK-252281,2026-04,A3027,Priya Agarwal,Logistics,DOA-REPL,3499.0,note_only,"...cket with crr partner. Issued rfnd + rplc both, TL aware.",policy S5: agent note states both a refund and a replacement were given,1,helpdesk,VR904166,VA-EB-PL2,"Dear Sir/Madam,

I am writing with reference to my order of Pulse 2 placed on 15-04-2026. I haven't received my order. I have checked the tracking page daily. I request you to process a refund to my original payment method.

Sincerely,
Rahul Agarwal","Re-shipped from warehouse. Issue: order not delivered. Raised ticket with crr partner.
Issued rfnd + rplc both, TL aware."
TK-252405,2026-04,A3030,Aishwarya Trivedi,Logistics,GW-OTHER,3499.0,,,policy S5: GW-OTHER refund above the Rs 500 goodwill cap,1,helpdesk,VR909840,VA-EB-PL2,"Product: Pulse 2
Order: VR909840
Purchased: April 20
Issue: received damaged product
Tried: refused nothing as I didn't notice till later
Expected: callback",refund approved //AIS
TK-252604,2026-05,A3037,Manish Iyer,Returns Desk,GW-OTHER,3499.0,,,policy S5: GW-OTHER refund above the Rs 500 goodwill cap,1,helpdesk,VR909911,VA-EB-PL2,This is very disappointing.  Got Pulse2 from vireo.in in April. where is the money for the return. I already emailed twice. Fix this or I am posting on twitter.,arn shared with cx. issue: rfnd not credited. chk rfnd status on pg.
TK-252869,2026-05,A3033,Vikram Banerjee,Billing,GW-OTHER,3499.0,,,policy S5: GW-OTHER refund above the Rs 500 goodwill cap,1,helpdesk,VR907015,VA-EB-PL2,"your ad said 20% off and the cart says full price, VR907015","1. promo code invalid
2. checked cart eligibility
3. rfnd approved, rs 3499, 5-7 working days"
TK-252982,2026-05,A3030,Aishwarya Trivedi,Logistics,WTY-BUYBACK,3499.0,flag_only,,policy S5: refund and replacement both issued (replacement_issued=Y),1,helpdesk,VR903695,VA-EB-PL2,"Dear Sir/Madam,

I am writing with reference to my order of pulse 2 buds (VR903695) placed on 09-05-2026. Order not delivered, tracking not updating. I have checked the tracking page daily. I request you to process a refund to my original payment method.

Regards,
Isah Dutta
Guwahati","Ticket raised for dlvry delayed. Raised ticket with courier partner. Courier conf dlvry for 17 May, cx informed. | Amount returned to card; fresh unit shipped from BLR warehouse. //AIS"
TK-253035,2026-05,A3037,Manish Iyer,Returns Desk,GW-OTHER,3499.0,,,policy S5: GW-OTHER refund above the Rs 500 goodwill cap,1,helpdesk,VR896328,VA-EB-PL2,"Hi there,
Ordered the Pulse 2 earbuds 3 weeks back. Refund was promised 11 days ago and nothing.
How do I get this fixed?
Rgds, Ankit","cust contacted re refund delay. chk refund status on pg. refund approved, rs 3499, 5-7 working days. cx satisfied on chat. ~Manish"
TK-253162,2026-05,A3030,Aishwarya Trivedi,Logistics,GW-OTHER,3499.0,,,policy S5: GW-OTHER refund above the Rs 500 goodwill cap,1,helpdesk,VR889255,VA-EB-PL2,"Dear Sir/Madam,

I am writnig with reference to my order of Pulse 2 (VR889255) paced on May 12. Screen has a crack before I even switched it on. I have took photos. I request you to look into this matter at the earliest.

Sincerely,
Imran Desai
Kolkata","Cx reported damaged in transit. Photos received, damage confirmed. Refunded Rs 3499.
Reversed the payment & dispatched a new one under RMA. //AIS"
TK-253166,2026-05,A3036,Ritika D'Souza,Returns Desk,GW-OTHER,3499.0,,,policy S5: GW-OTHER refund above the Rs 500 goodwill cap,1,helpdesk,VR881626,VA-EB-PL2,where is the money for the return. VR881626. please calll me on my registered number,Cust contacted re refund delay. Checked revrse pkp QC status. ARN shared w/ cx. Case closed w/ cx consent.
TK-253305,2026-05,A3030,Aishwarya Trivedi,Logistics,GW-OTHER,3499.0,,,policy S5: GW-OTHER refund above the Rs 500 goodwill cap,1,helpdesk,VR886947,VA-EB-PL2,"Hi Vireo support,
This is regarding Pulse 2. My order has not been delivered yet.
I checked the tracking page daily.
Need this sorted this week.
Rgds",Cx says dlvry delayed. conf address with cx. Refund of Rs 3499 initiated to source.
TK-253309,2026-05,A3032,Sneha Bansal,Billing,GW-OTHER,3499.0,,,policy S5: GW-OTHER refund above the Rs 500 goodwill cap,1,helpdesk,VR903495,VA-EB-PL2,"helo
payment weent through but i got no order id
??","1. payment debited, no order
2. confirmed with payment gateway
3. refund approved, rs 3499, 5-7 working days ~Sneha"
TK-253354,2026-05,A3038,Ankit Dhillon,Returns Desk,GW-OTHER,3499.0,,,policy S5: GW-OTHER refund above the Rs 500 goodwill cap,1,helpdesk,VR898330,VA-EB-PL2,you picked up the itme 14 days ago and my money hasn't come back,"1. Refund pending
2. Checked reverse pickup QC status
3. Refunded Rs 3499.
rfnd issued; rplc not applicable (out of stock)."
TK-253406,2026-05,A3010,Tenzin Mathew,Chat Frontline,GW-OTHER,3499.0,,,policy S5: GW-OTHER refund above the Rs 500 goodwill cap,1,helpdesk,VR898862,VA-EB-PL2,"Product: my Pulse 2
Order: VR898862
Purchased: 21/05
Issue: cancel order VR898862
Tried: tried cancel button, greyed out
Expected: fix",issue: order cancellation | cancelled before dispatch -> refunded rs 3499
TK-253682,2026-06,A3031,Zaid Desai,Logistics,GW-OTHER,3499.0,,,policy S5: GW-OTHER refund above the Rs 500 goodwill cap,1,helpdesk,,VA-EB-PL2,"Hi,
This is regarding pulse 2 buds. Wrong product delivered.
I checked the invoice. Nothing changed.
Kindly look into it.
Rgds Suresh Naidu","Refund approved, Rs 3499, 5-7 working days. Issue: incorrect product shipped. Raised with warehouse. -- Cx asked for replacement + refund, explained policy, refund only."
TK-253739,2026-06,A3039,Reyansh Mishra,Escalations & Warranty,GW-OTHER,3499.0,,,policy S5: GW-OTHER refund above the Rs 500 goodwill cap,1,helpdesk,VR880446,VA-EB-PL2,"[IVR transcript] Not acceptable at this price. pulse 2 buds purchased around Diwali, order VR880446. charging case dead, tried 3 cables. I already tried 3 differetn cables. Fix this or I am posting on twitter.","refund approved, rs 3499, 5-7 working days. issue: charging case dead. confirmed case led dead. (sop 5.4) ~Reyansh"
TK-253819,2026-06,A3005,Payal Bhatia,Chat Frontline,GW-OTHER,3499.0,,,policy S5: GW-OTHER refund above the Rs 500 goodwill cap,1,helpdesk,VR904392,VA-EB-PL2,"Dear Sir/Madam,

I am writing with reference to my order of Pulse 2 placed on 25-05-2026. Want to cancel my order. I have tried cancel button, greyed out. I request you to kindly arrange a replacement.

Sincerely,
Harpreet Gaikwad",Contact re cancellation request. Cancelled before dispatch. Full rfnd processed (3499).
TK-253989,2026-06,A3018,Krishna Bhatt,Email Frontline,GW-OTHER,3499.0,,,policy S5: GW-OTHER refund above the Rs 500 goodwill cap,1,helpdesk,VR893047,VA-EB-PL2,"To the Vireo Customer Care Team,

I am writing with reference to my order of Pulse 2 (VR893047) placed on March 06. Goes from full to empty during one commute. I have turned off always-on display. I request you to kindly arrange a replacement.

Regards,
Pranav Dutta
Bhopal","cx: rapid batery drain | advised disabling anc/aod to test -> advised settings change, cx satisfied.
Reversed the payment and dispatched a new one under RMA. ~Krishna"
TK-254125,2026-06,A3034,Tanvi Rathore,Billing,GW-OTHER,3499.0,,,policy S5: GW-OTHER refund above the Rs 500 goodwill cap,1,helpdesk,VR889056,VA-EB-PL2,"Pathetic experience honestly.  I bought Pulse2 on June 09. payment was deducted but no order was created. I already checked bank statement. I want a replacement or refund, nothing else.",closed
TK-254197,2026-06,A3034,Tanvi Rathore,Billing,GW-OTHER,3499.0,,,policy S5: GW-OTHER refund above the Rs 500 goodwill cap,1,helpdesk,VR893107,VA-EB-PL2,"hello vireo,
order vr893107 (the pulse 2 earbuds). card charged two times.
i waited a week.
veyr poor quality.
please call me on my registered number.",as discussed
TK-254302,2026-06,A3035,Dev Kulkarni,Billing,GW-OTHER,3499.0,,,policy S5: GW-OTHER refund above the Rs 500 goodwill cap,1,helpdesk,VR900306,VA-EB-PL2,my bank shows the same amount twice on the same day.  pls hepl,Ticket raised for charged twice. conf UTRs. Refunded Rs 3499. Cx satisfied on chat.
TK-245424,2025-10,A3032,Sneha Bansal,Billing,GW-OTHER,3324.0,,,policy S5: GW-OTHER refund above the Rs 500 goodwill cap,1,helpdesk,,VA-EB-PL2,[IVR transcript] I have been a loyal customer and this is how you treat me.  This is regarding pulse 2 buds. MY BANK SAYS RS 4999 WENT TO YOU BUT YOUR SITE SAYS I HAVE NO ORDERS. I already checked bank statement. This is the last time I buy from you.,"1. amount deducted without order
2. checked pg dashboard for txn
3. rfnd approved, rs 3324, 5-7 working days ~Sneha"
TK-245548,2025-10,A3018,Krishna Bhatt,Email Frontline,GW-OTHER,3324.0,,,policy S5: GW-OTHER refund above the Rs 500 goodwill cap,1,helpdesk,VR892026,VA-EB-PL2,"team,
the left earbud is not charging at all
pulse 2 buds
hello??",see prev ~Krishna
TK-245584,2025-10,A3031,Zaid Desai,Logistics,GW-OTHER,3324.0,,,policy S5: GW-OTHER refund above the Rs 500 goodwill cap,1,helpdesk,VR886701,VA-EB-PL2,"got a different colour than ordered, vr886701, waiting for your reply",Refund of Rs 3324 initiated to source. Issue: wrong item delivered. Raised with warehouse.
TK-246633,2025-11,A3033,Vikram Banerjee,Billing,GW-OTHER,3324.0,,,policy S5: GW-OTHER refund above the Rs 500 goodwill cap,1,helpdesk,VR886838,VA-EB-PL2,"product: pulse2
purchased: 05 nov
issue: your ad said 20% off and the cart says full price
tried: tried on app and website
expected: callabck","1. coupon not applied
2. checked cart eligibility
3. full rfnd processed (3324)"
TK-246850,2025-11,A3039,Reyansh Mishra,Escalations & Warranty,GW-OTHER,3324.0,,,policy S5: GW-OTHER refund above the Rs 500 goodwill cap,1,helpdesk,VR884942,VA-EB-PL2,"hii
left earbud not charging, right one is fine
the pulse 2 earbuds","cx: l bud no charge in case | confirmed fw 3.4.6 -> advised to observe for 48h and revert.
refund processed to source; replacement unit also shipped. ~Reyansh"
TK-248270,2025-12,A3035,Dev Kulkarni,Billing,GW-OTHER,3324.0,,,policy S5: GW-OTHER refund above the Rs 500 goodwill cap,1,helpdesk,VR909099,VA-EB-PL2,"Dear Sir/Madam,

I am writing w/ reference to my order of puse 2 buds (VR909099) placed on 17 Dec.  Coupon code not working. I have tried on app & website. I request you to look into this matter at the earliest.

Sincerely,
Nehha Desai
Vadodara",issue: promo code invalid | chk cart eligibility -> refunded rs 3324
TK-248319,2025-12,A3007,Abhishek Gupta,Chat Frontline,WTY-BUYBACK,3324.0,flag_only,,policy S5: refund and replacement both issued (replacement_issued=Y),1,helpdesk,VR903670,VA-EB-PL2,"PRODUCT: PULSE 2 BUDS
ORDER: VR903670
PURCHASED: AUGUST 30
ISSUE: I HEAR MUSIC IN ONE EAR ONLY, OTHER IS MUTE
TRIED: TRIED DIFFERENT PHONE
EXPECTED: REFUND","rslvd on call.
both rfnd & rplc given as cx threatened social media."
TK-249566,2026-01,A3036,Ritika D'Souza,Returns Desk,GW-OTHER,3324.0,,,policy S5: GW-OTHER refund above the Rs 500 goodwill cap,1,helpdesk,VR889228,VA-EB-PL2,"return pickup has not happened
VR889228
how do i get this fixed?",Reported: pkp not done. Re-raised pkp with courier. Refunded Rs 3324. Follow-up not required.
TK-249810,2026-02,A3010,Tenzin Mathew,Chat Frontline,DOA-REPL,3324.0,flag_only,,policy S5: refund and replacement both issued (replacement_issued=Y),1,helpdesk,VR901731,VA-EB-PL2,"hello
goes from full to empty during one commute
pulse 2 buds VR901731","Ticket raised for batteyr draining fast. Checked FW 1.4.12. Replacement approved, reverse pickup arranged. Cx informed. | Cx got the amount back, also sending a new set to keep him happy. ~Tenzin"
TK-249977,2026-02,A3028,Sameer Kapoor,Logistics,WTY-BUYBACK,3324.0,flag_only,,policy S5: refund and replacement both issued (replacement_issued=Y),1,helpdesk,,VA-EB-PL2,ordered pulse 2 buds 2 weeks ago. opened the parcel and it is a completely different thing. i rechecked my order. nothing changed. can someone fix this?,"cust contacted re incorrect product shipped. raised w/ warehouse. replacement approved, reverse pkp arranged. processed fr & raised rma for new set."
TK-251151,2026-03,A3032,Sneha Bansal,Billing,GW-OTHER,3324.0,,,policy S5: GW-OTHER refund above the Rs 500 goodwill cap,1,helpdesk,VR904295,VA-EB-PL2,"hi
refund not reecived yet
pullse 2
help",- ~Sneha
TK-251265,2026-03,A3040,Thomas Jadhav,Escalations & Warranty,GW-OTHER,3324.0,,,policy S5: GW-OTHER refund above the Rs 500 goodwill cap,1,helpdesk,VR906965,VA-EB-PL2,"dear sir/madam,

i am writing with reference to my order of my pulse 2 (vr906965) placed on 08/02.  service centre took it, now silence. i have emailed twice. i request you to provide a resolution within 3 working days.

regards,
sai gill","re: warranty claim status | checked rma staatus -> cx updated, eta shared. | Cx got the amount back, also sending a new set to keep him happy."
TK-251472,2026-03,A3029,Rajat Mukherjee,Logistics,DOA-REPL,3324.0,note_only,...cket with courier partner. -- both refund and replacement given as cx threatened social...,policy S5: agent note states both a refund and a replacement were given,1,helpdesk,VR908449,VA-EB-PL2,"order not delivered, tracking not updating",refund initiated as lost in transit. issue: shipment not received. raised ticket with courier partner. -- both refund and replacement given as cx threatened social media. -RM
TK-251720,2026-04,A3033,Vikram Banerjee,Billing,GW-OTHER,3324.0,,,policy S5: GW-OTHER refund above the Rs 500 goodwill cap,1,helpdesk,VR902387,VA-EB-PL2,"Product: pulse 2 buds
Order: VR902387
Purchased: March 25
Issue: monye debited but order not showing
Tried: tried logging out and in
Expected: resolution","1. amount deducted without order
2. asked for utr
3. rfnd of rs 3324 initiated to source"
TK-251928,2026-04,A3027,Priya Agarwal,Logistics,GW-OTHER,3324.0,,,policy S5: GW-OTHER refund above the Rs 500 goodwill cap,1,helpdesk,VR890710,VA-EB-PL2,"Dear team, This is regarding the Pulse 2 earbuds. Opened the parcel and it is a completely different thing. I rechecked my order. How do I get this fixed?",Contact re wrong item delivered. Verified order vs delivered item photos. Full refund processed (3324). Case closed with cx consent.
TK-253748,2026-06,A3035,Dev Kulkarni,Billing,GW-OTHER,3324.0,,,policy S5: GW-OTHER refund above the Rs 500 goodwill cap,1,helpdesk,VR901635,VA-EB-PL2,"product: pulse 2
order: vr901635
purchased: 27/05
issue: refund not received yet
tried: checked bank
expected: callback",Cx reported rfnd pending. Checkde reveres pkp QC status. Refunded Rs 3324. Case closed w/ cx consent.
TK-253804,2026-06,A3006,Varun Bhatt,Chat Frontline,GW-OTHER,3324.0,,,policy S5: GW-OTHER refund above the Rs 500 goodwill cap,1,helpdesk,VR901201,VA-EB-PL2,"not acceptable at this price.  bought my pulse 2 around march 19 from vireo.in. the left earbud is not charging at all. i already tried a different cable. i want a replacement or refund, nothing else.","1. left earbud not taking charge
2. asked cx to clean charging pins
3. replacement raised, rma shared with cx. | full refund issued and replacement dispatched as goodwill. -VB"
TK-254226,2026-06,A3013,Rohit Nair,Chat Frontline,DOA-REPL,3324.0,flag_only,,policy S5: refund and replacement both issued (replacement_issued=Y),1,helpdesk,VR892986,VA-EB-PL2,"To the Vireo Customer Care Team,

I am writing with reference to my order of pulse 2 buds (VR892986) placed on 09/06. It goes silent for a second every few minutes and comes back. I have kept phone in hand. I request you to process a refund to my original payment method.

Sincerely,
Manpreet Jadhav",fw update resolved. issue: intermittent disconnects. checked fw 2.7.5. | full refund issued and replacement dispatched as goodwill. ~Rohit
TK-254433,2026-06,A3001,Suresh Kaur,Chat Frontline,GW-OTHER,3324.0,,,policy S5: GW-OTHER refund above the Rs 500 goodwill cap,1,helpdesk,,VA-EB-PL2,"hi sir
the l bud is basically a paperweight now, r is fine
3 weeks back se
hello??","issue: l bud no charge in case | walked through factory reset -> reset resolved, cx confirmed left bud charging. | reversed the payment and dispatched a new one under rma. ~Suresh"
TK-250891,2026-03,A3035,Dev Kulkarni,Billing,GW-OTHER,3198.0,,,policy S5: GW-OTHER refund above the Rs 500 goodwill cap,1,helpdesk,VR898389,VA-SW-FIT,I was charged twice for one order,Ticket raised for duplicate payment. chk PG for duplicate txn. Full refund processed (3198). Case closed w/ cx consent.
TK-253178,2026-05,A3039,Reyansh Mishra,Escalations & Warranty,GW-OTHER,3198.0,,,policy S5: GW-OTHER refund above the Rs 500 goodwill cap,1,helpdesk,VR899141,VA-SW-FIT,"Hi,
Got Nexa Fit from vireo.in recently.  The strap is tearing.
Please resolve asap.",cx ok (sop 4.2) ~Reyansh
TK-245563,2025-10,A3036,Ritika D'Souza,Returns Desk,GW-OTHER,3149.0,,,policy S5: GW-OTHER refund above the Rs 500 goodwill cap,1,helpdesk,VR892649,VA-EB-PL2,"[IVR transcript] pathetic experience honestly.  pulse 2 buds purchased last week, order vr892649. refund was promised 16 days ago & nothing. i already checked bank. escalate this to someone senior.","Ticket raised for refund not credited. chk refund status on PG. Refund approved, Rs 3149, 5-7 working days. Follow-up not required."
TK-245764,2025-10,A3036,Ritika D'Souza,Returns Desk,GW-OTHER,3149.0,,,policy S5: GW-OTHER refund above the Rs 500 goodwill cap,1,helpdesk,VR884005,VA-EB-PL2,"Hello Vireo, Order VR884005 (Pulse2). You picked up the item 6 dayys ago and my money hasn't come back. Please call me on my registered number.","1. Refund delay
2. Checked rfund status on PG
3. Full refund processed (3149)"
TK-245902,2025-10,A3031,Zaid Desai,Logistics,GW-OTHER,3149.0,,,policy S5: GW-OTHER refund above the Rs 500 goodwill cap,1,helpdesk,VR889769,VA-EB-PL2,this is regarding pulse 2. product arrived damaged. can soemone fix this? thanks in advance simran,"Reverse pickup arranged. Issue: unit received damaged. Photos received, damage confirmed."
TK-246391,2025-10,A3017,Kabir Singh,Email Frontline,GW-OTHER,3149.0,,,policy S5: GW-OTHER refund above the Rs 500 goodwill cap,1,helpdesk,,VA-EB-PL2,"hello, got pulse 2 from amazon recently.  want to cancel my order. kindly look into it. regards, komal",reported: ord cancellation. chk shipment status. rfnd of rs 3149 initiated to source.
TK-246415,2025-10,A3035,Dev Kulkarni,Billing,GW-OTHER,3149.0,,,policy S5: GW-OTHER refund above the Rs 500 goodwill cap,1,helpdesk,,VA-EB-PL2,"Product: my Pulse 2
Order: VR884731
Purchased: October 16
Issue: payment was deducted but no order was created
Tried: waited 24 hours
Expected: fix",Contact re failed ord after payment. Asked for UTR. Full rfnd processed (3149). Cx informed.
TK-246888,2025-11,A3036,Ritika D'Souza,Returns Desk,GW-OTHER,3149.0,,,policy S5: GW-OTHER refund above the Rs 500 goodwill cap,1,helpdesk,VR902176,VA-EB-PL2,"Product: my Pulse 2
Order: VR902176
Purchased: 14/10
Issue: where is the monye for the return
Tried: emialed twice
Expected: refund",see prev
TK-248161,2025-12,A3032,Sneha Bansal,Billing,GW-OTHER,3149.0,,,policy S5: GW-OTHER refund above the Rs 500 goodwill cap,1,helpdesk,VR900228,VA-EB-PL2,"hello vireo, i bought pulse2 on 07-12-2025. the return was accepted but the amount is nowhere in my account. i want a replacement. regards, bhavna","1. refund not credited
2. checked refund status on pg
3. full refund processed (3149) ~Sneha"
TK-248190,2025-12,A3032,Sneha Bansal,Billing,GW-OTHER,3149.0,,,policy S5: GW-OTHER refund above the Rs 500 goodwill cap,1,helpdesk,VR903100,VA-EB-PL2,"dear sir/madam,

i am writing with reference to my order of pulse 2 buds (vr903100) placed on 01-12-2025. two entries of rs 2499 on my statement for one pair of earbuds. i have waited a week. i request you to look into this matter at the earliest.

sincerely,
tarun singh","1. double charge
2. checked pg for duplicate txn
3. rfnd approved, rs 3149, 5-7 working days ~Sneha"
TK-248563,2025-12,A3037,Manish Iyer,Returns Desk,GW-OTHER,3149.0,,,policy S5: GW-OTHER refund above the Rs 500 goodwill cap,1,helpdesk,VR901048,VA-EB-PL2,really frustrating. this is regarding pulse2. u picked up the item 11 days ago and my money hasn't come back. i already emailed twice. escalate this to someone senior.,"refund approved, rs 3149, 5-7 working days. issue: refund delay. checked refund status on pg. ~Manish"
TK-248782,2026-01,A3018,Krishna Bhatt,Email Frontline,GW-OTHER,3149.0,,,policy S5: GW-OTHER refund above the Rs 500 goodwill cap,1,helpdesk,VR904651,VA-EB-PL2,"team,
watn to cancel my ordder
kuch kaor",Reported: cancel order. Checked shipment status. Refund of Rs 3149 initiated to source. ~Krishna
TK-248839,2026-01,A3018,Krishna Bhatt,Email Frontline,WTY-BUYBACK,3149.0,flag_only,,policy S5: refund and replacement both issued (replacement_issued=Y),1,helpdesk,VR904172,VA-EB-PL2,"hi vireo support, ordered the plse 2 earbuds in november. bluetooth pairing fails every time. please resolve asap.","re: pairing failure | checked phone os version -> re-pair successful, resolved on chat. | Amount returned to card; fresh unit shipped from BLR warehouse. ~Krishna"
TK-249427,2026-01,A3012,Lakshmi Srivastava,Chat Frontline,GW-OTHER,3149.0,,,policy S5: GW-OTHER refund above the Rs 500 goodwill cap,1,helpdesk,VR905641,VA-EB-PL2,honestly regretting this purchase. this is regarding pulse2. left side not charging in the case. i alreday tried a different cable. refund. now.,cx states l bud no charge in case. asked cx to clean charging pins. escalated to warranty for inspection. -- both refund & replacement given as cx threatened social media.
TK-249912,2026-02,A3037,Manish Iyer,Returns Desk,GW-OTHER,3149.0,,,policy S5: GW-OTHER refund above the Rs 500 goodwill cap,1,helpdesk,VR892788,VA-EB-PL2,pathetic experience honestly. this is regarding my pulse 2. refund not received yet. i already checked bank. fix this or i am posting on twitter.,refund of rs 3149 initiated to source. issue: refund not credited. checked refund status on pg. ~Manish
TK-250137,2026-02,A3034,Tanvi Rathore,Billing,GW-OTHER,3149.0,,,policy S5: GW-OTHER refund above the Rs 500 goodwill cap,1,helpdesk,,VA-EB-PL2,"Dear Sir/Madam,

I am writing with reference to my order of my Pulse 2 placed on November 25. Double payment deducted. I have checked with bank. I request you to kindly arrange a replacement.

Regards,
Lakshmi Menon",-
TK-251139,2026-03,A3009,Sukhwinder Singh,Chat Frontline,GW-OTHER,3149.0,,,policy S5: GW-OTHER refund above the Rs 500 goodwill cap,1,helpdesk,VR908550,VA-EB-PL2,"dear sir/madam,

i am writing with reference to my order of pule 2 buds placed on 04 mar. battery backup is terrible now. i have turned off always-on display. i request you to process a reund to my original payment method.

regards,
kunal kulkarni","Customer states poor battery backup. adv disabling ANC/AOD to test. Replacement approved, reverse pickup arranged. rfnd done & new unit sent as one-time gesture. //SUK"
TK-251463,2026-03,A3035,Dev Kulkarni,Billing,GW-OTHER,3149.0,,,policy S5: GW-OTHER refund above the Rs 500 goodwill cap,1,helpdesk,VR897193,VA-EB-PL2,"Product: teh Pulse 2 earbuds
Order: VR897193
Purchased: 14-03-2026
Issue: paid via UPI, amount deducted, no order confirmation
Tried: chhecked bank statement
Expected: callback",Customer states amount deducted without ord. Asked for UTR. Refunded Rs 3149. Cx satisfied on chat.
TK-251537,2026-03,A3003,Komal Singh,Chat Frontline,WTY-BUYBACK,3149.0,flag_only,,policy S5: refund and replacement both issued (replacement_issued=Y),1,helpdesk,VR898989,VA-EB-PL2,"Hello Vireo, Order VR898989 (my Pulse 2). Microphone is v low on the my Pulse 2. Waiting for ur reply. Regards, Tanvi Trivedi","1. Mic not working on calls
2. chk mic permissions on phone
3. FW update adv (SOP 3.1) -- Money back to source and a fresh pair shipped. -KS"
TK-252212,2026-04,A3007,Abhishek Gupta,Chat Frontline,GW-OTHER,3149.0,,,policy S5: GW-OTHER refund above the Rs 500 goodwill cap,1,helpdesk,VR902423,VA-EB-PL2,"hey, my pulse 2 purchased in january, order vr902423. one of them (left) never gets the green light in the case. i cleaned the contacts with a cloth. nothing changed. not what i expected from vireo. can someone fix this? please revert",see prev
TK-252280,2026-04,A3025,Komal Malhotra,Voice Frontline,GW-OTHER,3149.0,,,policy S5: GW-OTHER refund above the Rs 500 goodwill cap,1,helpdesk,VR890213,VA-EB-PL2,"please cancel, ordered by mitake - VR890213 - please resolev asap",refunded rs 3149. issue: cancel ord. chk shipment status. //KOM
TK-252291,2026-04,A3008,Meera Malhotra,Chat Frontline,GW-OTHER,3149.0,,,policy S5: GW-OTHER refund above the Rs 500 goodwill cap,1,helpdesk,VR888684,VA-EB-PL2,"Hi team, I bought Pulse 2 on April 12. Want to cancel my order. I tried cancel button, greyed out. Please resolve asap. Regards,","Already shipped, adv RTO/return. Issue: ord cancellation. Cancelled before dispatch. //MEE"
TK-252514,2026-04,A3003,Komal Singh,Chat Frontline,GW-OTHER,3149.0,,,policy S5: GW-OTHER refund above the Rs 500 goodwill cap,1,helpdesk,VR889909,VA-EB-PL2,"Hi there,
Got pulse 2 buds from vireo.in last week. THE PAIRING LIGHT BLINKS BUT NOTHING EVER SHOWS UP ON MY PIXEL.
I FORGOT THE DVICE AND TRIED AGAIN. Nothing changed.
Please advise.
Awaiting response Swati","1. Pairing failure
2. Asked cx to reset the device
3. Re-pair successful, rslvd on chat.
rfnd processed to source; rplc unit also shipped. -KS"
TK-252532,2026-04,A3037,Manish Iyer,Returns Desk,GW-OTHER,3149.0,,,policy S5: GW-OTHER refund above the Rs 500 goodwill cap,1,helpdesk,VR894672,VA-EB-PL2,"Dear Sir/Madam,

I am writing with reference to my order of Pulse2 placed on 30 Mar.  Refund was promised 12 days ago and nothing. I have emailed twice. I request you to provide a resolution within 3 working days.

Sincerely,
Aishwarya Pandey",refunded rs 3149. issue: refund pending. checked reverse pickup qc status. ~Manish
TK-252978,2026-05,A3032,Sneha Bansal,Billing,GW-OTHER,3149.0,,,policy S5: GW-OTHER refund above the Rs 500 goodwill cap,1,helpdesk,VR888096,VA-EB-PL2,"hello vireo, this is regarding my pulse 2. nobody came for the pickup. need this sorted this week. please revert,","1. pkp missed
2. checked pkp awb
3. transferred to billing
4. refunded rs 3149 ~Sneha"
TK-253197,2026-05,A3036,Ritika D'Souza,Returns Desk,GW-OTHER,3149.0,,,policy S5: GW-OTHER refund above the Rs 500 goodwill cap,1,helpdesk,,VA-EB-PL2,"Hi, Bought the Pulse 2 earbuds aroudn 09/05 from vireo.in.  The return was accepted but the amount is nowhere in my account. I checked bank. Can someone fix this? Thanks & rgeards","Contact re rfnd not credited. Checked rfnd status on PG. rfdn approved, Rs 3149, 5-7 working days. Follow-up not required. -- Full rfnd issued and replacement dispatched as goodwill."
TK-253342,2026-05,A3036,Ritika D'Souza,Returns Desk,GW-OTHER,3149.0,,,policy S5: GW-OTHER refund above the Rs 500 goodwill cap,1,helpdesk,VR899504,VA-EB-PL2,"hello
return pickup has not happened
the pulse 2 earbuds
anyone there",Cx says pickup not done. Checked pickup AWB. Full rfnd processed (3149). Cx satisfied on chat.
TK-253890,2026-06,A3027,Priya Agarwal,Logistics,GW-OTHER,3149.0,,,policy S5: GW-OTHER refund above the Rs 500 goodwill cap,1,helpdesk,VR901668,VA-EB-PL2,"the parcel looked like it was kicked here from the warehouse, and the unit has a crack. CAN SOMEONE FIX THIS?","1. Unit received damaged
2. Checked with crr for damage claim
3. Reverse pkp arranged"
TK-244840,2025-09,A3014,Anjali D'Souza,Chat Frontline,GW-OTHER,2974.0,,,policy S5: GW-OTHER refund above the Rs 500 goodwill cap,1,helpdesk,VR883717,VA-EB-PL2,"dear sir/madam,

i am writing with reference to my order of the pulse 2 earbuds placed on 05-09-2025. please cancel, ordered by mistake. i have tried cancel button, greyed out. i request you to provide a resolution within 3 working days.

sincerely,
swati rathore
mumbai","Refund approved, Rs 2974, 5-7 wroking days. Issue: cancellation request. Cancelled before dispatch. -AD"
TK-245880,2025-10,A3036,Ritika D'Souza,Returns Desk,GW-OTHER,2974.0,,,policy S5: GW-OTHER refund above the Rs 500 goodwill cap,1,helpdesk,VR908895,VA-EB-PL2,"Product: Pulse2
Order: VR908895
Purchased: 20 Sep
Issue: refund not received yet
Tried: emailed twice
Expected: callback","1. Refund peding
2. Checked reverse pickup QC status
3. Refund of Rs 2974 initiated to source (SOP 3.1)"
TK-247297,2025-11,A3030,Aishwarya Trivedi,Logistics,WTY-BUYBACK,2974.0,flag_only,,policy S5: refund and replacement both issued (replacement_issued=Y),1,helpdesk,VR905861,VA-EB-PL2,"Product: Pulse2
Order: VR905861
Purchased: 22/10
Issue: order not delivered, tracking not updating
Tried: checked with neighbours
Expected: replacement","cx reached out - shipment not received. Confirmed address with cx. RTO confirmed, reshipped.
Both refund and rplc given as cx threatened social media. //AIS"
TK-247610,2025-11,A3036,Ritika D'Souza,Returns Desk,GW-OTHER,2974.0,,,policy S5: GW-OTHER refund above the Rs 500 goodwill cap,1,helpdesk,VR891560,VA-EB-PL2,"where is the money for the return
VR891560
please resolve asap",Refund confirmed credited. Issue: refund delay. Checked reverse pickup QC status. (SOP 3.1)
TK-248327,2025-12,A3027,Priya Agarwal,Logistics,GW-OTHER,2974.0,,,policy S5: GW-OTHER refund above the Rs 500 goodwill cap,1,helpdesk,VR881307,VA-EB-PL2,package not delivered even atfer 7 days - VR881307 - pleease call me on my registered number,"1. ord not delivered
2. conf address with cx
3. Refund initiated as lost in transit"
TK-249490,2026-01,A3037,Manish Iyer,Returns Desk,GW-OTHER,2974.0,,,policy S5: GW-OTHER refund above the Rs 500 goodwill cap,1,helpdesk,VR897172,VA-EB-PL2,"To the Vireo Customer Care Team,

I am writing w/ reference to my order of Pulse 2 (VR897172) placed on January 19.  Received the wrong item. I have checked the invoice. I request you to kindly arrange a replacement.

Yours faithfully,
Priya Deshpande",reverse pkp + correct item shipped ~Manish
TK-249952,2026-02,A3038,Ankit Dhillon,Returns Desk,GW-OTHER,2974.0,,,policy S5: GW-OTHER refund above the Rs 500 goodwill cap,1,helpdesk,VR906928,VA-EB-PL2,"hi vireo support, i bought pulse 2 buds on 17-01-2026.  reffund was promised 19 days ago and nothing. i emailed twice. can someone fix this? rgds pooja",Cx says rfnd delay. Checked reverse pickup QC status. rfnd of Rs 2974 initiated to source.
TK-250087,2026-02,A3007,Abhishek Gupta,Chat Frontline,GW-OTHER,2974.0,,,policy S5: GW-OTHER refund above the Rs 500 goodwill cap,1,helpdesk,VR907982,VA-EB-PL2,"hey
it connects for a second and then vanishes from the device list
pulse 2
anyone there","reset done, paired ok. -- amount returned to card; fresh unit shipped from blr warehouse."
TK-251274,2026-03,A3037,Manish Iyer,Returns Desk,GW-OTHER,2974.0,,,policy S5: GW-OTHER refund above the Rs 500 goodwill cap,1,helpdesk,VR888735,VA-EB-PL2,"Hi, Bought my Pulse 2 around 10 Mar from vireo.in.  Nobody came for the pickup. I rescheduled pickup twice. What do I do now? Rgds Suresh Naidu","rfnd approved, rs 2974, 5-7 working days. issue: pickup not done. re-raised pickup w/ courier. ~Manish"
TK-251708,2026-03,A3030,Aishwarya Trivedi,Logistics,GW-OTHER,2974.0,,,policy S5: GW-OTHER refund above the Rs 500 goodwill cap,1,helpdesk,VR906055,VA-EB-PL2,"To the Vireo Customer Care Team,

I am writing with reference to my order of Pulse 2 placed on 18 Mar. Paid on 18 Mar, still waiting for somethinng to sohw up. I have called the courier. I request you to process a refund to my original payment method.

Sincerely,
Sneha Menon
Bohpal","1. ord not delivered
2. Checked AWB w/ courier
3. Refund initiated as lost in transit. | Refund processed to source; replacement unit also shipped. //AIS"
TK-251857,2026-04,A3037,Manish Iyer,Returns Desk,GW-OTHER,2974.0,,,policy S5: GW-OTHER refund above the Rs 500 goodwill cap,1,helpdesk,VR887836,VA-EB-PL2,"hi vireo support, i bought pulse 2 on march 22. received the wrong item. i rechecked my order. what do i do now? thanks & regards nikhil",full rfnd processed (2974). issue: wrong variant received. verified ord vs delivered item photos. ~Manish
TK-252125,2026-04,A3033,Vikram Banerjee,Billing,GW-OTHER,2974.0,,,policy S5: GW-OTHER refund above the Rs 500 goodwill cap,1,helpdesk,VR899909,VA-EB-PL2,"Ordered my Pulse 2 10 days ago. Paid once, statement disagrees. How do I get this fixed? Thanks, Gurpreet Sheikh","1. double charge
2. chk pg for duplicate txn
3. refund approved, rs 2974, 5-7 working days"
TK-253129,2026-05,A3035,Dev Kulkarni,Billing,GW-OTHER,2974.0,,,policy S5: GW-OTHER refund above the Rs 500 goodwill cap,1,helpdesk,VR898656,VA-EB-PL2,"Hi, Bought pulse 2 busd around May 05 form vireo.in. Payment was deducted but no order was created. How do I get thsi fixed?","Contact re amount deducted without ord. chk PG dashboard for txn. rfnd approved, Rs 2974, 5-7 working days. Follow-up not required."
TK-253349,2026-05,A3016,Thomas Kumar,Email Frontline,DOA-REPL,2974.0,flag_only,,policy S5: refund and replacement both issued (replacement_issued=Y),1,helpdesk,VR881919,VA-EB-PL2,IT GOES SILENT FOR A SCEOND EVERY FEW MINUTES AND COMES BACK - PLEASE HELP,"Cx says connection dropping. Checked interference sources. Transferred to Email Frontline. rplc approved, reverse pkp arranged. Refunded Rs 2974 and also raised replacement, cx was very upset. -TK"
TK-253597,2026-05,A3005,Payal Bhatia,Chat Frontline,GW-OTHER,2974.0,,,policy S5: GW-OTHER refund above the Rs 500 goodwill cap,1,helpdesk,,VA-EB-PL2,"Hi Vireo support, Bought Pulse 2 around May 30 from vireo.in. Paid via UPI, amount deducted, no order confirmation. PLEASE HELP. Rgds, Sneha","Cx reported payment debited, no order. Asked for UTR. Rfeund processed to source."
TK-253668,2026-06,A3034,Tanvi Rathore,Billing,GW-OTHER,2974.0,,,policy S5: GW-OTHER refund above the Rs 500 goodwill cap,1,helpdesk,VR892166,VA-EB-PL2,"hi
payment was deducted but no order was created
anyone there",refund processed to source (sop 4.2)
TK-253747,2026-06,A3036,Ritika D'Souza,Returns Desk,GW-OTHER,2974.0,,,policy S5: GW-OTHER refund above the Rs 500 goodwill cap,1,helpdesk,VR902472,VA-EB-PL2,This is very disappointing. Order VR902472 (Pulse 2). the return was accepted but the amount is nowhere in my account. I already checked bank. Escalate this to someone senior.,Cx reported refund delay. Checked reverse pkp QC status. Refund of Rs 2974 initiated to source. Follow-up not required.
TK-253814,2026-06,A3009,Sukhwinder Singh,Chat Frontline,GW-OTHER,2974.0,,,policy S5: GW-OTHER refund above the Rs 500 goodwill cap,1,helpdesk,VR905923,VA-EB-PL2,"Hi team,
Got pulse 2 buds from vireo.in last week. My son odrered this wtihout asking, please reverse.
I tried cancel button, greyed out.
I am losing patience.
Please resolve asap.",Reported: order cancellation. Cancelled before dispatch. Refunded Rs 2974. (SOP 4.2)
TK-252230,2026-04,A3035,Dev Kulkarni,Billing,GW-OTHER,2878.0,,,policy S5: GW-OTHER refund above the Rs 500 goodwill cap,1,helpdesk,VR897109,VA-EB-AIR,"Namaste, Ordered AirLite 2 weeks ago.  Cancel order. I tried cancel button, greyed out. Nothing changed. I want my mnoey back. Awaiting response,","1. Cancellation request
2. chk shipment status
3. Refunded Rs 2878"
TK-245163,2025-09,A3030,Aishwarya Trivedi,Logistics,GW-OTHER,2799.0,,,policy S5: GW-OTHER refund above the Rs 500 goodwill cap,1,helpdesk,,VA-EB-PL2,"Dear Sir/Madam,

I am writing w/ reference to my order of Pulse2 placed on 23-09-2025. Paid on 23-09-2025, still waiting for something to show up. I have checked the tracking page daily. I request you to process a refund to my original payment method.

Sincerely,
Sunita Patel",Cx reported order not delivered. Raised ticket w/ crr partner. Refund of Rs 2799 initiated to source. //AIS
TK-246262,2025-10,A3029,Rajat Mukherjee,Logistics,GW-OTHER,2799.0,,,policy S5: GW-OTHER refund above the Rs 500 goodwill cap,1,helpdesk,VR899396,VA-EB-PL2,"Dear Sir/Madam,

I am wriiting with reference to my oder of the Pulse 2 earbuds (VR899396) placed on October 13.  Change of mind, please stop the shipment. I have tried cancel button, greyed out. I requeest you to process a refund to my original paymnet method.

Regards,
Ramesh Bose",refund of rs 2799 initiated to source. issue: cancellation request. checked shipment status. -RM
TK-246354,2025-10,A3036,Ritika D'Souza,Returns Desk,GW-OTHER,2799.0,,,policy S5: GW-OTHER refund above the Rs 500 goodwill cap,1,helpdesk,VR905550,VA-EB-PL2,refund not received yet,"Customer reached out - refund delay. chk reverse pickup QC status. Refund approved, Rs 2799, 5-7 working days. Closing."
TK-246462,2025-10,A3035,Dev Kulkarni,Billing,GW-OTHER,2799.0,,,policy S5: GW-OTHER refund above the Rs 500 goodwill cap,1,helpdesk,VR887348,VA-EB-PL2,"Hi team, This is regarding the Pulse 2 earbuds. UPI shows success, your app shows nothing. Need this sorted this week. Please revert Sameer","Csut contacted re payment debited, no ord. conf w/ payment gateway. Auto-rfnd conf within 5-7 days. Cx satisfied on chat."
TK-246788,2025-11,A3036,Ritika D'Souza,Returns Desk,GW-OTHER,2799.0,,,policy S5: GW-OTHER refund above the Rs 500 goodwill cap,1,helpdesk,VR892895,VA-EB-PL2,"dear sir/madam,

i am writing with reference to my order of the pulse 2 earbuds (vr892895) placed on 03-11-2025. still waiting for my refund. i have emailed twice. i request you to kindly arrange a replacement.

regards,
pranav chauhan",Cx repotred rfnd pending. Checked reverse pickup QC status. rfnd reprocessed. Cx satisfied on chat. (SOP 3.1)
TK-246980,2025-11,A3031,Zaid Desai,Logistics,GW-OTHER,2799.0,,,policy S5: GW-OTHER refund above the Rs 500 goodwill cap,1,helpdesk,VR890982,VA-EB-PL2,"teh app said pickup today, that was on 03-11-2025",Refunded Rs 2799. Issue: pickup not done. Checked pickup AWB. Refund issued; replacement not applicable (out of stock).
TK-247844,2025-12,A3021,Meera Mathew,Email Frontline,GW-OTHER,2799.0,,,policy S5: GW-OTHER refund above the Rs 500 goodwill cap,1,helpdesk,,VA-EB-PL2,"hii
it connects for a second and then vanishes from the device list
the pulse 2 earbuds
help","cx: pairing failure | chk phone os version -> refund approved, rs 2799, 5-7 working days ~Meera"
TK-247882,2025-12,A3010,Tenzin Mathew,Chat Frontline,GW-OTHER,2799.0,,,policy S5: GW-OTHER refund above the Rs 500 goodwill cap,1,helpdesk,,VA-EB-PL2,"Bought Pulse2 around 23/11 from vireo.in.  Canecl order. I tried cancel button, greyed out. Nothing changed. Please help. Regads Sunita Kapoor","cancel ord | chk shipment status -> cancelled, rfnd initiated ~Tenzin"
TK-248138,2025-12,A3014,Anjali D'Souza,Chat Frontline,GW-OTHER,2799.0,,,policy S5: GW-OTHER refund above the Rs 500 goodwill cap,1,helpdesk,VR881337,VA-EB-PL2,"Product: my Pulse 2
Order: VR881337
Purchased: 29 Nov
Issue: cancel order VR881337
Tried: tried cancel button, greyed out
Expected: callback",rfnd of Rs 2799 initiated to source. Issue: order cancellation. Cancelled before dispatch. -AD
TK-248701,2025-12,A3036,Ritika D'Souza,Returns Desk,GW-OTHER,2799.0,,,policy S5: GW-OTHER refund above the Rs 500 goodwill cap,1,helpdesk,VR893246,VA-EB-PL2,"Product: my Pulse 2
Order: VR893246
Purchased: December 26
Issue: refund was promised 15 days ago and nothing
Tried: emailed twiec
Expected: refund",cx reached out - rfnd pending. Checked rfnd status on PG. rfnd confirmed credited. Csae closed with cx consent. (SOP 5.4)
TK-249134,2026-01,A3027,Priya Agarwal,Logistics,GW-OTHER,2799.0,,,policy S5: GW-OTHER refund above the Rs 500 goodwill cap,1,helpdesk,VR882000,VA-EB-PL2,"product: my pulse 2
purchased: 08 nov
issue: the parcel looked like it was kicked here from the warehouse, and the unit has a crack
tried: took photos
expected: replacement","Refunded Rs 2799. Issue: transit damage. Checked w/ crr for damage claim. -- Cx asked for rplc + refund, explained policy, refund only."
TK-249228,2026-01,A3038,Ankit Dhillon,Returns Desk,GW-OTHER,2799.0,,,policy S5: GW-OTHER refund above the Rs 500 goodwill cap,1,helpdesk,VR883801,VA-EB-PL2,"[IVR transcript] pickup scheduled but no one showed up, VR883801, i want a replacement","Contact re reverse pkp pending. Re-raised pkp with crr. pkp done, rfnd initiated."
TK-249527,2026-01,A3038,Ankit Dhillon,Returns Desk,GW-OTHER,2799.0,,,policy S5: GW-OTHER refund above the Rs 500 goodwill cap,1,helpdesk,VR891339,VA-EB-PL2,[IVR transcript] refund not received yet. please advise,"1. rfnd pending
2. chk reverse pkp QC status
3. Refunded Rs 2799. | Refunded. Replacement request rejected as per policy."
TK-249530,2026-01,A3034,Tanvi Rathore,Billing,GW-OTHER,2799.0,,,policy S5: GW-OTHER refund above the Rs 500 goodwill cap,1,helpdesk,VR883614,VA-EB-PL2,"pulse 2 purchased around diwali, order vr883614. my bank says rs 3499 went to you but your site says i have no orders. i checked bank statement. nothing changed. how do i get this fixed? thanks, rohan",see prev
TK-250155,2026-02,A3036,Ritika D'Souza,Returns Desk,GW-OTHER,2799.0,,,policy S5: GW-OTHER refund above the Rs 500 goodwill cap,1,helpdesk,VR885047,VA-EB-PL2,"Daer Sir/Madam,
This is regarding my Pulse 2. Still waiting for my refund.
Please help.
Regards, Saanvi Goyal",issue: refund pending | chk reverse pickup qc status -> full refund processed (2799)
TK-250251,2026-02,A3020,Aadhya Singh,Email Frontline,GW-OTHER,2799.0,,,policy S5: GW-OTHER refund above the Rs 500 goodwill cap,1,helpdesk,VR908114,VA-EB-PL2,"Hello Vireo, Got the Pulse 2 earbuds from Flipkart last month.  Your ad said 20% off and the cart says full price. I tried in caps. I want a replacement. Rgds Sai Banerjee",ticket raised for promo code invalid. chk cart eligibility. refund of rs 2799 initiated to source.
TK-251638,2026-03,A3034,Tanvi Rathore,Billing,GW-OTHER,2799.0,,,policy S5: GW-OTHER refund above the Rs 500 goodwill cap,1,helpdesk,VR900955,VA-EB-PL2,double payment deducted. how do i get this fixed?,sorted
TK-252082,2026-04,A3021,Meera Mathew,Email Frontline,GW-OTHER,2799.0,,,policy S5: GW-OTHER refund above the Rs 500 goodwill cap,1,helpdesk,,VA-EB-PL2,"Product: the Pulse 2 earbuds
Purchased: January 05
Issue: I hear music in one ear only, other is mute
Tried: reset the buds
Expected: fix","1. Single side audio only
2. Asked cx to check bud in case
3. rfnd approved, Rs 2799, 5-7 working days ~Meera"
TK-252185,2026-04,A3011,Rohit Gill,Chat Frontline,GW-OTHER,2799.0,,,policy S5: GW-OTHER refund above the Rs 500 goodwill cap,1,helpdesk,VR884926,VA-EB-PL2,Pathetic experience honestly. Bought Pulse2 around 19/03 from vireo.in. no sound from the right earbud. I already checked balance settings. Escalate this to someone senior.,"New unit shpped under DOA. Issue: no audio one side. Asked cx to chheck bud in case.
Credited full amount, new unit also going out tomorrow."
TK-252370,2026-04,A3034,Tanvi Rathore,Billing,GW-OTHER,2799.0,,,policy S5: GW-OTHER refund above the Rs 500 goodwill cap,1,helpdesk,,VA-EB-PL2,"Product: the Pulse 2 earbuds
Purchased: 18/04
Issue: my bank says Rs 4999 went to you but your site says I have no orders
Tried: tried logging out and in
Expected: refund",as discussed (sop 2.7)
TK-252384,2026-04,A3015,Sameer Jadhav,Chat Frontline,GW-OTHER,2799.0,,,policy S5: GW-OTHER refund above the Rs 500 goodwill cap,1,helpdesk,VR883502,VA-EB-PL2,I was charged twice for one order.  VR883502. please call me on my registered number,"rfnd approved, Rs 2799, 5-7 working days. Issue: duplicate payment. Confirmed UTRs. [closed]"
TK-252460,2026-04,A3002,Steven Ansari,Chat Frontline,GW-OTHER,2799.0,,,policy S5: GW-OTHER refund above the Rs 500 goodwill cap,1,helpdesk,,VA-EB-PL2,"product: pulse 2
order: vr893228
purchased: november 26
issue: case does not charge, no light at all
tried: tried 3 different cabes
expected: callback",issue: charging case dead | confirmed case led dead -> replacement case raised (sop 5.4) -- full refund issued and replacement dispatched as goodwill. [closed]
TK-253307,2026-05,A3039,Reyansh Mishra,Escalations & Warranty,GW-OTHER,2799.0,,,policy S5: GW-OTHER refund above the Rs 500 goodwill cap,1,helpdesk,VR880493,VA-EB-PL2,Not accpetable at this price. Ordered Pulse 2 recently. random disconnects during calls. I already turned off wifi. Fix this or I am posting on twitter.,"connection dropping | checked interference sources -> refund approved, rs 2799, 5-7 working days | xfer escalations & warranty (sop 5.4)"
TK-253339,2026-05,A3035,Dev Kulkarni,Billing,GW-OTHER,2799.0,,,policy S5: GW-OTHER refund above the Rs 500 goodwill cap,1,helpdesk,VR897804,VA-EB-PL2,"Hi Vireo support, Pulse 2 purchased last week, order VR897804. Two entries of Rs 3499 on my statement for one pair of earbuds. Please help. Rgds",cx states chargged twice. conf UTRs. Refund processed. Cx satisfied on chat.
TK-253378,2026-05,A3002,Steven Ansari,Chat Frontline,GW-OTHER,2799.0,,,policy S5: GW-OTHER refund above the Rs 500 goodwill cap,1,helpdesk,VR886174,VA-EB-PL2,"to the vireo customer care team,

i am writing with reference to my order of the pulse 2 earbuds (vr886174) placed on 17/05. i haven't received my order. i have checked the tracking page daily. i request you to kindly arrange a replacement.

regards,
lobsang bose",issue: order not delivered | confirmed address with cx -> refund initiated as lost in transit. reversed the payment and dispatched a new one under rma. [closed]
TK-253663,2026-06,A3005,Payal Bhatia,Chat Frontline,DOA-REPL,2799.0,note_only,"...placement unit dispatched. -- refund + rplc, cx escalation avoided.",policy S5: agent note states both a refund and a replacement were given,1,helpdesk,VR887152,VA-EB-PL2,"got pulse 2 from vireo.in 3 weeks back.  no sound from the right earbud. i reset the buds. waiting for your reply. rgds, siddharth","replacement unit dispatched. -- refund + rplc, cx escalation avoided."
TK-253679,2026-06,A3038,Ankit Dhillon,Returns Desk,GW-OTHER,2799.0,,,policy S5: GW-OTHER refund above the Rs 500 goodwill cap,1,helpdesk,,VA-EB-PL2,"Hi there, This is regarding pulse 2 buds. Refund was promised 10 days ago and nothing. I emailed twice. Please help. Awaiting response","1. Refund pending
2. chk reverse pkp QC status
3. ARN shared with cx. Processed FR and raised RMA for new set."
TK-253860,2026-06,A3024,Amit Deshpande,Voice Frontline,GW-OTHER,2799.0,,,policy S5: GW-OTHER refund above the Rs 500 goodwill cap,1,helpdesk,VR885645,VA-EB-PL2,[IVR transcript] i have been a loyal customer and this is how you treat me.  this is regarding pulse 2 buds. firmware update stuck for 2 hours. i already kept phone nearby. fix this or i am posting on twitter.,Cust contacted re firmware update failed. Walked through recovery mode. Full refund processed (2799). Follow-up not required. ~Amit
TK-254135,2026-06,A3041,Mohammed Mehta,Escalations & Warranty,WTY-BUYBACK,2799.0,flag_only,,policy S5: refund and replacement both issued (replacement_issued=Y),1,helpdesk,VR885619,VA-EB-PL2,"hello
i sent the unit in 9 days ago and have heard nothing
??","1. Warranty claim status
2. Checked QC report
3. Cx updated, ETA shared. Sent a new unit and released the money as well, cx was in tears on call."
TK-254155,2026-06,A3024,Amit Deshpande,Voice Frontline,GW-OTHER,2799.0,,,policy S5: GW-OTHER refund above the Rs 500 goodwill cap,1,helpdesk,,VA-EB-PL2,[IVR transcript] this is regarding pulse 2. cancel order. i wannt a replacement.,as discussed ~Amit
TK-254401,2026-06,A3030,Aishwarya Trivedi,Logistics,GW-OTHER,2799.0,,,policy S5: GW-OTHER refund above the Rs 500 goodwill cap,1,helpdesk,,VA-EB-PL2,this is very disappointing.  i bought pulse2 on june 26. package not delivered even after 19 days. i already checked with neighbours. refund. now.,"Contact re dlvry delayed. Raised ticket with courier partner. Courier confirmed dlvry for 29 Jun, cx informed. //AIS"
TK-245577,2025-10,A3011,Rohit Gill,Chat Frontline,GW-OTHER,2600.0,,,policy S5: GW-OTHER refund above the Rs 500 goodwill cap,1,helpdesk,VR896055,VA-SW-NX2,"To the Vireo Customer Care Team,

I am writing with reference to my order of my Nexa 2 watch (VR896055) placed on 30/09. Ordered the wrong colour, don't ship it. I have tried cancel button, greyed out. I request you to provide a resolution within 3 working days.

Regards,
Deepak Banerjee
Kochi",rfnd of Rs 2600 initiated to source. Issue: ord cancellation. Cancelled before dispatch.
TK-251500,2026-03,A3036,Ritika D'Souza,Returns Desk,GW-OTHER,2500.0,,,policy S5: GW-OTHER refund above the Rs 500 goodwill cap,1,helpdesk,VR884481,VA-HP-ST2,"[IVR transcript] dear sir/madam, this is regarding my strata 2 headphones. still waiting for my refund. i checked bank. nothing changed. please help. thanks & regards,",done (SOP 3.1)
TK-240148,2025-01,A3039,Reyansh Mishra,Escalations & Warranty,GW-OTHER,2499.0,,,policy S5: GW-OTHER refund above the Rs 500 goodwill cap,1,helpdesk,VR885255,VA-EB-PL1,"case does not charge, no light at all",issue: case no led / no charge | asked cx to try different cable + adaptor -> full refund processed (2499) (sop 5.4) refund issued; replacement not applicable (out of stock). ~Reyansh
TK-242906,2025-06,A3018,Krishna Bhatt,Email Frontline,GW-OTHER,2499.0,,,policy S5: GW-OTHER refund above the Rs 500 goodwill cap,1,helpdesk,VR891142,VA-SP-MINI,Not what I expected from Vireo. This is regarding Orbit Mini. the suond stutters whenever my phone is in my pocket. I already kept phone in hand. This is the last time I buy form you.,issue: connection dropping | advised to test in different location -> refund of rs 2499 initiated to source ~Krishna
TK-243965,2025-08,A3038,Ankit Dhillon,Returns Desk,GW-OTHER,2499.0,,,policy S5: GW-OTHER refund above the Rs 500 goodwill cap,1,helpdesk,VR880697,VA-SP-MINI,"you picked up the item 14 days ago & my money hasn't come back, vr880697","1. rfnd delay
2. Checked reverse pickup QC status
3. ARN shared with cx"
TK-244969,2025-09,A3031,Zaid Desai,Logistics,GW-OTHER,2499.0,,,policy S5: GW-OTHER refund above the Rs 500 goodwill cap,1,helpdesk,VR888885,VA-EB-PL1,"I have been a loyal customer and this is how you treat me.  This is regarding the Pulse buds. change of mind, please stop the shipment. I already tried cancel button, greyed out. I want a replacement or refund, nothing else.",order cancellation | checked shipment status -> full refund processed (2499)
TK-245083,2025-09,A3035,Dev Kulkarni,Billing,GW-OTHER,2499.0,,,policy S5: GW-OTHER refund above the Rs 500 goodwill cap,1,helpdesk,VR897819,VA-SP-MINI,Order VR897819 (Orbit Mini). Refund was promised 9 days ago and nothing. I emailed twice. Nothing changed. I want my money back. Thanks in advance,"Ticket raised for rfnd pending. chk rfnd status on PG. Full rfnd processed (2499). Cx informed. -- rplc was offered earlier by chat team, cx opted for rfnd."
TK-245306,2025-09,A3032,Sneha Bansal,Billing,GW-OTHER,2499.0,,,policy S5: GW-OTHER refund above the Rs 500 goodwill cap,1,helpdesk,VR904043,VA-EB-PL1,"hey
cupon code not working
pls reply","1. promo code invalid
2. checked cart eligibility
3. refund of rs 2499 initiated to source ~Sneha"
TK-245361,2025-09,A3026,Aadhya Deshpande,Voice Frontline,WTY-BUYBACK,2499.0,flag_only,,policy S5: refund and replacement both issued (replacement_issued=Y),1,helpdesk,VR882186,VA-EB-PL1,"Hi there,
I bought the Pulse buds on 05/08.  Audio keeps disconnecting every few minutes.
Can someone fix this?
Thanks in advance Rohit Bhatt","bt dropouts | checked interference sources -> rplc approved, reverse pkp arranegd.
Refund done & new unit sent as one-time gesture. //AAD"
TK-245388,2025-10,A3005,Payal Bhatia,Chat Frontline,GW-OTHER,2499.0,,,policy S5: GW-OTHER refund above the Rs 500 goodwill cap,1,helpdesk,VR908050,VA-EB-PL1,"my son ordered this without asking, please reverse",Contact re cancellation request. Cancelled beofre dispatch. Refunded Rs 2499.
TK-245499,2025-10,A3035,Dev Kulkarni,Billing,GW-OTHER,2499.0,,,policy S5: GW-OTHER refund above the Rs 500 goodwill cap,1,helpdesk,VR880924,VA-SP-MINI,"Not acceeptable at this price.  Ordered Obit Mini 2 weeks ago. paid via UPI, amount deducted, no orrder confirmation. I already waited 24 hours. Fix thsi or I am posting on twitter.","Customer reached out - payment debited, no ord. conf w/ payment gateway. rfnd approved, Rs 2499, 5-7 working days. Case closed w/ cx consent."
TK-245743,2025-10,A3034,Tanvi Rathore,Billing,GW-OTHER,2499.0,,,policy S5: GW-OTHER refund above the Rs 500 goodwill cap,1,helpdesk,VR885673,VA-EB-PL1,"product: pulse 1
order: vr885673
purchased: september 30
issue: the paage failed after i paid & now nothing shows in my account
tried: tried logging out & in
expected: fix",issue: failed order after payment | checked pg dashboard for txn -> refunded rs 2499
TK-246001,2025-10,A3038,Ankit Dhillon,Returns Desk,GW-OTHER,2499.0,,,policy S5: GW-OTHER refund above the Rs 500 goodwill cap,1,helpdesk,VR884847,VA-EB-PL1,"hi, i bought pulse earbuds on 01/10.  the return was accepted but the amount is nowhere in my account. how do i get this fixed? thanks imran pandey","1. Refund delay
2. chk refund status on PG
3. ARN shared w/ cx. Payment reversed Rs 2499. New piece dispatched same day."
TK-246145,2025-10,A3033,Vikram Banerjee,Billing,GW-OTHER,2499.0,,,policy S5: GW-OTHER refund above the Rs 500 goodwill cap,1,helpdesk,VR903341,VA-EB-PL1,"Namaste, Ordered pulse 1 last month. Card charged two times. Please help. Thank you","1. duplicate payment
2. checked pg for duplicate txn
3. full refund processed (2499)"
TK-246943,2025-11,A3035,Dev Kulkarni,Billing,GW-OTHER,2499.0,,,policy S5: GW-OTHER refund above the Rs 500 goodwill cap,1,helpdesk,VR887000,VA-SP-MINI,"Hi team,
This is regarding the mini speaker. ORDERED THE WRONG COLOUR, DON'T SHIP IT.
PLEASE RESOLVE ASAP.
THANKS IN ADVANCE",cx reached out - ord cancellation. chk shipment status. Refunded Rs 2499. Cx informed.
TK-246948,2025-11,A3035,Dev Kulkarni,Billing,GW-OTHER,2499.0,,,policy S5: GW-OTHER refund above the Rs 500 goodwill cap,1,helpdesk,VR883582,VA-EB-PL1,[IVR transcript] I was charged twice for one order,Customer states doulbe charge. chk PG for duplicate txn. rfnd of Rs 2499 initiated to source. Cx satisfied on chat.
TK-247685,2025-12,A3030,Aishwarya Trivedi,Logistics,GW-OTHER,2499.0,,,policy S5: GW-OTHER refund above the Rs 500 goodwill cap,1,helpdesk,VR894185,VA-EB-PL1,"Hello Vireo,
Bought pulse 1 around 12-10-2025 from vireo.in. RECEIVED THE WRONG ITEM.
I CHECKED THE INVOICE.
HOW DO I GET THIS FIXED?
THANKS & REGARDS ARJUN",Contact re wrong item delivered. Verified order vs delivered item photos. Refunded Rs 2499. //AIS
TK-247764,2025-12,A3035,Dev Kulkarni,Billing,GW-OTHER,2499.0,,,policy S5: GW-OTHER refund above the Rs 500 goodwill cap,1,helpdesk,VR888702,VA-SP-MINI,not acceptable at this price. i bought the mini speaker on 07/11. refund was promised 16 days ago and nothing. i already emailed twice. refund. now.,"Reported: rfnd not credited. Checked reverse pkp QC status. Refunded Rs 2499. Follow-up not required.
rplc declined by cx, rfnd issued instead."
TK-248705,2025-12,A3030,Aishwarya Trivedi,Logistics,GW-OTHER,2499.0,,,policy S5: GW-OTHER refund above the Rs 500 goodwill cap,1,helpdesk,VR893763,VA-EB-PL1,"hi
the box says my pulse but what's inside is not what i paid for
my pulse","Contact re incorrect product shipped. Raised w/ warehouse. Replacement raised, RMA shared w/ cx. | Money back to source & a fresh pair shipped. //AIS"
TK-248821,2026-01,A3033,Vikram Banerjee,Billing,GW-OTHER,2499.0,,,policy S5: GW-OTHER refund above the Rs 500 goodwill cap,1,helpdesk,VR899197,VA-SP-MINI,"hey, i bought the mini speaker on 27-12-2025. please cancel, ordered by mistake. i tried cancel button, greyed out. waiting for your reply. rgds, lakshmi",as discussed
TK-249130,2026-01,A3004,Geeta Dutta,Chat Frontline,GW-OTHER,2499.0,,,policy S5: GW-OTHER refund above the Rs 500 goodwill cap,1,helpdesk,VR898468,VA-SP-MINI,"Hello Vireo, Orbit Mini purchased 2 weeks ago, order VR898468.  Cancel order VR898468. What do I do now?",see prev
TK-249198,2026-01,A3027,Priya Agarwal,Logistics,GW-OTHER,2499.0,,,policy S5: GW-OTHER refund above the Rs 500 goodwill cap,1,helpdesk,VR895401,VA-EB-PL1,"Really frustrating. the Pulse bus purchased 3 weeks back, ordre VR895401. screen has a crack before I evne switched it on. I already tok photos. This is the lsat time I buy from you.","1. Transit damage
2. chk w/ crr for damage claim
3. Replacement raised, RMA shared w/ cx. Amount returned to card; fresh unit shipped from BLR warehouse."
TK-249338,2026-01,A3033,Vikram Banerjee,Billing,GW-OTHER,2499.0,,,policy S5: GW-OTHER refund above the Rs 500 goodwill cap,1,helpdesk,VR896636,VA-SP-MINI,payment was deducted but no order was created - VR896636,see prev
TK-249630,2026-01,A3037,Manish Iyer,Returns Desk,GW-OTHER,2499.0,,,policy S5: GW-OTHER refund above the Rs 500 goodwill cap,1,helpdesk,VR904809,VA-SP-MINI,pathetic experience honestly.  i bought orbit mini on 23-01-2026. refund was promised 11 days ago and nothing. i already emailed twice. fix this or i am posting on twitter,"refund confirmed credited. issue: refund pending. chk reverse pkp qc status. | replacement was offered earlier by chat team, cx opted for refund. ~Manish"
TK-249872,2026-02,A3036,Ritika D'Souza,Returns Desk,GW-OTHER,2499.0,,,policy S5: GW-OTHER refund above the Rs 500 goodwill cap,1,helpdesk,VR908804,VA-EB-PL1,"Got the Pulse buds from vireo.in a month ago. Refund was promised 15 days ago and nothing.
I want my money back.
Thanks",Ticket raised for rfnd not credited. chk rfnd status on PG. rfnd of Rs 2499 initiated to source. Cx satisfied on chat. (SOP 5.4)
TK-249896,2026-02,A3036,Ritika D'Souza,Returns Desk,GW-OTHER,2499.0,,,policy S5: GW-OTHER refund above the Rs 500 goodwill cap,1,helpdesk,VR892907,VA-SP-MINI,"namaste,
i bought the mni speaker on 26 mar. the return was accepted but the amount is nowhere in my account.
what do i do now?
rgds","1. rfnd delay
2. Checked reverse pkp QC status
3. rfdn of Rs 2499 initiated to source. -- Money back to source and a fresh pair shipped."
TK-250948,2026-03,A3039,Reyansh Mishra,Escalations & Warranty,GW-OTHER,2499.0,,,policy S5: GW-OTHER refund above the Rs 500 goodwill cap,1,helpdesk,VR902088,VA-EB-PL1,"hi
no update on my repair
help","warranty claim status | followed up with service centre -> refund approved, rs 2499, 5-7 working days (sop 5.4) replacement declined by cx, refund issued instead. ~Reyansh"
TK-251042,2026-03,A3028,Sameer Kapoor,Logistics,GW-OTHER,2499.0,,,policy S5: GW-OTHER refund above the Rs 500 goodwill cap,1,helpdesk,VR882639,VA-SP-MINI,Not what I expected from Vireo. Got Orbit Mini from Amazon 10 days ago. box was crushed and the Orbit Mini is cracked. I already refused nothing as I didn't notice till later. Refund. Now.,"ticket raised for damaged in transit. photos received, damage conf. reverse pickup arranged. | reversed the payment & dispatched a new one under rma."
TK-251307,2026-03,A3034,Tanvi Rathore,Billing,GW-OTHER,2499.0,,,policy S5: GW-OTHER refund above the Rs 500 goodwill cap,1,helpdesk,VR895966,VA-EB-PL1,the page failed after I paid and now nothing shows in my account - VR895966,"cx says payment debited, no order. asked for utr. full refund processed (2499)."
TK-251635,2026-03,A3016,Thomas Kumar,Email Frontline,DOA-REPL,2499.0,flag_only,,policy S5: refund and replacement both issued (replacement_issued=Y),1,helpdesk,VR896026,VA-EB-PL1,one of them is just decoration at this point,"Cx says left side silent. Walked through reset. Refunded Rs 2499. (SOP 4.2) -- rplc was offered earlier by chat team, cx opted for rfnd. -TK"
TK-251955,2026-04,A3035,Dev Kulkarni,Billing,GW-OTHER,2499.0,,,policy S5: GW-OTHER refund above the Rs 500 goodwill cap,1,helpdesk,VR899680,VA-EB-PL1,"helo
upi shows success, your app shows nothing
my pulse
??","Ticket raised for payment debited, no ord. chk PG dashboard for txn. Refund approved, Rs 2499, 5-7 working days. Follow-up not required."
TK-252243,2026-04,A3010,Tenzin Mathew,Chat Frontline,GW-OTHER,2499.0,,,policy S5: GW-OTHER refund above the Rs 500 goodwill cap,1,helpdesk,VR906412,VA-EB-PL1,"product: pules earbuds
order: vr906412
purchased: february 28
issue: app shows the left at 0 percent no matter how long its in the case
tried: tried a different cable
expected: fix",re: left bud not charging | conf fw 1.6.3 -> full rfnd processed (2499) ~Tenzin
TK-252466,2026-04,A3013,Rohit Nair,Chat Frontline,WTY-BUYBACK,2499.0,flag_only,,policy S5: refund and replacement both issued (replacement_issued=Y),1,helpdesk,VR898020,VA-SP-MINI,Honestly regretting this purchase. I bougth Orbit Mni on March 04. crackling sound in the left side. I already tried wired mode. Fix this or I am psoting on twitter,"fw update, cx to monitor. issue: crackling/distortion. checked fw. -- amount returned to card; fresh unit shipped from blr warehouse. ~Rohit"
TK-252517,2026-04,A3032,Sneha Bansal,Billing,GW-OTHER,2499.0,,,policy S5: GW-OTHER refund above the Rs 500 goodwill cap,1,helpdesk,VR882054,VA-EB-PL1,"to the vireo customer care team,

i am writing with reference to my order of pulse earbuds placed on 22-12-2025. paid once, statement disagrees. i have waited a week. i request you to look into thhis mater at the earliest.

regards,
nisha jadhav
vadodara","1. double charge
2. confirmed utrs
3. full rfnd processed (2499) ~Sneha"
TK-252735,2026-05,A3034,Tanvi Rathore,Billing,GW-OTHER,2499.0,,,policy S5: GW-OTHER refund above the Rs 500 goodwill cap,1,helpdesk,VR883334,VA-SP-MINI,"payment was deducted but no order was created, VR883334",done
TK-252890,2026-05,A3035,Dev Kulkarni,Billing,GW-OTHER,2499.0,,,policy S5: GW-OTHER refund above the Rs 500 goodwill cap,1,helpdesk,VR903251,VA-SP-MINI,"Product: teh mnii speaker
Order: VR903251
Purchased: 04-03-2026
Issue: connection drops constantly
Tried: reset both devicse
Expected: fix",Cust contacted re intermittent disconnects. Checked FW 1.1.1. Transferred to Billing. FW update rslvd. Follow-up not required.
TK-253405,2026-05,A3019,Kavya Agarwal,Email Frontline,GW-OTHER,2499.0,,,policy S5: GW-OTHER refund above the Rs 500 goodwill cap,1,helpdesk,VR887118,VA-SP-MINI,"hello
i ordered orbit mini and got something else
pls reply",re: wrong item delivered | raised w/ warehouse -> rfnd of rs 2499 initaited to source | xfer email frontline
TK-253632,2026-06,A3036,Ritika D'Souza,Returns Desk,GW-OTHER,2499.0,,,policy S5: GW-OTHER refund above the Rs 500 goodwill cap,1,helpdesk,VR908995,VA-SP-MINI,"helo
refund not received yet
orbit mini
??","Ticket raised for rfnd not credited. chk reverse pickup QC status. rfnd conf credited. Closing.
Refund issued; replacement not applicable (out of stock)."
TK-254361,2026-06,A3036,Ritika D'Souza,Returns Desk,GW-OTHER,2499.0,,,policy S5: GW-OTHER refund above the Rs 500 goodwill cap,1,helpdesk,VR900941,VA-SP-MINI,"Hello, This is regarding Orbit Mini. The return was accepted but the amount is nowhere in my account. I checked bank. Kindly look into it. Thanks & regards, Kunal",Cust contacted re rfnd pending. Checked rfnd status on PG. rffnd of Rs 2499 initiated to source. Case closed w/ cx consent. rfnd issued; replacement not applicable (out of stock).
TK-254410,2026-06,A3037,Manish Iyer,Returns Desk,GW-OTHER,2499.0,,,policy S5: GW-OTHER refund above the Rs 500 goodwill cap,1,helpdesk,VR899218,VA-SP-MINI,"product: the mini speaker
order: vr899218
purchased: 30-05-2026
issue: the return was accepted but the amount is nowhere in my account
tried: emailed twice
expected: fix",full rfnd processed (2499). issue: rfnd not credited. chk rfnd status on pg. ~Manish
TK-254511,2026-06,A3037,Manish Iyer,Returns Desk,GW-OTHER,2499.0,,,policy S5: GW-OTHER refund above the Rs 500 goodwill cap,1,helpdesk,VR902030,VA-EB-PL1,"HI SIR
STILL WAITING FOR MY REFUND
10 DAYS AGO SE
THE PULSE BUDS",refund of rs 2499 initiated to source. issue: refund pending. checked reverse pickup qc status. ~Manish
TK-252118,2026-04,A3036,Ritika D'Souza,Returns Desk,GW-OTHER,2470.0,,,policy S5: GW-OTHER refund above the Rs 500 goodwill cap,1,helpdesk,VR882942,VA-SW-NX2,"Dear Sir/Madam,

I am writing with reference to my order of my Nexa 2 watch placed on 01-04-2026. Pickup scheduled but no one showed up. I have rescheduled pickup twice. I request you to provide a resolution within 3 working days.

Regards,
Lakshmi George
Kolkata","Refund approved, Rs 2470, 5-7 working days. Issue: pkp missed. Re-raised pkp w/ crr. (SOP 5.4)"
TK-243086,2025-07,A3026,Aadhya Deshpande,Voice Frontline,GW-OTHER,2374.0,,,policy S5: GW-OTHER refund above the Rs 500 goodwill cap,1,helpdesk,VR902989,VA-SP-MINI,"sir ji
my son ordered tis without asking, please reverse
itna paisa diya hai",cx: cancellation request | cancelled before dispatch -> refund of rs 2374 initiated to source
TK-245589,2025-10,A3028,Sameer Kapoor,Logistics,GW-OTHER,2374.0,,,policy S5: GW-OTHER refund above the Rs 500 goodwill cap,1,helpdesk,VR899855,VA-EB-PL1,"To the Vireo Customer Care Team,

I am writing with reference to my order of Pulse earbuds (VR899855) placed on 01/10.  Package not delivered even after 12 days. I have called the courier. I request u to process a refund to my original payment method.

Sincerely,
Lobsang Reddy","cx says delivery delayed. raised ticket w/ crr partner. rto conf, reshipped. amount returned to card; fresh unit shipped from blr warehouse."
TK-245757,2025-10,A3032,Sneha Bansal,Billing,GW-OTHER,2374.0,,,policy S5: GW-OTHER refund above the Rs 500 goodwill cap,1,helpdesk,VR892988,VA-EB-PL1,"PRODUCT: PULSE 1
ORDER: VR892988
PURCHASED: 05/10
ISSUE: PLEASE CANCEL, ORDERED BY MISTAKE
TRIED: TRIED CANCEL BUTTON, GREYED OUT
EXPECTED: REPLACEMENT","1. order cancellation
2. cancelled before dispatch
3. refunded rs 2374 ~Sneha"
TK-245981,2025-10,A3029,Rajat Mukherjee,Logistics,GW-OTHER,2374.0,,,policy S5: GW-OTHER refund above the Rs 500 goodwill cap,1,helpdesk,VR883598,VA-EB-PL1,"Product: pulse 1
Order: VR883598
Purchased: 15/10
Issue: the box says pulse 1 but what's inside is not what I paid for
Tried: checked the invoice
Expected: replacement",refunded rs 2374. issue: wrong item delivered. verified order vs delivered item photos. | refund issued; replacement not applicable (out of stock). -RM
TK-249373,2026-01,A3038,Ankit Dhillon,Returns Desk,GW-OTHER,2374.0,,,policy S5: GW-OTHER refund above the Rs 500 goodwill cap,1,helpdesk,,VA-EB-PL1,"this is regarding teh pulse buds. packd the box a week ago and it's still here. i rescheduled pickup twice. i want my money back. thanks & regards, mohammed roy",Refund of Rs 2374 initiated to source. Issue: pkp missed. Re-raised pkp w/ courier.
TK-249537,2026-01,A3026,Aadhya Deshpande,Voice Frontline,GW-OTHER,2374.0,,,policy S5: GW-OTHER refund above the Rs 500 goodwill cap,1,helpdesk,VR903615,VA-SP-MINI,"Hello,
This is regarding the miin speaker. Money debited but order not showing.
I waited 24 hours.
I want my money back.
Thanks, Suresh Goyal","cx: amount deducted without ord | asked for utr -> refund approved, rs 2374, 5-7 working days //AAD"
TK-250012,2026-02,A3018,Krishna Bhatt,Email Frontline,GW-OTHER,2374.0,,,policy S5: GW-OTHER refund above the Rs 500 goodwill cap,1,helpdesk,VR896406,VA-EB-PL1,"hello vireo, i bought pulse earbuds on january 27. money debited but order not showing. i checked bank statement. i want a replacement. awaiting response,",cx: failed order afetr payyment | checked pg dashboard for txn -> refund of rs 2374 initiated to source ~Krishna
TK-250703,2026-03,A3009,Sukhwinder Singh,Chat Frontline,GW-OTHER,2374.0,,,policy S5: GW-OTHER refund above the Rs 500 goodwill cap,1,helpdesk,VR909721,VA-EB-PL1,"bhai
microphone is very low on teh pulse earbuds
pls jldi
pulse earbuds",cx states mic not working on calls. Tested on call w/ cx. Refunded Rs 2374. //SUK
TK-252146,2026-04,A3032,Sneha Bansal,Billing,DOA-REPL,2374.0,flag_only,,policy S5: refund and replacement both issued (replacement_issued=Y),1,helpdesk,VR898365,VA-EB-PL1,this is v disappointing. bought the pulse buds around 08-04-2026 from vireo.in. the return was accepted but the amount is nowhere in my account. i already checked bank. fix this or i am posting on twitter.,"1. refund pending
2. chk refund status on pg
3. refund confirmed credited. processed fr and raised rma for new set. ~Sneha"
TK-252577,2026-04,A3035,Dev Kulkarni,Billing,GW-OTHER,2374.0,,,policy S5: GW-OTHER refund above the Rs 500 goodwill cap,1,helpdesk,VR893557,VA-EB-PL1,"order vr893557 (my pulse).  double payment deducted.
i waited a week. nothing changed.
please resolve asap.",Cx reported double charge. conf UTRs. rfnd of Rs 2374 initiated to source. Follow-up not required.
TK-254011,2026-06,A3037,Manish Iyer,Returns Desk,GW-OTHER,2374.0,,,policy S5: GW-OTHER refund above the Rs 500 goodwill cap,1,helpdesk,,VA-EB-PL1,"Product: Pulse earbuds
Purchased: 23-05-2026
Issue: you picked up the item 6 days ago and my money hasn't come back
Tried: checked bank
Expected: resolution",refunded rs 2374. issue: rfnd delay. checked reverse pkp qc status. ~Manish
TK-246095,2025-10,A3028,Sameer Kapoor,Logistics,GW-OTHER,2250.0,,,policy S5: GW-OTHER refund above the Rs 500 goodwill cap,1,helpdesk,VR900462,VA-SW-NX1,"Tihs is very disappointing. I bought the nexa smartwatch on 12 Oct. my son ordered this without asking, please reverse. I already tried cancel button, greyed out. Fix this or I am posting on twitter.","cx reported ord cancellation. cancelled before dispatch. xfer to logistics. rfnd approved, rs 2250, 5-7 working days."
TK-241540,2025-04,A3038,Ankit Dhillon,Returns Desk,GW-OTHER,2249.0,,,policy S5: GW-OTHER refund above the Rs 500 goodwill cap,1,helpdesk,VR904456,VA-EB-PL1,"Dear Sir/Madam,
This is regarding the Pulse buds. Refund not received yet.
I checked bank.
This is very disappointing.
Kindly look into it.
Thanks in advance,","1. Refund delay
2. Checked reverse pkp QC status
3. Refunded Rs 2249"
TK-241749,2025-04,A3026,Aadhya Deshpande,Voice Frontline,GW-OTHER,2249.0,,,policy S5: GW-OTHER refund above the Rs 500 goodwill cap,1,helpdesk,VR900822,VA-EB-PL1,"hey
i hear music in one ear only, other is mute
anyone there","issue: no audio one side | walked through reset -> full rfnd processed (2249) | Cx asked for rplc + rfnd, explained policy, rfnd only. //AAD"
TK-242117,2025-05,A3035,Dev Kulkarni,Billing,GW-OTHER,2249.0,,,policy S5: GW-OTHER refund above the Rs 500 goodwill cap,1,helpdesk,VR899065,VA-SP-MINI,"Hi, This is regarding Orbit Mini. Please cancel, ordered by mistake. I tried canccel button, greyed out. Nothing changed. Kindly look into it.","Ticket raised for ord cancellation. Cancelled before dispatch. Cancelled, rfnd initiated. Cx informed."
TK-244162,2025-08,A3014,Anjali D'Souza,Chat Frontline,GW-OTHER,2249.0,,,policy S5: GW-OTHER refund above the Rs 500 goodwill cap,1,helpdesk,VR892562,VA-SP-MINI,"Hi Vireo support, Ordered orbit mini 10 days ago. Claim number RMA75889, anyone alive there?. I emailed twice. Kindly look into it. Thank you Arjun",rplc appoved & dispatched. Issue: wty claim status. Checked QC report.
TK-245381,2025-10,A3030,Aishwarya Trivedi,Logistics,GW-OTHER,2249.0,,,policy S5: GW-OTHER refund above the Rs 500 goodwill cap,1,helpdesk,VR882898,VA-SP-MINI,"hii
it has been 17 days and i have nothing in hand","Ticket raised for ord not delivered. chk AWB w/ courier. Refund approved, Rs 2249, 5-7 working days. //AIS"
TK-246825,2025-11,A3030,Aishwarya Trivedi,Logistics,DOA-REPL,2249.0,flag_only,,policy S5: refund and replacement both issued (replacement_issued=Y),1,helpdesk,,VA-EB-PL1,"Product: pulse 1
Purchased: October 31
Issue: received damaged product
Tried: took photos
Expected: fix","Ticket raised for damaged in transit. Photos received, damage confirmed. Refunded Rs 2249. //AIS"
TK-247045,2025-11,A3037,Manish Iyer,Returns Desk,GW-OTHER,2249.0,,,policy S5: GW-OTHER refund above the Rs 500 goodwill cap,1,helpdesk,,VA-EB-PL1,STILL WAITING FOR MY REFUND,"rfnd approved, rs 2249, 5-7 working days. issue: rfnd not credited. checked reverse pickup qc status. ~Manish"
TK-247308,2025-11,A3036,Ritika D'Souza,Returns Desk,GW-OTHER,2249.0,,,policy S5: GW-OTHER refund above the Rs 500 goodwill cap,1,helpdesk,VR890548,VA-SP-MINI,"Hi there, I bought the mini speaker on 18/11. The return was accepted but the amount is nowhere in my account. Please advise.","Contact re refund delay. Checked reverse pkp QC status. Refunded Rs 2249. Will monitor. | Cx asked for rplc + rfnd, explained policy, rfnd only."
TK-247768,2025-12,A3033,Vikram Banerjee,Billing,GW-OTHER,2249.0,,,policy S5: GW-OTHER refund above the Rs 500 goodwill cap,1,helpdesk,VR901569,VA-EB-PL1,"Hi Vireo support, Got the Pulse buds from Amazon last month. You picked up the item 8 days ago & my money hasn't come back. I checked bank. Nothing changed. Please call me on my registered number. THANK U, ANJALI","1. refund not credited
2. checked reverse pickup qc status
3. refunded rs 2249. -- replacement was offered earlier by chat team, cx opted for refund."
TK-252718,2026-05,A3034,Tanvi Rathore,Billing,GW-OTHER,2249.0,,,policy S5: GW-OTHER refund above the Rs 500 goodwill cap,1,helpdesk,VR900790,VA-SP-MINI,"Hi team, I bought orbit mini on 05 May.  Discount was not applied at checkout. Please advise. Thanks & regards Payal Goyal","refund approved, rs 2249, 5-7 working days"
TK-250922,2026-03,A3006,Varun Bhatt,Chat Frontline,GW-OTHER,2160.0,,,policy S5: GW-OTHER refund above the Rs 500 goodwill cap,1,helpdesk,VR904927,VA-SP-ORB,money debited but order not showing,"auto-refund confirmed within 5-7 days. issue: payment debited, no order. checked pg dashboard for txn. -VB"
TK-244962,2025-09,A3018,Krishna Bhatt,Email Frontline,GW-OTHER,2124.0,,,policy S5: GW-OTHER refund above the Rs 500 goodwill cap,1,helpdesk,VR901072,VA-EB-PL1,Bought Pusle earbuds around 31 Jul from Amazon. It connects for a second and then vanishes form teh device list. I restarted the phone. Noting changed. This is very disappointing. Plaese resolve asap.,issue: device not discoverable | asked cx to reset the device -> refund of rs 2124 initiated to source ~Krishna
TK-245502,2025-10,A3001,Suresh Kaur,Chat Frontline,GW-OTHER,2124.0,,,policy S5: GW-OTHER refund above the Rs 500 goodwill cap,1,helpdesk,VR894087,VA-SP-MINI,"hello
pls cancel, ordered by mistake
anyoen there",refunded rs 2124. issue: order cancellation. checked shipment status. ~Suresh
TK-247506,2025-11,A3033,Vikram Banerjee,Billing,GW-OTHER,2124.0,,,policy S5: GW-OTHER refund above the Rs 500 goodwill cap,1,helpdesk,VR892720,VA-EB-PL1,"Hi Vireo support, my Pulse purchased in November, order VR892720. Two entries of Rs 4999 on my statement for one pair of earbuds. I checked wih bank. Nothing changed. Need this sorted this week.","1. double charge
2. checked pg for duplicate txn
3. refund processed"
TK-248651,2025-12,A3037,Manish Iyer,Returns Desk,GW-OTHER,2124.0,,,policy S5: GW-OTHER refund above the Rs 500 goodwill cap,1,helpdesk,VR906838,VA-EB-PL1,Bought my Pulse around 25/12 from vireo.in. Received the wrong item. I checked the invoice. Honestly regretting this purchase. Please resolve asap. Awaiting response Tanvi Mittal,"rfnd issued, cx did not want replacement. issue: wrong variant received. raised with warehouse. ~Manish"
TK-250094,2026-02,A3035,Dev Kulkarni,Billing,GW-OTHER,2124.0,,,policy S5: GW-OTHER refund above the Rs 500 goodwill cap,1,helpdesk,VR882222,VA-SP-MINI,"Very poor quality. This is regarding Orbit Mini. my son ordered this without asking, please reverse. I already tred cncel button, grreyed out. Refund. Now.",Cx says cancellation request. Cancelled before dispatch. rfnd of Rs 2124 initiated to source. Follow-up not required.
TK-251849,2026-04,A3015,Sameer Jadhav,Chat Frontline,GW-OTHER,2124.0,,,policy S5: GW-OTHER refund above the Rs 500 goodwill cap,1,helpdesk,VR894913,VA-EB-PL1,"distorted audio at hiigh volume
vr894913
pelase call me on my registered numer","rfnd of Rs 2124 initiated to source. Issue: static noise in audio. chk with different source. -- Replacement declined by cx, refund issued instead. [closed]"
TK-252965,2026-05,A3035,Dev Kulkarni,Billing,GW-OTHER,2124.0,,,policy S5: GW-OTHER refund above the Rs 500 goodwill cap,1,helpdesk,VR882222,VA-SP-MINI,"I have been a loyal customer and this is how you treat me. Ordered orbit mini last week. double payment deducted. I already checked with bank. I want a replacement or refund, nothing else.",cx reached out - duplicate payment. Checked PG for duplicate txn. rnd processed. Will monitor.
TK-253395,2026-05,A3038,Ankit Dhillon,Returns Desk,GW-OTHER,2124.0,,,policy S5: GW-OTHER refund above the Rs 500 goodwill cap,1,helpdesk,VR889345,VA-HP-ST2,this is very disappointing. i bought strata 2 on 27/04. you picked up the item 20 days ago and my money hasn't come back. i already checked bank. this is the last time i buy from you,"1. Refund pending
2. chk reverse pkp QC status
3. Refund approved, Rs 2124, 5-7 working days"
TK-253561,2026-05,A3028,Sameer Kapoor,Logistics,GW-OTHER,2124.0,,,policy S5: GW-OTHER refund above the Rs 500 goodwill cap,1,helpdesk,VR894334,VA-SP-MINI,pickup schedued but no one showed up,ticket raised for reverse pickup pending. re-raised pickup with crr. rfnd processed without pickup as goodwill.
TK-253929,2026-06,A3018,Krishna Bhatt,Email Frontline,GW-OTHER,2124.0,,,policy S5: GW-OTHER refund above the Rs 500 goodwill cap,1,helpdesk,VR898635,VA-EB-PL1,"Product: Pulse earbuds
Order: VR898635
Purchased: 09-06-2026
Issue: payment went through but I got no order id
Tried: checked bank statement
Expected: resolution","payment debited, no order | confirmed with payment gateway -> order manually created ~Krishna"
TK-254384,2026-06,A3030,Aishwarya Trivedi,Logistics,GW-OTHER,2124.0,,,policy S5: GW-OTHER refund above the Rs 500 goodwill cap,1,helpdesk,VR888895,VA-EB-PL1,"Hi Vireo support, my Pulse purchased last week, order VR888895. The coourier marked it delivered but nobody in my hoouse got anything. Please advise. Thanks in advance",Reported: order not delivered. Confirmed address w/ cx. Full rfnd processed (2124). //AIS
TK-243905,2025-08,A3036,Ritika D'Souza,Returns Desk,GW-OTHER,1999.0,,,policy S5: GW-OTHER refund above the Rs 500 goodwill cap,1,helpdesk,VR884443,VA-SW-FIT,Pathetic experience honestly. I bought Nexa Fit on 20-07-2025. refund not received yet. I already emailed twice. Fix this or I am posting on twitter.,"1. rfnd delay
2. Checked rfnd status on PG
3. rfnd of Rs 1999 initiated to source (SOP 2.7)"
TK-244354,2025-08,A3033,Vikram Banerjee,Billing,GW-OTHER,1999.0,,,policy S5: GW-OTHER refund above the Rs 500 goodwill cap,1,helpdesk,VR906207,VA-SW-FIT,"Product: the fit band
Order: VR906207
Purchased: 17-08-2025
Issue: payment went through but I got no order id
Tried: checked bank statement
Expected: fix","1. payment debited, no ord
2. asked for utr
3. refund of rs 1999 initiated to source"
TK-245160,2025-09,A3036,Ritika D'Souza,Returns Desk,GW-OTHER,1999.0,,,policy S5: GW-OTHER refund above the Rs 500 goodwill cap,1,helpdesk,VR880286,VA-SP-MINI,"Product: orbit mini
Order: VR880286
Purchased: Auggust 27
Issue: refund not received yet
Tried: emaled twice
Expected: replacement","Customer reached out - refudn delay. Checked reverse pickkup QC status. Refund approved, Rs 1999, 5-7 working days. Cx satisfied on chat. (SOP 5.4) -- Refund issued; replacement not applicable (out of stock)."
TK-245266,2025-09,A3028,Sameer Kapoor,Logistics,GW-OTHER,1999.0,,,policy S5: GW-OTHER refund above the Rs 500 goodwill cap,1,helpdesk,VR892093,VA-SP-MINI,"Hi, Ordereed Orbti Miin in September. Received damaged product. I took photos. Nothing changed. I want my money back. Awaiting response, Divya",refunded rs 1999. issue: unit rcvd damaged. chk w/ crr for damage claim.
TK-245406,2025-10,A3036,Ritika D'Souza,Returns Desk,GW-OTHER,1999.0,,,policy S5: GW-OTHER refund above the Rs 500 goodwill cap,1,helpdesk,VR906037,VA-SW-FIT,"[IVR transcript] Hello Vireo, my Nexa Fit band purchased 3 weeks back, order VR906037. Packed the box a week ago and it's still here. I rescheduled pickup twice. I want my money back. Thank you Lobsang",Cust contacted re pickup not done. Re-raised pickup w/ crr. Rfund processed without pickup as goodwill. Cx satisfied on chat.
TK-245806,2025-10,A3017,Kabir Singh,Email Frontline,GW-OTHER,1999.0,,,policy S5: GW-OTHER refund above the Rs 500 goodwill cap,1,helpdesk,VR891639,VA-SP-MINI,"Dear Sir/Madam,
I bougt the mini speaker on 07 Oct. Ordered the wrng colour, don't ship it.
I tried cancel button, greyed out. Nothing changed.
Plesae help.
Thanks & regards Om Patel",ticket raised for cancellation request. chk shipment status. xfer to email frontline. rfnd of rs 1999 initiated to source.
TK-246399,2025-10,A3035,Dev Kulkarni,Billing,GW-OTHER,1999.0,,,policy S5: GW-OTHER refund above the Rs 500 goodwill cap,1,helpdesk,VR906303,VA-SP-MINI,i have been a loyal customer and this is how you treat me.  ordered the mini speaker around diwali. i was charged twice for one order. i already checked with bank. this is the last time i buy from you.,"Cx reported charged twice. chk PG for duplicate txn. rfnd approved, Rs 1999, 5-7 working days. Will monitor."
TK-248743,2025-12,A3039,Reyansh Mishra,Escalations & Warranty,DOA-REPL,1999.0,note_only,"...alations & warranty (sop 2.7) refund + rplc, cx escalation avoided. ~Reya...",policy S5: agent note states both a refund and a replacement were given,1,helpdesk,VR894080,VA-EB-PL1,"Hi, Order VR894080 (pulse 1). RANDOM DISCONNECTS DURING CALLS. Please call me on my registered number. Rgds Faisal","cx: intermittent disconnects | checked interference sources -> advised, cx will monitor | xfer escalations & warranty (sop 2.7) refund + rplc, cx escalation avoided. ~Reyansh"
TK-249167,2026-01,A3016,Thomas Kumar,Email Frontline,GW-OTHER,1999.0,,,policy S5: GW-OTHER refund above the Rs 500 goodwill cap,1,helpdesk,,VA-EB-PL1,Not acceptable at this price. Ordered my Pulse in December. battery backup is terrible now. I already fully charged and discharged twice. Fix this or I am posting on twitter.,re: battery draining fast | chk usage pattern with cx -> escalated to wty (SOP 3.1)
TK-249358,2026-01,A3005,Payal Bhatia,Chat Frontline,DOA-REPL,1999.0,flag_only,,policy S5: refund and replacement both issued (replacement_issued=Y),1,helpdesk,VR899322,VA-EB-PL1,"dear sir/madam,
ordered pulse 1 around diwali. keeps losing my phone if i walk to the other room.
please help.
please revert, harsh","issue: connection dropping | chk fw 2.6.0 -> replacement raised.
Sent a new unit & released the money as well, cx was in tears on call."
TK-249996,2026-02,A3038,Ankit Dhillon,Returns Desk,GW-OTHER,1999.0,,,policy S5: GW-OTHER refund above the Rs 500 goodwill cap,1,helpdesk,,VA-EB-PL1,"REFUND WAS PROMISED 13 DAYS AGO AND NOTHING
NEED THIS SORTED THIS WEEK",see prev
TK-250823,2026-03,A3035,Dev Kulkarni,Billing,GW-OTHER,1999.0,,,policy S5: GW-OTHER refund above the Rs 500 goodwill cap,1,helpdesk,VR886535,VA-SP-MINI,[IVR transcript] I AM LOSING PATIENCE.  Bought Orbit Mini around 23 Feb from vireo.in. refund not received yet. I already emailed twice. Refund. Now,Contact re rfnd not credited. chk rfnd status on PG. rfnd confirmed credited. Closing.
TK-250827,2026-03,A3016,Thomas Kumar,Email Frontline,DOA-REPL,1999.0,flag_only,,policy S5: refund and replacement both issued (replacement_issued=Y),1,helpdesk,VR899009,VA-EB-PL1,"batteery drains very fast, barely lasts 2 hours. please resolve asap","Contact re battery draining fast. Advised disabling ANC/AOD to test. Advised settings change, cx satisfied. (SOP 4.2) | Amount returned to card; fresh unit shipped from BLR warehouse. -TK"
TK-250833,2026-03,A3029,Rajat Mukherjee,Logistics,WTY-BUYBACK,1999.0,flag_only,,policy S5: refund and replacement both issued (replacement_issued=Y),1,helpdesk,VR891600,VA-SW-FIT,"not acceptable at this price. ordered the fit band in february. paid on 28/02, still waiting for something to show up. i already checked w/ neighbours. fix this or i am posting on twitter.","refund initiated as lost in transit. issue: delivery delayed. checked awb with courier.
sent a new unit and released the money as well, cx was in tears on call. -RM"
TK-251331,2026-03,A3030,Aishwarya Trivedi,Logistics,GW-OTHER,1999.0,,,policy S5: GW-OTHER refund above the Rs 500 goodwill cap,1,helpdesk,VR884070,VA-EB-PL1,"hey, this is regarding pulse earbuds. order not delivered, tracking not updating. can someone fix this? regards, vihaan","Contact re shipment not received. Raised ticket with courier partner. Refund of Rs 1999 initiated to source. | Offered rplc, cx preferred refund. Refund processed. //AIS"
TK-251633,2026-03,A3014,Anjali D'Souza,Chat Frontline,GW-OTHER,1999.0,,,policy S5: GW-OTHER refund above the Rs 500 goodwill cap,1,helpdesk,VR891591,VA-SW-FIT,"hello ji
bluetooth pairing fails every time
??","1. Unable to pair w/ phone
2. Checked phone OS version
3. Re-pair successful, rsllvd on caht. -- rfnd processed to source; rplc unit also shipped. -AD"
TK-251900,2026-04,A3037,Manish Iyer,Returns Desk,GW-OTHER,1999.0,,,policy S5: GW-OTHER refund above the Rs 500 goodwill cap,1,helpdesk,VR900041,VA-SW-FIT,the return was accepted but the amount is nowhere in my account,rfnd of rs 1999 initiated to source. issue: rfnd pending. chk reverse pkp qc status. ~Manish
TK-251905,2026-04,A3032,Sneha Bansal,Billing,GW-OTHER,1999.0,,,policy S5: GW-OTHER refund above the Rs 500 goodwill cap,1,helpdesk,VR893778,VA-SW-FIT,"hey
money debited but order not shwing","1. payment debited, no ord
2. confirmed w/ payment gateway
3. refund approved, rs 1999, 5-7 working days ~Sneha"
TK-253023,2026-05,A3030,Aishwarya Trivedi,Logistics,GW-OTHER,1999.0,,,policy S5: GW-OTHER refund above the Rs 500 goodwill cap,1,helpdesk,VR882739,VA-SW-FIT,"bhai
i haven't received my order
abhi tak kuch nahi hua
the fit band
anyone there","Cx says dlvry delayed. Raised ticket with courier partner. Refund approved, Rs 1999, 5-7 working days. //AIS"
TK-253652,2026-06,A3009,Sukhwinder Singh,Chat Frontline,GW-OTHER,1999.0,,,policy S5: GW-OTHER refund above the Rs 500 goodwill cap,1,helpdesk,VR887383,VA-SW-FIT,"[IVR transcript] Hello, my Nexa Fit band purchased 2 weeks ago, order VR887383. Double payment deducted. I checked with bank. Nothing changed. How do I get this fixed? Rgds",Reported: duplicate payment. Checked PG for duplicate txn. Transferred to Chat Frontline. Full refund processed (1999). (SOP 4.2)
TK-247433,2025-11,A3042,Swati Bhatia,Escalations & Warranty,GW-OTHER,1899.0,,,policy S5: GW-OTHER refund above the Rs 500 goodwill cap,1,helpdesk,VR906744,VA-SW-FIT,"THIS IS REGARDING THE FIT BAND. Claim number RMA52855, anyone alive there?.
Please help.
Thanks in advance,","cx states repair status follow-up. checked qc report. cx updated, eta shared. | full refund issued & replacement dispatched as goodwill."
TK-250345,2026-02,A3028,Sameer Kapoor,Logistics,GW-OTHER,1899.0,,,policy S5: GW-OTHER refund above the Rs 500 goodwill cap,1,helpdesk,VR886780,VA-SW-FIT,"hi vireo support, bought nexa fit around february 12 from amazon. tracking has said out for delivery for a week now. please call me on my registered number. regards","cx reached out - dlvry delayed. raised ticket w/ courier partner. refund approved, rs 1899, 5-7 working days."
TK-252794,2026-05,A3036,Ritika D'Souza,Returns Desk,GW-OTHER,1899.0,,,policy S5: GW-OTHER refund above the Rs 500 goodwill cap,1,helpdesk,VR884341,VA-SW-FIT,"Dear Sir/Madam,

I am writing with reference to my order of my Nexa Fit band placed on 14/04.  Refund not recieved yet. I have checked bank. I request you to kindly arrange a replacement.

Sincerely,
Nisha Bhatt
Bhubaneswar","Cx says rfnd pending. chk reverse picukp QC status. Full rfnd proessed (1899). Follow-up not required.
Replacement was offered earlier by chat team, cx opted for rfnd."
TK-240879,2025-03,A3038,Ankit Dhillon,Returns Desk,GW-OTHER,1799.0,,,policy S5: GW-OTHER refund above the Rs 500 goodwill cap,1,helpdesk,VR901220,VA-SW-FIT,"hii
you picked up the item 5 days ago and my money hasn't come back","1. Refund delay
2. chk refund status on PG
3. Refund reprocessed"
TK-241243,2025-03,A3033,Vikram Banerjee,Billing,GW-OTHER,1799.0,,,policy S5: GW-OTHER refund above the Rs 500 goodwill cap,1,helpdesk,VR893546,VA-EB-AIR,"deaar sir/madam, got airlite earbuds from flipkart 2 weeks ago. upi shows success, your app shows nothing. i wated 24 hours. please advise. thank you","1. payment debited, no order
2. asked for utr
3. refund approved, rs 1799, 5-7 working days"
TK-241391,2025-04,A3020,Aadhya Singh,Email Frontline,GW-OTHER,1799.0,,,policy S5: GW-OTHER refund above the Rs 500 goodwill cap,1,helpdesk,VR895819,VA-EB-AIR,"product: airlite earbuds
purchased: march 26
issue: package not delivered even after 14 days
tried: called the courier
expected: callback",reported: shipment not rcvd. raised ticket w/ crr partner. rfnd of rs 1799 initiated to source. | refund issued; rplc not applicable (out of stock).
TK-242987,2025-06,A3022,Daniel Arora,Email Frontline,GW-OTHER,1799.0,,,policy S5: GW-OTHER refund above the Rs 500 goodwill cap,1,helpdesk,VR908579,VA-EB-AIR,"Hi Vireo support, Got airlite earbuds from Amazon around Diwali. My son ordered this withut asking, pls reverse. I tried cancel button, greyed out. Nothing changed. I want a replacement.","Cx says cancellation request. Checked shipment status. Refund approved, Rs 1799, 5-7 working days."
TK-244880,2025-09,A3016,Thomas Kumar,Email Frontline,GW-OTHER,1799.0,,,policy S5: GW-OTHER refund above the Rs 500 goodwill cap,1,helpdesk,VR887389,VA-EB-AIR,"goes from full to empty during one commute
VR887389","Reported: rapid battery drain. chk usage pattern w/ cx. Advised settings change, cx satisfied. (SOP 5.4) Refunded Rs 1799 and also raised replacement, cx was very upset. -TK"
TK-245282,2025-09,A3016,Thomas Kumar,Email Frontline,GW-OTHER,1799.0,,,policy S5: GW-OTHER refund above the Rs 500 goodwill cap,1,helpdesk,VR884262,VA-EB-AIR,"hey
battery backup is terrible now
airlite",Reported: poor battery backup. Checked FW 3.7.7. Full rfnd processed (1799). -TK
TK-245830,2025-10,A3036,Ritika D'Souza,Returns Desk,GW-OTHER,1799.0,,,policy S5: GW-OTHER refund above the Rs 500 goodwill cap,1,helpdesk,VR907857,VA-EB-AIR,"i bought airlite on october 05.  nobody came for the pickup. i rescheduled pickup twice. how do i get this fixed? thanks, lakshmi","Reported: reverse pkp pending. Checked pkp AWB. rfdn approved, Rs 1799, 5-7 working days. Cx satisfied on chat. (SOP 5.4)"
TK-246152,2025-10,A3038,Ankit Dhillon,Returns Desk,GW-OTHER,1799.0,,,policy S5: GW-OTHER refund above the Rs 500 goodwill cap,1,helpdesk,VR899685,VA-EB-AIR,Very poor quality. Ordr VR899685 (airlite earbuds). still waiting for my refund. I already emailed twice. Escalate this to someone senior.,"1. Refund delay
2. chk refund status on PG
3. Refunded Rs 1799"
TK-246257,2025-10,A3016,Thomas Kumar,Email Frontline,GW-OTHER,1799.0,,,policy S5: GW-OTHER refund above the Rs 500 goodwill cap,1,helpdesk,VR888215,VA-EB-AIR,Honestly regretting this purchase. I bought airlite earbuds on 19 Oct. payment was deducted but no order was created. I already waited 24 hours. Escalate this to someone senior,"Ticket raised for payment debited, no order. Asked for UTR. Transferred to Email Frontline. rfnd of Rs 1799 initiated to source. (SOP 5.4)"
TK-246357,2025-10,A3035,Dev Kulkarni,Billing,GW-OTHER,1799.0,,,policy S5: GW-OTHER refund above the Rs 500 goodwill cap,1,helpdesk,VR884535,VA-EB-AIR,"the page failed after I paid and now nothing shows in my account, i want a replacement",Cx says amount deducted without ord. Asked for UTR. ord manually created. Case closed w/ cx consent.
TK-246358,2025-10,A3036,Ritika D'Souza,Returns Desk,GW-OTHER,1799.0,,,policy S5: GW-OTHER refund above the Rs 500 goodwill cap,1,helpdesk,VR897102,VA-EB-AIR,"[IVR transcript] Dear Sir/Madam, This is regarding AirLite. Refund not received yet. I checked bank. Not acceptalbe at thsi price. Can someone fix this?","Customer states refund pending. Checked reverse pikup QC status. xfr to Returns Desk. Refund approved, Rs 1799, 5-7 working days. Closing. (SOP 5.4)"
TK-246412,2025-10,A3032,Sneha Bansal,Billing,GW-OTHER,1799.0,,,policy S5: GW-OTHER refund above the Rs 500 goodwill cap,1,helpdesk,VR899489,VA-EB-AIR,Not what I expected from Vireo. This is regarding AirLite. the page failed after I padi and now nothing shhows in my account. I alredy checked bank statement. Fix this or I am posting on twitter.,rfnd of rs 1799 initiated to source ~Sneha
TK-246639,2025-11,A3037,Manish Iyer,Returns Desk,GW-OTHER,1799.0,,,policy S5: GW-OTHER refund above the Rs 500 goodwill cap,1,helpdesk,VR901899,VA-EB-AIR,"dear sir/madam,

i am writing with reference to my order of airlite earbuds (vr901899) placed on 10/10. the return was accepted but the amount is nowhere in my account. i have emailed twice. i request you to process a refud to my origginal payment method.

yours faithfully,
thomas mehta
raipur","rfnd approved, rs 1799, 5-7 working days. issue: rfnd not credited. chk rfnd status on pg. ~Manish"
TK-246696,2025-11,A3030,Aishwarya Trivedi,Logistics,GW-OTHER,1799.0,,,policy S5: GW-OTHER refund above the Rs 500 goodwill cap,1,helpdesk,VR889881,VA-EB-AIR,"hello ji
paacked the box a weeek ago and it's still here
kal se
anyone there","reverse pkp pending | checked pkp awb -> refund approved, rs 1799, 5-7 working days"
TK-246750,2025-11,A3012,Lakshmi Srivastava,Chat Frontline,GW-OTHER,1799.0,,,policy S5: GW-OTHER refund above the Rs 500 goodwill cap,1,helpdesk,VR881947,VA-EB-AIR,"dear sir/madam,

i am writing w/ reference to my order of airlite earbuds (vr881947) placed on 28/04. microphone is very low on the airlite earbuds. i have tried different apps. i request u to provide a resolution within 3 working days.

yours faithfully,
tanvi das","customer reached out - low mic pkp. checked mic permissions on phone. fw update adv. | credited full amount, new unit also going out tomorrow."
TK-248306,2025-12,A3026,Aadhya Deshpande,Voice Frontline,GW-OTHER,1799.0,,,policy S5: GW-OTHER refund above the Rs 500 goodwill cap,1,helpdesk,,VA-EB-AIR,[IVR transcript] sir ji battery life has dropped to almost nothing,"re: battery draining fast | checked usage pattern w/ cx -> rplc approved, reverse pickup arranged.
Payment reversed Rs 1799. New piece dispatched same day. //AAD"
TK-248575,2025-12,A3035,Dev Kulkarni,Billing,GW-OTHER,1799.0,,,policy S5: GW-OTHER refund above the Rs 500 goodwill cap,1,helpdesk,VR886265,VA-EB-AIR,"hii
payment was deducted but no order was created
airlite earbuds VR886265","Reported: failed ord affter payment. chk PG dashboard for txn. rfd approved, Rs 1799, 5-7 working days. Follow-up not required."
TK-249811,2026-02,A3027,Priya Agarwal,Logistics,GW-OTHER,1799.0,,,policy S5: GW-OTHER refund above the Rs 500 goodwill cap,1,helpdesk,VR881716,VA-EB-AIR,"helo
received damaged product
airlite VR881716","rplc dispatched. Issue: transit damage. Photos received, damage confirmed."
TK-249993,2026-02,A3031,Zaid Desai,Logistics,GW-OTHER,1799.0,,,policy S5: GW-OTHER refund above the Rs 500 goodwill cap,1,helpdesk,VR881008,VA-SW-FIT,"hi
return pickup has not happened
the fit band
urgent","full refund processed (1799)
Cx asked for replacement + refund, explained policy, refund only."
TK-250215,2026-02,A3032,Sneha Bansal,Billing,GW-OTHER,1799.0,,,policy S5: GW-OTHER refund above the Rs 500 goodwill cap,1,helpdesk,VR893474,VA-EB-AIR,"PRODUCT: THE AIRLITE BUDS
ORDER: VR893474
PURCHASED: FEBRUARY 23
ISSUE: UR AD SAID 20% OFF AND THE CART SAYS FULL PRICE
TRIED: TRIED IN CAPS
EXPECTED: REFUND",- ~Sneha
TK-250749,2026-03,A3016,Thomas Kumar,Email Frontline,GW-OTHER,1799.0,,,policy S5: GW-OTHER refund above the Rs 500 goodwill cap,1,helpdesk,VR893423,VA-EB-AIR,"charging case dead, tried 3 cables - waiting for your reply","Customer states case no LED / no charge. Asked cx to try different cable + adaptor. Refund approved, Rs 1799, 5-7 working days."
TK-251484,2026-03,A3033,Vikram Banerjee,Billing,GW-OTHER,1799.0,,,policy S5: GW-OTHER refund above the Rs 500 goodwill cap,1,helpdesk,VR907168,VA-EB-AIR,"the festive offer vanished when I clicked pay, VR907168, please help","1. promo code invalid
2. checked coupon validity
3. refunded rs 1799"
TK-251991,2026-04,A3030,Aishwarya Trivedi,Logistics,DOA-REPL,1799.0,flag_only,,policy S5: refund and replacement both issued (replacement_issued=Y),1,helpdesk,VR882201,VA-EB-AIR,"This is very disappointing. Bought airlite earbuds around 07-04-2026 from Amazon. order status stukc on shipped since 07-04-2026. I already checked the tracking page daily. I want a replacement or refund, nothing else.","Customer reached out - dlvry delayed. Raised ticket w/ crr partner. Re-shipped from warehouse. Credited full amount, new unit also going out tomorrow. //AIS"
TK-252207,2026-04,A3038,Ankit Dhillon,Returns Desk,GW-OTHER,1799.0,,,policy S5: GW-OTHER refund above the Rs 500 goodwill cap,1,helpdesk,VR909212,VA-EB-AIR,Honestly regretting this purchase. Ordered airlite earbuds a month ago. refund not received yet. I already checked bank. Fix this or I am posting on twitter.,"1. rfnd not credited
2. Checked rfnd status on PG
3. rfnd approved, Rs 1799, 5-7 working days"
TK-254317,2026-06,A3008,Meera Malhotra,Chat Frontline,GW-OTHER,1799.0,,,policy S5: GW-OTHER refund above the Rs 500 goodwill cap,1,helpdesk,VR892397,VA-EB-AIR,"hello ji
paiirng is not working
abhi tak kuch nahi hua
airlite vr892397
kinly do the needful","rfnd approved, Rs 1799, 5-7 working days. Issue: unable to pair w/ phone. Checked phone OS version. //MEE"
TK-254368,2026-06,A3003,Komal Singh,Chat Frontline,GW-OTHER,1799.0,,,policy S5: GW-OTHER refund above the Rs 500 goodwill cap,1,helpdesk,VR891238,VA-EB-AIR,"Hi there, I bought the AirLite buds on 15-11-2025.  Cancel order. I tried cancel button, greyed out. Nothing changed. I want my money back.","1. ord cancellation
2. Checked shipment status
3. rfnd approved, Rs 1799, 5-7 working days -KS"
TK-247642,2025-11,A3037,Manish Iyer,Returns Desk,GW-OTHER,1750.0,,,policy S5: GW-OTHER refund above the Rs 500 goodwill cap,1,helpdesk,VR882242,VA-EB-PL2,"helo
refund not received yet
urgent","1. rfnd pending
2. checked rfnd status on pg
3. rfnd conf credited ~Manish"
TK-250446,2026-02,A3032,Sneha Bansal,Billing,GW-OTHER,1750.0,,,policy S5: GW-OTHER refund above the Rs 500 goodwill cap,1,helpdesk,VR907792,VA-EB-PL2,[IVR transcript] hello ji money debited but order not showing itna paisa diya hai anyone there,"1. amount deducted without ord
2. confirmed with payment gateway
3. refunded rs 1750 ~Sneha"
TK-252181,2026-04,A3034,Tanvi Rathore,Billing,GW-OTHER,1750.0,,,policy S5: GW-OTHER refund above the Rs 500 goodwill cap,1,helpdesk,VR894566,VA-EB-PL2,"Dear Sir/Madam,

I am writing with reference to my order of my Pulse 2 (VR894566) placed on 09 Apr.  Double payment deducted. I have waited a week. I request you to process a refund to my original payment method.

Yours faithfully,
Simran Sandhu",sorted (sop 5.4)
TK-247025,2025-11,A3036,Ritika D'Souza,Returns Desk,GW-OTHER,1709.0,,,policy S5: GW-OTHER refund above the Rs 500 goodwill cap,1,helpdesk,VR904284,VA-EB-AIR,"box was crushed and the the AirLite buds is cracked
VR904284
how do i get this fixed?","Cx says damaaged in transit. Photos received, damage confirmed. rfnd of Rs 1709 initiated to source. Case closed with cx consent."
TK-247041,2025-11,A3028,Sameer Kapoor,Logistics,GW-OTHER,1709.0,,,policy S5: GW-OTHER refund above the Rs 500 goodwill cap,1,helpdesk,VR904284,VA-EB-AIR,"Dear Sir/Madam,

I am writing with reference to my order of AirLite (VR904284) placed on 05 Nov. Order not delivered, tracking not updating. I have checked with neighbours. I request you to kinly arrange a replacement.

Regards,
Kavya Sen
Thiruvananthapuram","cx states shipment not rcvd. conf address w/ cx. crr conf dlvry for 21 nov, cx informed.
refunded rs 1709 & also raised replacement, cx was very upset."
TK-247503,2025-11,A3013,Rohit Nair,Chat Frontline,GW-OTHER,1709.0,,,policy S5: GW-OTHER refund above the Rs 500 goodwill cap,1,helpdesk,VR904042,VA-EB-AIR,Veyr por quality. Got the AiLrite buds from vireo.in around Diwali. I was charged twice for one order. I already waited a week. Escalate this to someone senior,duplicate refunded to source. issue: charged twice. checked pg for duplicate txn. ~Rohit
TK-248322,2025-12,A3033,Vikram Banerjee,Billing,GW-OTHER,1709.0,,,policy S5: GW-OTHER refund above the Rs 500 goodwill cap,1,helpdesk,VR895706,VA-EB-AIR,"To the Vireo Customer Care Team,

I am writing with reference to my order of airlite earbuds placed on December 08. Coupon code not working. I have tried in caps. I request you to provide a resolution within 3 working days.

Sincerely,
Zoya Pillai
Noida","1. promo code invalid
2. checked cart eligibility
3. rfnd approved, rs 1709, 5-7 working days"
TK-248345,2025-12,A3009,Sukhwinder Singh,Chat Frontline,GW-OTHER,1709.0,,,policy S5: GW-OTHER refund above the Rs 500 goodwill cap,1,helpdesk,VR881714,VA-EB-AIR,"hi sir
my bank says rs 1799 went to you but your site sas i have no orders
last week se
urgent","cx reached out - payment debited, no ord. Checked PG dashboard for txn. xfer to Chat Frontline. Refunded Rs 1709. (SOP 3.1)"
TK-252235,2026-04,A3036,Ritika D'Souza,Returns Desk,GW-OTHER,1709.0,,,policy S5: GW-OTHER refund above the Rs 500 goodwill cap,1,helpdesk,VR909095,VA-EB-AIR,[IVR transcript] pickup scheduled but no one showed up,resolved on call (SOP 2.7)
TK-253727,2026-06,A3034,Tanvi Rathore,Billing,GW-OTHER,1709.0,,,policy S5: GW-OTHER refund above the Rs 500 goodwill cap,1,helpdesk,VR885553,VA-EB-AIR,"dear sir/madam,

i am writing with reference to my order of the airlite buds placed on 30-05-2026. i was charged twice for one order. i have checked with bank. i request you to kindly arrange a replacement.

sincerely,
simran shah
raipur",-
TK-246071,2025-10,A3036,Ritika D'Souza,Returns Desk,GW-OTHER,1699.0,,,policy S5: GW-OTHER refund above the Rs 500 goodwill cap,1,helpdesk,VR880408,VA-SW-FIT,"Hey, This is regarding Nexa Fit. There's a dent on teh case straight out of the box. I took photos. Thsi is very disappointing. Please help. Thanks & regards Simrna Das","Cx reported transit damage. Phhotos received, damage conf. Refunded Rs 1699. Case closed w/ cx consent."
TK-248605,2025-12,A3035,Dev Kulkarni,Billing,GW-OTHER,1699.0,,,policy S5: GW-OTHER refund above the Rs 500 goodwill cap,1,helpdesk,VR901391,VA-SW-FIT,Not what I expected from Vireo. Buoght my Neax Fit band around 20 Dec from vireo.in. payment was deducted but no order was created. I already waited 24 hours. This is the last time I buy frmo you.,"1. Payment debited, no ord
2. chk PG dashboard for txn
3. Refunded Rs 1699"
TK-249009,2026-01,A3036,Ritika D'Souza,Returns Desk,GW-OTHER,1699.0,,,policy S5: GW-OTHER refund above the Rs 500 goodwill cap,1,helpdesk,VR896915,VA-SW-FIT,"hello
you picked up the item 4 days ago and my money hasn't come back","1. rfnd delay
2. Checked rfnd status on PG
3. Ful rfnd processde (1699) -- Cx asked for replacement + refund, explained policy, refund only."
TK-249324,2026-01,A3021,Meera Mathew,Email Frontline,GW-OTHER,1699.0,,,policy S5: GW-OTHER refund above the Rs 500 goodwill cap,1,helpdesk,VR903336,VA-SW-FIT,"helo
cannot pair nexa fit with my laptop
nexa fit","cx: pairing failure | asked cx to reset the device -> re-pair successful, rslvd on chat | xfer email frontline. Processed FR & raised RMA for new set. ~Meera"
TK-249725,2026-02,A3030,Aishwarya Trivedi,Logistics,GW-OTHER,1699.0,,,policy S5: GW-OTHER refund above the Rs 500 goodwill cap,1,helpdesk,VR894670,VA-SW-FIT,"Namaste, Ordered my Nexa Fit band a month ago. Package not delivered eevn after 10 days. Can someone fix this?","Cx reported ord not delivered. Checked AWB with courier. Refund initiated as lost in transit. | Refunded Rs 1699 and also raised replacement, cx was very upset. //AIS"
TK-245716,2025-10,A3032,Sneha Bansal,Billing,GW-OTHER,1662.0,,,policy S5: GW-OTHER refund above the Rs 500 goodwill cap,1,helpdesk,,VA-EB-PL2,"Hi Vireo support, I bought the Pulse 2 earbuds on 26 Sep. The return was accepted but the amount is nowhere in my account. I checked bank. What do I do now?","1. rfnd not credited
2. checked rfnd status on pg
3. full rfnd processed (1662) refunded. replacement request rejected as per policy. ~Sneha"
TK-248569,2025-12,A3038,Ankit Dhillon,Returns Desk,GW-OTHER,1662.0,,,policy S5: GW-OTHER refund above the Rs 500 goodwill cap,1,helpdesk,VR908521,VA-EB-PL2,Really frustrating. This is regrading Pulse 2. still waiting for my refund. I already checked bank. Escalate this to someone senior,"1. Refund not credited
2. chk refund status on PG
3. Refund approved, Rs 1662, 5-7 working days"
TK-253348,2026-05,A3028,Sameer Kapoor,Logistics,GW-OTHER,1662.0,,,policy S5: GW-OTHER refund above the Rs 500 goodwill cap,1,helpdesk,VR893549,VA-EB-PL2,only one side plays sound,re: no audio one side | chk balance settings w/ cx -> rfnd of rs 1662 initiated to source | xfer logistics
TK-240737,2025-02,A3035,Dev Kulkarni,Billing,GW-OTHER,1619.0,,,policy S5: GW-OTHER refund above the Rs 500 goodwill cap,1,helpdesk,VR898774,VA-EB-AIR,"change of mind, pls stop the shipment - vr898774 - i want my money back","cx states cancellation request. chk shipment status. rfnd approved, Rs 1619, 5-7 working days. Will monitor."
TK-245553,2025-10,A3026,Aadhya Deshpande,Voice Frontline,GW-OTHER,1619.0,,,policy S5: GW-OTHER refund above the Rs 500 goodwill cap,1,helpdesk,VR894245,VA-EB-AIR,"hi sir
my son ordered this without asking, please reverse
kindly do the needful","re: cancel ord | chk shipment status -> rfnd approved, rs 1619, 5-7 working days //AAD"
TK-247933,2025-12,A3026,Aadhya Deshpande,Voice Frontline,WTY-BUYBACK,1619.0,flag_only,,policy S5: refund and replacement both issued (replacement_issued=Y),1,helpdesk,VR890543,VA-EB-AIR,[IVR transcript] a hiss that wasn't there when i bouught it. vr890543,"cx: crackling/distortion | asked for a recording -> adv eq reset, rslvd. Sent a new unit & released the money as well, cx was in tears on call. //AAD"
TK-240328,2025-01,A3022,Daniel Arora,Email Frontline,GW-OTHER,1599.0,,,policy S5: GW-OTHER refund above the Rs 500 goodwill cap,1,helpdesk,VR904257,VA-SW-FIT,"Hi Vireo support, Got the fit band frmo Amazon 3 weeks back. Where is the money for the return. Please resolve asap.","1. rfnd delay
2. Checked reverse pickup QC status
3. xfer to Email Frontline
4. rfnd approved, Rs 1599, 5-7 working days. Replacement was offered earlier by chat team, cx opted for rfnd."
TK-245535,2025-10,A3039,Reyansh Mishra,Escalations & Warranty,GW-OTHER,1599.0,,,policy S5: GW-OTHER refund above the Rs 500 goodwill cap,1,helpdesk,VR900623,VA-SW-FIT,"Hi Vireo support, Ordered teh fit band in August.  Strap material peeling like an old sticker. I want a replacement","1. strap pin issue
2. asked for photo
3. full refund processed (1599) ~Reyansh"
TK-247354,2025-11,A3018,Krishna Bhatt,Email Frontline,GW-OTHER,1599.0,,,policy S5: GW-OTHER refund above the Rs 500 goodwill cap,1,helpdesk,VR891218,VA-SW-FIT,"Dear Sir/Madam,

I am writing w/ reference to my order of my Nexa Fit band placed on 09/11. Cancel order. I have tried cancel button, greyed out. I request you to kindly arrange a replacement.

Yours faithfully,
Arjun Nair",re: order cancellation | checked shipment status -> full refund processed (1599) ~Krishna
TK-252634,2026-05,A3006,Varun Bhatt,Chat Frontline,GW-OTHER,1599.0,,,policy S5: GW-OTHER refund above the Rs 500 goodwill cap,1,helpdesk,VR898161,VA-SW-FIT,"Product: the fit band
Order: VR898161
Purchased: 29 Apr
Issue: cancel order VR898161
Tried: tried cancel button, greyed out
Expected: replacement","1. cancellation request
2. checked shipment status
3. full refund processed (1599) -VB"
TK-245792,2025-10,A3035,Dev Kulkarni,Billing,GW-OTHER,1574.0,,,policy S5: GW-OTHER refund above the Rs 500 goodwill cap,1,helpdesk,VR895460,VA-EB-PL2,"dear team, bought pulse 2 buds around 14/10 fom vireo.in. coupon code not working. i tried in caps. nothing changed. what do i do now? thanks in advance sunita verma",Reported: pomo code invalid. chk coupon validity. Refunded Rs 1574. Cx satissfied on chat.
TK-252636,2026-05,A3018,Krishna Bhatt,Email Frontline,GW-OTHER,1574.0,,,policy S5: GW-OTHER refund above the Rs 500 goodwill cap,1,helpdesk,VR894422,VA-EB-PL2,"hii
money debited but order not showing","payment debited, no order | checked pg dashboard for txn -> refund of rs 1574 initiated to source | xfer email frontline ~Krishna"
TK-245697,2025-10,A3030,Aishwarya Trivedi,Logistics,GW-OTHER,1529.0,,,policy S5: GW-OTHER refund above the Rs 500 goodwill cap,1,helpdesk,VR896105,VA-EB-AIR,"Product: airlite earbuds
Order: VR896105
Purchased: 11-10-2025
Issue: screen has a crack before I even switched it on
Tried: took photos
Expected: replacement","1. Transit damage
2. chk with courier for damage claim
3. Refunded Rs 1529 //AIS"
TK-246987,2025-11,A3018,Krishna Bhatt,Email Frontline,GW-OTHER,1529.0,,,policy S5: GW-OTHER refund above the Rs 500 goodwill cap,1,helpdesk,VR898250,VA-EB-AIR,"Product: airlite earbuds
Order: VR898250
Purchased: 30/10
Issue: please cancel, ordered by mistake
Tried: tried cancel button, greyed out
Expected: refund","re: cancellation request | checked shipment status -> refund approved, rs 1529, 5-7 working days ~Krishna"
TK-253498,2026-05,A3035,Dev Kulkarni,Billing,GW-OTHER,1529.0,,,policy S5: GW-OTHER refund above the Rs 500 goodwill cap,1,helpdesk,VR893459,VA-EB-AIR,"Dear team, Ordered AirLite last month. Discount was not applied at checkout. I tried on app & website. Please resolve asap. Thanks Riya Jain",re: promo code invalid | chk coupon validity -> refunded rs 1529
TK-254270,2026-06,A3037,Manish Iyer,Returns Desk,GW-OTHER,1529.0,,,policy S5: GW-OTHER refund above the Rs 500 goodwill cap,1,helpdesk,VR896029,VA-EB-AIR,"i have been a loyal customer & this is how you treat me. airlite purchased in may, order vr896029. nobody came for the pickup. i already called courier. fix this or i am posting on twitter.",refunded rs 1529. issue: pickup missed. checked pickup awb. ~Manish
TK-248794,2026-01,A3037,Manish Iyer,Returns Desk,GW-OTHER,1499.0,,,policy S5: GW-OTHER refund above the Rs 500 goodwill cap,1,helpdesk,VR905052,VA-AC-CH65,"Product: your charger
Order: VR905052
Purchased: 05 Dec
Issue: return pickup has not happened
Tried: rescheduled pickup twice
Expected: fix","refunded rs 1499. issue: pickup not done. re-raised pickup with courier. | replacement was offered earlier by chat team, cx opted for refund. ~Manish"
TK-252537,2026-04,A3026,Aadhya Deshpande,Voice Frontline,GW-OTHER,1499.0,,,policy S5: GW-OTHER refund above the Rs 500 goodwill cap,1,helpdesk,VR897981,VA-AC-CH65,"[IVR transcript] hello, bought your charger around 26-04-2026 from amazon. payment went through but i got no order id. i waited 24 hours. nothing changed. not acceptable at this price. please call me on my registered number.","payment debited, no ord | chk pg dashboard for txn -> rfnd approved, rs 1499, 5-7 working days //AAD"
TK-252601,2026-04,A3038,Ankit Dhillon,Returns Desk,GW-OTHER,1499.0,,,policy S5: GW-OTHER refund above the Rs 500 goodwill cap,1,helpdesk,VR908103,VA-AC-CH65,"hello ji
return pickup has not happened
please jaldi
your charger vr908103
anyone there","1. Reverse pkp pending
2. chk pkp AWB
3. Refund processed without pkp as goodwill. | Full refund issued and replacement dispatched as goodwill."
TK-254168,2026-06,A3029,Rajat Mukherjee,Logistics,GW-OTHER,1499.0,,,policy S5: GW-OTHER refund above the Rs 500 goodwill cap,1,helpdesk,VR900496,VA-AC-CH65,"Namaste, Order VR900496 (the GaN charger). My order has not been delivered yet. Please call me on my registered number.","courier confirmed delivery for 25 jun, cx informed. issue: shipment not received. confirmed address with cx. cx got the amount back, also sending a new set to keep him happy. -RM"
TK-245136,2025-09,A3036,Ritika D'Souza,Returns Desk,GW-OTHER,1487.0,,,policy S5: GW-OTHER refund above the Rs 500 goodwill cap,1,helpdesk,VR880579,VA-EB-PL2,Honestly regretting this purchase. I bougt my Pulse 2 on 16-09-2025. nobody came for the pickup. I aready called courier. Refund. Now.,"Cust contacted re pickup missed. Checked pickup AWB. Refund approved, Rs 1487, 5-7 worikng days. Closing. (SOP 5.4)"
TK-247959,2025-12,A3034,Tanvi Rathore,Billing,GW-OTHER,1487.0,,,policy S5: GW-OTHER refund above the Rs 500 goodwill cap,1,helpdesk,,VA-EB-PL2,[IVR transcript] HELLO JI PAYMENT WENT THROUGH BUT I GOT NO ORDER ID ABHI TAK KUCH NAHI HUA ??,closed (sop 5.4)
TK-251523,2026-03,A3035,Dev Kulkarni,Billing,GW-OTHER,1487.0,,,policy S5: GW-OTHER refund above the Rs 500 goodwill cap,1,helpdesk,,VA-EB-PL2,"helo
two entries of rs 6499 on my statement for one pair of earbuds","cx states charged twice. conf UTRs. rfnd approved, Rs 1487, 5-7 workking days. Closing."
TK-252004,2026-04,A3037,Manish Iyer,Returns Desk,GW-OTHER,1487.0,,,policy S5: GW-OTHER refund above the Rs 500 goodwill cap,1,helpdesk,VR898379,VA-EB-PL2,"Dear Sir/Madam,

I am writing with reference to my order of pulse 2 buds placed on 05/04. The return was accepted but the amount is nowhere in my account. I have checked bank. I request you to look into this matter at the earliest.

Sincerely,
Ayaan Khnana
Delhi",refund of rs 1487 initiated to source. issue: refund pending. chk refund status on pg. ~Manish
TK-252346,2026-04,A3036,Ritika D'Souza,Returns Desk,GW-OTHER,1487.0,,,policy S5: GW-OTHER refund above the Rs 500 goodwill cap,1,helpdesk,VR885623,VA-EB-PL2,"I bought Pulse 2 on April 17. Where is the money for the return.
Pleease help.
Please revert,","Cx reported refund pending. Cheked refund statsu on PG. Refund approved, Rs 1487, 5-7 working days. Case closed with cx consent. (SOP 3.1)"
TK-247472,2025-11,A3034,Tanvi Rathore,Billing,GW-OTHER,1439.0,,,policy S5: GW-OTHER refund above the Rs 500 goodwill cap,1,helpdesk,VR886440,VA-EB-AIR,payment went through but I got no order id,sorted
TK-248481,2025-12,A3036,Ritika D'Souza,Returns Desk,GW-OTHER,1439.0,,,policy S5: GW-OTHER refund above the Rs 500 goodwill cap,1,helpdesk,VR899445,VA-EB-AIR,"product arrived damaged, VR899445",Contact re damaged in transit. Checked with crr for damage claim. rfnd of Rs 1439 initiated to source. Cx informed. (SOP 4.2)
TK-251738,2026-04,A3026,Aadhya Deshpande,Voice Frontline,GW-OTHER,1439.0,,,policy S5: GW-OTHER refund above the Rs 500 goodwill cap,1,helpdesk,VR900294,VA-EB-AIR,"[IVR transcript] HI TEAM, THIS IS REGARDING AIRLITE EARBUDS.  Discount was not applied at checkout. I tried on app and website. Nothing changed. Need this sorted this week. Please revert",re: discount not applied | chk cart eligibility -> full refund processed (1439)
TK-245664,2025-10,A3035,Dev Kulkarni,Billing,GW-OTHER,1424.0,,,policy S5: GW-OTHER refund above the Rs 500 goodwill cap,1,helpdesk,VR886088,VA-AC-CH65,"hi
u picked up the item 19 days ago & my money hasn't come back",cx reached out - rfnd delay. chk reverse pickup QC status. rfnd of Rs 1424 initiated to source. Closing.
TK-246242,2025-10,A3009,Sukhwinder Singh,Chat Frontline,GW-OTHER,1400.0,,,policy S5: GW-OTHER refund above the Rs 500 goodwill cap,1,helpdesk,VR883637,VA-HP-ST3,"please cancel, ordered by mistake, VR883637","Customer reached out - cancel ord. chk shipment status. rfnd approved, Rs 1400, 5-7 working days. (SOP 4.2) //SUK"
TK-246431,2025-10,A3018,Krishna Bhatt,Email Frontline,GW-OTHER,1400.0,,,policy S5: GW-OTHER refund above the Rs 500 goodwill cap,1,helpdesk,VR887925,VA-EB-PL2,"Product: Pulse2
Order: VR887925
Purchased: 20/10
Issue: discount was not applied at checkout
Tried: tried in caps
Expected: callback","cx: coupon not applied | checked coupon validity -> refund approved, rs 1400, 5-7 working days ~Krishna"
TK-249291,2026-01,A3016,Thomas Kumar,Email Frontline,GW-OTHER,1400.0,,,policy S5: GW-OTHER refund above the Rs 500 goodwill cap,1,helpdesk,VR900355,VA-EB-PL2,Pathetic experience honestly. Bouught the Pulse 2 earbuds around 27/12 from vireo.in. the left one stpoped charging since last week. I alerady tried a different cable. Fix this or I am posting on twitter.,re: left bud not charging | tested w/ cx on call -> rfnd of rs 1400 initiated to source (SOP 3.1) -TK
TK-252644,2026-05,A3020,Aadhya Singh,Email Frontline,GW-OTHER,1400.0,,,policy S5: GW-OTHER refund above the Rs 500 goodwill cap,1,helpdesk,,VA-EB-PL2,"helo
where is the money for the return
my pulse 2
anyone there",contact re rfnd not credited. checked reverse pkp qc status. xfer to email frontline. rfnd of rs 1400 initiated to source.
TK-243834,2025-08,A3035,Dev Kulkarni,Billing,GW-OTHER,1299.0,,,policy S5: GW-OTHER refund above the Rs 500 goodwill cap,1,helpdesk,VR898094,VA-AC-CASE,"honestly regretting this purchase. i bought replacement case on 17 may. paid once, statement disagrees. i already checked with bank. refund. now.",cx: doulbe charge | conf utrs -> refund of rs 1299 initiated to source
TK-245319,2025-09,A3031,Zaid Desai,Logistics,GW-OTHER,1299.0,,,policy S5: GW-OTHER refund above the Rs 500 goodwill cap,1,helpdesk,VR899800,VA-NB-ARC,Not acceptable at this price. Bought Arc neckband around September 20 from vireo.in. I ordered Arc neckband and got something else. I already rechecked my order. This is the lat time I buy from you.,Replacement dispatched. Issue: incorrect product shipped. Verified order vs delivered item photos. Refund issued; replacement not applicable (out of stock).
TK-245875,2025-10,A3032,Sneha Bansal,Billing,GW-OTHER,1299.0,,,policy S5: GW-OTHER refund above the Rs 500 goodwill cap,1,helpdesk,VR900676,VA-NB-ARC,"to the vireo customer care team,

i am writing with reference to my order of arc neckband (vr900676) placed on 08 oct. paid once, statement disagrees. i have checked with bank. i request you to process a refund to my original payment method.

regards,
mohammed jain
coimbatore","1. charged twice
2. conf utrs
3. refund of rs 1299 initiated to source"
TK-248916,2026-01,A3018,Krishna Bhatt,Email Frontline,GW-OTHER,1299.0,,,policy S5: GW-OTHER refund above the Rs 500 goodwill cap,1,helpdesk,VR883208,VA-AC-CASE,"To the Vireo Customer Care Team,

I am writing with reference to my order of spare case placed on 04-01-2026. Want to cancel my order. I have tried cancel button, greyed out. I request you to look into this matter at the earliest.

Sincerely,
Om Gupta",cancel order | checked shipmnt status -> refund of rs 1299 initiated to source
TK-250626,2026-02,A3033,Vikram Banerjee,Billing,GW-OTHER,1299.0,,,policy S5: GW-OTHER refund above the Rs 500 goodwill cap,1,helpdesk,VR906022,VA-AC-CASE,"refund not recieved yet, VR906022, need this sorted this week","1. refund not credited
2. checked refund status on pg
3. full refund processed (1299)"
TK-251319,2026-03,A3024,Amit Deshpande,Voice Frontline,WTY-BUYBACK,1299.0,flag_only,,policy S5: refund and replacement both issued (replacement_issued=Y),1,helpdesk,VR883631,VA-NB-ARC,[IVR transcript] i have ben a loyal customer and this is how you treat me. ordered my arc recently. sttaic noise when plaing music. i already changed eq. this is the last tiem i buy from you.,"Customer reached out - crackling/distortion. Checked w/ different source. adv EQ reset, rslvd. Case closed w/ cx consent.
Amount returned to card; fresh unit shipped from BLR warehouse. ~Amit"
TK-251571,2026-03,A3017,Kabir Singh,Email Frontline,WTY-BUYBACK,1299.0,flag_only,,policy S5: refund and replacement both issued (replacement_issued=Y),1,helpdesk,VR908339,VA-NB-ARC,"HI THERE, THIS IS REGARDING ARC NECKBAND. Microphone is very low on the Arc neckband. Can someone fix this? Thanks & regards Om",rplc raised. issue: low mic pkp. tested on call w/ cx. via email frontline. full rfnd issued & rplc dispatched as goodwill. -KS
TK-252357,2026-04,A3035,Dev Kulkarni,Billing,GW-OTHER,1299.0,,,policy S5: GW-OTHER refund above the Rs 500 goodwill cap,1,helpdesk,VR894049,VA-NB-ARC,"Dear Sir/Madam,

I am writing wih reference to my order of my Arc placed on 29 Mar. Refuund not reeived yet. I have checked bank. I request you to process a refund to my original pyment method.

Regards,
Komal Malhotra
Vadodara",Cx says rfnd delay. chk reverse pickup QC status. rfnd of Rs 1299 initiated to source. Will monitor. Payment reversed Rs 1299. New piece dispatched same day.
TK-253558,2026-05,A3036,Ritika D'Souza,Returns Desk,GW-OTHER,1299.0,,,policy S5: GW-OTHER refund above the Rs 500 goodwill cap,1,helpdesk,VR895599,VA-AC-CASE,[IVR transcript] hii i ordered spare case and got something else ??,Customer reached out - wrong variant rcvd. Raised with warehouse. Refund of Rs 1299 initiated to source. Closing. (SOP 3.1)
TK-254296,2026-06,A3038,Ankit Dhillon,Returns Desk,GW-OTHER,1299.0,,,policy S5: GW-OTHER refund above the Rs 500 goodwill cap,1,helpdesk,VR899332,VA-AC-CASE,"hi, ordered the charging case i ordered in june. refund was promised 7 days ago and nothing. can someone fix this? please revert, komal agarwal","1. Refund delay
2. Checked reverse pickup QC status
3. Refund approved, Rs 1299, 5-7 working days"
TK-250428,2026-02,A3030,Aishwarya Trivedi,Logistics,GW-OTHER,1274.0,,,policy S5: GW-OTHER refund above the Rs 500 goodwill cap,1,helpdesk,VR887572,VA-AC-CH65,"paid on 18/02, still waiting for something to show up - VR887572 - waiting for your reply","Customer reached out - shipment not received. Checked AWB with courier. RTO confirmed, reshipped. rfnd processed to source; replacement unit also shipped. //AIS"
TK-253397,2026-05,A3037,Manish Iyer,Returns Desk,GW-OTHER,1274.0,,,policy S5: GW-OTHER refund above the Rs 500 goodwill cap,1,helpdesk,VR882458,VA-AC-CH65,"hii
refund was promised 6 days ago and nothing
your charger
hello??","rfnd approved, rs 1274, 5-7 working days. issue: rfnd not credited. chk reverse pkp qc status.
replacement declined by cx, rfnd issued instead. ~Manish"
TK-252328,2026-04,A3026,Aadhya Deshpande,Voice Frontline,GW-OTHER,1260.0,,,policy S5: GW-OTHER refund above the Rs 500 goodwill cap,1,helpdesk,VR892951,VA-HP-ST3,"[IVR transcript] buzzing sound from the speaker, VR892951, what do i do now?","FW update, cx to monitor. Issue: crackling/distortion. Asked for a recording. //AAD"
TK-246059,2025-10,A3011,Rohit Gill,Chat Frontline,GW-OTHER,1250.0,,,policy S5: GW-OTHER refund above the Rs 500 goodwill cap,1,helpdesk,VR905258,VA-EB-PL1,"hello ji
change of mind, please stop the sihpment
kuch karo
pule earbuds","Cancelled, rfnd initiated. Issue: cancel ord. Canclled before dispatch."
TK-249833,2026-02,A3030,Aishwarya Trivedi,Logistics,GW-OTHER,1250.0,,,policy S5: GW-OTHER refund above the Rs 500 goodwill cap,1,helpdesk,VR893934,VA-EB-PL1,"Hi, pulse 1 purchased 10 days ago, order VR893934. The app said pickup today, that was on 27-01-2026. I called courier. Nothing changed. PLEASE HELP.",Contact re reverse pkp pending. Checked pkp AWB. Refund of Rs 1250 initiated to source. //AIS
TK-252087,2026-04,A3031,Zaid Desai,Logistics,GW-OTHER,1250.0,,,policy S5: GW-OTHER refund above the Rs 500 goodwill cap,1,helpdesk,VR908932,VA-SP-MINI,"hi sir
money debited but order not showing
please help karo
orbit mini
urgent",Customer reached out - failed order after payment. Confirmed with payment gateway. Transferred to Logistics. Auto-refund confirmed within 5-7 days.
TK-245260,2025-09,A3002,Steven Ansari,Chat Frontline,GW-OTHER,1234.0,,,policy S5: GW-OTHER refund above the Rs 500 goodwill cap,1,helpdesk,VR896980,VA-NB-ARC,"charging case dead, tried 3 cables",re: case no led / no charge | checked for lint in port -> full refund processed (1234) [closed]
TK-246559,2025-11,A3035,Dev Kulkarni,Billing,GW-OTHER,1199.0,,,policy S5: GW-OTHER refund above the Rs 500 goodwill cap,1,helpdesk,VR892038,VA-AC-CH65,"product: your charger
order: vr892038
purchased: 23/10
issue: i was charged twice for one order
tried: cecked with bank
expected: fix",Reported: charged twice. Checked PG for duplicate txn. Full rfnd processed (1199). Follow-up not required.
TK-247157,2025-11,A3030,Aishwarya Trivedi,Logistics,GW-OTHER,1199.0,,,policy S5: GW-OTHER refund above the Rs 500 goodwill cap,1,helpdesk,VR891741,VA-AC-CH65,"nobody came for the pickup, VR891741",cx reached out - pickup not done. Re-raised pickup w/ crr. Refund of Rs 1199 initiated to source.
TK-251408,2026-03,A3019,Kavya Agarwal,Email Frontline,GW-OTHER,1199.0,,,policy S5: GW-OTHER refund above the Rs 500 goodwill cap,1,helpdesk,VR892170,VA-AC-CH65,"Hi team, Ordered your charger 2 weeks ago. My bank says Rs 6499 went to you but your site says I have no orders. Can someone fix this? Thanks in advance Sai","re: payment debited, no ord | chk pg dashboard for txn -> auto-refund conf within 5-7 days"
TK-251438,2026-03,A3005,Payal Bhatia,Chat Frontline,GW-OTHER,1199.0,,,policy S5: GW-OTHER refund above the Rs 500 goodwill cap,1,helpdesk,VR892170,VA-AC-CH65,"Hi team,
Got 65W charger from Amazon 2 weeks ago. You picked up the item 12 days ago and my money hasn't come back.
Please call me on my registered number.
Thanks in advance",Cx says rfnd pending. Checked reverse pickup QC status. Transferred to Chat Frontline. Refunded Rs 1199.
TK-252934,2026-05,A3018,Krishna Bhatt,Email Frontline,GW-OTHER,1187.0,,,policy S5: GW-OTHER refund above the Rs 500 goodwill cap,1,helpdesk,VR896754,VA-EB-PL1,"hello
bluetooth keps cutting out
??",issue: bt dropouts | checked interference sources -> full refund processed (1187) Refund issued; replacement not applicable (out of stock). ~Krishna
TK-251494,2026-03,A3035,Dev Kulkarni,Billing,GW-OTHER,1170.0,,,policy S5: GW-OTHER refund above the Rs 500 goodwill cap,1,helpdesk,VR908532,VA-SW-NX2,"payment was deducted but no order was craeted
VR908532","cx states amount deducted without ord. chk PG dashboard for txn. rfnd approved, Rs 1170, 5-7 working days. Closing."
TK-252727,2026-05,A3043,Nikhil Gupta,Escalations & Warranty,GW-OTHER,1169.0,,,policy S5: GW-OTHER refund above the Rs 500 goodwill cap,1,helpdesk,VR893637,VA-NB-ARC,[IVR transcript] the pairing light blinks but nothing ever shows up on my Redmi - VR893637,resoled on cll. | Refunded. rplc request rejected as per policy. //NIK
TK-254495,2026-06,A3001,Suresh Kaur,Chat Frontline,GW-OTHER,1169.0,,,policy S5: GW-OTHER refund above the Rs 500 goodwill cap,1,helpdesk,VR896324,VA-AC-CASE,"sir ji
want to cancel my order
please jaldi
spare case
help",cx: ordre cancellation | checekd shipment status -> refund of rs 1169 initiated to source ~Suresh
TK-242534,2025-06,A3003,Komal Singh,Chat Frontline,WTY-BUYBACK,1104.0,flag_only,,policy S5: refund and replacement both issued (replacement_issued=Y),1,helpdesk,VR907976,VA-NB-ARC,"heello
no sound from the rigt earbud
the neckband VR907976","1. No audio one side
2. Walked through reset
3. Reset rslvd (SOP 3.1)
Refunded Rs 1104 and also raised rplc, cx was very upset. -KS"
TK-247468,2025-11,A3003,Komal Singh,Chat Frontline,GW-OTHER,1104.0,,,policy S5: GW-OTHER refund above the Rs 500 goodwill cap,1,helpdesk,VR888965,VA-AC-CASE,"honestly regretting this purchase. i bouught the charging case i ordered on 25/11. cancel ordr vr888965. i already tried cancel button, greyed out. this is the last time i buy from you.",Cust contacted re cancellation request. Cancelled before dispatch. Refunded Rs 1104. Follow-up not required. (SOP 5.4) -KS
TK-247828,2025-12,A3026,Aadhya Deshpande,Voice Frontline,GW-OTHER,1104.0,,,policy S5: GW-OTHER refund above the Rs 500 goodwill cap,1,helpdesk,VR902893,VA-NB-ARC,pathetic experience honestly. ordered arc neckband last month. only one side plays sound. i already reset the buds. escalate this to someone senior.,closed //AAD
TK-248418,2025-12,A3037,Manish Iyer,Returns Desk,GW-OTHER,1104.0,,,policy S5: GW-OTHER refund above the Rs 500 goodwill cap,1,helpdesk,VR909585,VA-AC-CASE,"hi team,
ordered replacement case a month ago. i have been sitting at home for 3 days waiting for your courier.
i rescheduled pickup twice. nothing changed.
i want a replacement.","full rfnd processed (1104). issue: pickup not done. chk pickup awb. | replacement was offered earlier by chat team, cx opted for refund. ~Manish"
TK-249217,2026-01,A3035,Dev Kulkarni,Billing,GW-OTHER,1104.0,,,policy S5: GW-OTHER refund above the Rs 500 goodwill cap,1,helpdesk,VR901137,VA-AC-CASE,"not acceptable at this price. spare case purchased 10 days ago, order vr901137. where is the money for the return. i already emailed twice. refund. now.","Cust contacted re rnfd pending. chk rnd status on PG. rfnd approved, Rs 1104, 5-7 working days. Follow-up not required."
TK-253335,2026-05,A3036,Ritika D'Souza,Returns Desk,GW-OTHER,1104.0,,,policy S5: GW-OTHER refund above the Rs 500 goodwill cap,1,helpdesk,VR884096,VA-AC-CASE,"hi sir
refund was promised 18 days ago and nothing
abhi tak kuch nahi hua
help",Customer reached out - refund not credited. Checked reverse pkp QC status. Refunded Rs 1104. Closing. -- Refunded. Replacement request rejected as per policy.
TK-253623,2026-06,A3036,Ritika D'Souza,Returns Desk,GW-OTHER,1104.0,,,policy S5: GW-OTHER refund above the Rs 500 goodwill cap,1,helpdesk,VR881155,VA-AC-CASE,"Namaste,
Got the charging case I odrered from vireo.in around Diwali. Refund was promised 17 days ago and nothing.
I checked bank.
Not acceptable at this price.
I want a replacement.
Please revert,","Reported: refund pending. chk reverse pickup QC status. Refund approved, Rs 1104, 5-7 working days. Wlil monitor. (SOP 2.7)"
TK-244176,2025-08,A3037,Manish Iyer,Returns Desk,RETURN-QC-OK,1080.0,flag_only,,policy S5: refund and replacement both issued (replacement_issued=Y),1,helpdesk,VR887628,VA-SP-ORB,"hii
got a different colour than ordered
my orbit
urgent",full rfnd processed (1080). issue: incorrect product shipped. verified order vs delivered item photos.
TK-252335,2026-04,A3037,Manish Iyer,Returns Desk,GW-OTHER,1050.0,,,policy S5: GW-OTHER refund above the Rs 500 goodwill cap,1,helpdesk,VR884880,VA-EB-PL2,"hi
refund not received yet
pulse2",arn shared with cx. issue: refund delay. chk reverse pickup qc status.
TK-253563,2026-05,A3028,Sameer Kapoor,Logistics,GW-OTHER,1040.0,,,policy S5: GW-OTHER refund above the Rs 500 goodwill cap,1,helpdesk,VR905875,VA-SW-NX2,"Product: my Nexa 2 wathc
Order: VR905875
Purchased: 22/05
Issue: the courier mraked it delivered but nobody in my house got anything
Tried: checked the tracking page dily
Expected: callback",cust contacted re ord not delivered. chk awb w/ crr. refunded rs 1040.
TK-245209,2025-09,A3035,Dev Kulkarni,Billing,GW-OTHER,1039.0,,,policy S5: GW-OTHER refund above the Rs 500 goodwill cap,1,helpdesk,VR905628,VA-AC-CASE,"[IVR transcript] namaste, ordered the charging case i ordered 2 weeks ago. discount was not applied at checkout. i want a replacement.",cx reacehd out - coupon not applied. Checked coupon validity. Refudned Rs 1039. Cx informed.
TK-246408,2025-10,A3038,Ankit Dhillon,Returns Desk,GW-OTHER,1039.0,,,policy S5: GW-OTHER refund above the Rs 500 goodwill cap,1,helpdesk,VR889756,VA-NB-ARC,"Product: Arc neckband
Purchased: October 07
Issue: u picked up the item 8 days ago and my money hasn't come back
Tried: checked bank
Expected: resolution","1. rfnd delay
2. chk reverse pickup QC status
3. Full rfnd processed (1039)"
TK-254289,2026-06,A3028,Sameer Kapoor,Logistics,GW-OTHER,1039.0,,,policy S5: GW-OTHER refund above the Rs 500 goodwill cap,1,helpdesk,VR909863,VA-AC-CASE,"there's a dent on the case straight out of the box
VR909863",contact re transit damage. chk w/ crr for damage claim. reverse pkp arranged. -- money back to source & a fresh pair shipped.
TK-247523,2025-11,A3029,Rajat Mukherjee,Logistics,GW-OTHER,1000.0,,,policy S5: GW-OTHER refund above the Rs 500 goodwill cap,1,helpdesk,VR881083,VA-EB-PL1,received dmaaged product. i want a replacement,"refunded rs 1000. issue: damaged in transit. photos received, damage confirmed. -- refunded. replacement request rejected as per policy. -RM"
TK-248991,2026-01,A3034,Tanvi Rathore,Billing,GW-OTHER,1000.0,,,policy S5: GW-OTHER refund above the Rs 500 goodwill cap,1,helpdesk,VR902991,VA-SP-MINI,"hey
card charged two times
??",closed (sop 2.7)
TK-251865,2026-04,A3041,Mohammed Mehta,Escalations & Warranty,GW-OTHER,1000.0,,,policy S5: GW-OTHER refund above the Rs 500 goodwill cap,1,helpdesk,VR904921,VA-SW-NX1,Pathetic expperience honestly. Bought Nexa wath around 25-04-2025 from Flipkart. the band snapped while I was putting it on this morning. I already tried to fix pin. This is the last time I buy from you.,"1. Strap damage
2. Checked wty eligibility
3. Refunded Rs 1000"
TK-254056,2026-06,A3035,Dev Kulkarni,Billing,GW-OTHER,1000.0,,,policy S5: GW-OTHER refund above the Rs 500 goodwill cap,1,helpdesk,VR887232,VA-HP-ST2,money debited but order not showing,"Ticket raiesd for faield ord after payment. chk PG dashboard for txn. rfnd approved, Rs 1000, 5-7 working days. Case closed w/ cx consent."
TK-254499,2026-06,A3016,Thomas Kumar,Email Frontline,GW-OTHER,1000.0,,,policy S5: GW-OTHER refund above the Rs 500 goodwill cap,1,helpdesk,VR901408,VA-SW-FIT,Not acceptable at this price.  I bought Nexa Fit on 23-06-2026. money debited but order not showing. I already waited 24 hours. Fix this or I am posting on twitter.,"Reported: payment debited, no order. Asked for UTR. xfer to Email Frontline. Order manually created."
TK-247584,2025-11,A3035,Dev Kulkarni,Billing,GW-OTHER,975.0,,,policy S5: GW-OTHER refund above the Rs 500 goodwill cap,1,helpdesk,VR895455,VA-SW-NX2,"hi,
got the nexa 2 from vireo.in 10 days ago. paid once, statement disagrees.
i waited a week. nothing changed.
what do i do now?
please revert",Cust contacted re charged twice. conf UTRs. Full rfnd processed (975). Case closed w/ cx consent.
TK-249033,2026-01,A3036,Ritika D'Souza,Returns Desk,GW-OTHER,945.0,,,policy S5: GW-OTHER refund above the Rs 500 goodwill cap,1,helpdesk,VR887308,VA-HP-ST3,"hi vireo support, got the strata 3 from vireo.in last month. i have been sitting at home for 3 das waiting for your courier. i rescheduled pickup twice. nothing changed. need ths sorted this week. awaiting response harsh",Cx reported pkp missed. Re-raised pkp w/ crr. Full refund processed (945). Cx satisfied on chat. (SOP 2.7)
TK-248803,2026-01,A3036,Ritika D'Souza,Returns Desk,GW-OTHER,926.0,,,policy S5: GW-OTHER refund above the Rs 500 goodwill cap,1,helpdesk,VR899547,VA-SW-NX2,"Product: my Nexa 2 watch
Order: VR899547
Purchased: 10-12-2025
Issue: where is the money for the return
Tried: emailed twice
Expected: resolution","Contact re refund delay. Checked refund status on PG. Refund approved, Rs 926, 5-7 working days. Cx informed."
TK-250813,2026-03,A3010,Tenzin Mathew,Chat Frontline,GW-OTHER,926.0,,,policy S5: GW-OTHER refund above the Rs 500 goodwill cap,1,helpdesk,VR893148,VA-SW-NX2,"hii
want to cancel my order
my nexa 2 watch",re: cancel order | checked shipment status -> rfnd of rs 926 initiated to source ~Tenzin
TK-240003,2025-01,A3040,Thomas Jadhav,Escalations & Warranty,GW-OTHER,900.0,,,policy S5: GW-OTHER refund above the Rs 500 goodwill cap,1,helpdesk,VR886967,VA-HP-ST2,"Dear Sir/Madam,

I am writing with reference to my order of Strata 2 (VR886967) placed on October 21. What is the status of my warranty claim. I HAVE CALLED SERVICE CENTRE. I request you to look into this matter at the earliest.

Regards,
Aishwarya Bhatia
Bengaluru",cx ok
TK-245586,2025-10,A3037,Manish Iyer,Returns Desk,GW-OTHER,900.0,,,policy S5: GW-OTHER refund above the Rs 500 goodwill cap,1,helpdesk,VR901872,VA-SW-FIT,"bhai
refund was promised 4 days ago and nothign
abhhi tak kuch nahi hua
the fit band
??",arn shared with cx. issue: refund pending. chk refund status on pg. ~Manish
TK-251401,2026-03,A3015,Sameer Jadhav,Chat Frontline,GW-OTHER,900.0,,,policy S5: GW-OTHER refund above the Rs 500 goodwill cap,1,helpdesk,,VA-EB-AIR,"Product: airlite earbuds
Purchased: March 13
Issue: my son ordered this without asking, please reverse
Tried: tried cancel button, greyed out
Expected: callback",Refunded Rs 900. Issue: cancellation request. Cancelled before dispatch. Via Chat Frontline. [closed]
TK-253767,2026-06,A3033,Vikram Banerjee,Billing,GW-OTHER,900.0,,,policy S5: GW-OTHER refund above the Rs 500 goodwill cap,1,helpdesk,VR895773,VA-EB-AIR,"hello ji
i was charged twice for one order
abhi tak kuch nahi hua","1. charged twice
2. checked pg for duplicate txn
3. full rfnd processed (900)"
TK-253941,2026-06,A3030,Aishwarya Trivedi,Logistics,GW-OTHER,900.0,,,policy S5: GW-OTHER refund above the Rs 500 goodwill cap,1,helpdesk,VR900816,VA-SP-ORB,"hi, got my orbit from amazon last week. package not delivered even after 8 days. i checked with neighbours. what do i do now?",Customer states shipment not received. chk AWB with courier. Refunded Rs 900. //AIS
TK-253358,2026-05,A3028,Sameer Kapoor,Logistics,GW-OTHER,892.0,,,policy S5: GW-OTHER refund above the Rs 500 goodwill cap,1,helpdesk,VR896349,VA-HP-ST3,cancel order VR896349,cust contacted re cancel ord. chk shipment status. full rfnd processed (892).
TK-245014,2025-09,A3018,Krishna Bhatt,Email Frontline,GW-OTHER,855.0,,,policy S5: GW-OTHER refund above the Rs 500 goodwill cap,1,helpdesk,VR899449,VA-SP-ORB,"hi
package not delivered even after 16 days
my orbit",re: delivery delayed | confirmed address with cx -> refund of rs 855 initiated to source
TK-244433,2025-08,A3005,Payal Bhatia,Chat Frontline,GW-OTHER,810.0,,,policy S5: GW-OTHER refund above the Rs 500 goodwill cap,1,helpdesk,VR898827,VA-EB-AIR,"hello,
i bought the airlite buds on 18-08-2025. cancel order.
i tried cancel button, greyde out.
please resolve asap.
regards,","Cx says cancel ord. Cancelled before dispatch. Cancelled, refund initiated."
TK-253123,2026-05,A3036,Ritika D'Souza,Returns Desk,GW-OTHER,765.0,,,policy S5: GW-OTHER refund above the Rs 500 goodwill cap,1,helpdesk,,VA-SP-ORB,PICKUP SCHEDULED BUT NO ONE SHOWD UP,"Contact re pickup missed. Re-raised pickup with courier. Pickup done, refund initiated. Closing."
TK-246758,2025-11,A3031,Zaid Desai,Logistics,GW-OTHER,764.0,,,policy S5: GW-OTHER refund above the Rs 500 goodwill cap,1,helpdesk,VR890854,VA-EB-AIR,"[IVR transcript] Namaste, Bought airlite earbuds around October 31 from vireo.in. Received damaged product. I took photos. Nothing changed. Please advise. Regards Sai Chatterjee","Refunded Rs 764. Issue: transit damage. Checked with courier for damage claim. | Replacement was offered earlier by chat team, cx opted for refund."
TK-253466,2026-05,A3034,Tanvi Rathore,Billing,GW-OTHER,712.0,,,policy S5: GW-OTHER refund above the Rs 500 goodwill cap,1,helpdesk,VR884008,VA-AC-CH65,"hi
payment went through but i got no order id
help","rfnd approved, rs 712, 5-7 working days"
TK-245140,2025-09,A3036,Ritika D'Souza,Returns Desk,GW-OTHER,700.0,,,policy S5: GW-OTHER refund above the Rs 500 goodwill cap,1,helpdesk,VR880658,VA-EB-PL2,[IVR transcript] still waiting for my refund,"Customer reached out - rfnd delay. chk revese pickup QC status. rfnd approved, Rs 700, 5-7 working days. Closing. (SOP 5.4)"
TK-247095,2025-11,A3024,Amit Deshpande,Voice Frontline,GW-OTHER,700.0,,,policy S5: GW-OTHER refund above the Rs 500 goodwill cap,1,helpdesk,VR882242,VA-EB-PL2,"hii
payment went through but i got no order id","Cx reported amount deducted without order. chk PG dashboard for txn. Refund approved, Rs 700, 5-7 working days. Closing. ~Amit"
TK-248213,2025-12,A3019,Kavya Agarwal,Email Frontline,GW-OTHER,700.0,,,policy S5: GW-OTHER refund above the Rs 500 goodwill cap,1,helpdesk,,VA-EB-PL2,"Product: Pulse2
Order: VR887446
Purchased: 14/12
Issue: cancel order 
Tried: tried cancel button, greyed out
Expected: refund",cx: cancellation request | cancelled before dispatch -> rfdn of rs 700 initiated to source
TK-248652,2025-12,A3037,Manish Iyer,Returns Desk,GW-OTHER,700.0,,,policy S5: GW-OTHER refund above the Rs 500 goodwill cap,1,helpdesk,VR884439,VA-EB-PL2,I bought my Pulse 2 on 29/11. Nobody camme for the pickup. I rescheduled pickup twice. Nothing changed. Honestly regretting this purchase. Please call me on my registered number. Please revert,"1. reverse pkp pending
2. checked pkp awb
3. refunded rs 700 ~Manish"
TK-249853,2026-02,A3028,Sameer Kapoor,Logistics,GW-OTHER,700.0,,,policy S5: GW-OTHER refund above the Rs 500 goodwill cap,1,helpdesk,VR880915,VA-EB-PL2,"Dear team,
Bought Pulse 2 around October 11 from vireo.in. I haven't received my order.
Kindly look into it.","cx reached out - ord not delivered. conf address with cx. refund of rs 700 initiated to source. | offered rplc, cx preferred rfnd. rfnd processed."
TK-250182,2026-02,A3005,Payal Bhatia,Chat Frontline,GW-OTHER,700.0,,,policy S5: GW-OTHER refund above the Rs 500 goodwill cap,1,helpdesk,VR891962,VA-EB-PL2,"To teh Vireo Customer Care Team,

I am writing with reference to my order of the Pulse 2 earbuds placed on December 28. The promised 24 hours is nowhere close, I get maybe 2. I have turned off always-on display. I request u to look into this matter at the earliest.

Sincerely,
Sameer Kumar
Visakhapatnam",Contact re poor battery backup. Advised disabling ANC/AOD to test. Fulll refund processed (700).
TK-252505,2026-04,A3018,Krishna Bhatt,Email Frontline,GW-OTHER,700.0,,,policy S5: GW-OTHER refund above the Rs 500 goodwill cap,1,helpdesk,VR901151,VA-EB-PL2,"team,
change of mind, please stop the shipment
in April se
my pulse 2","cancel order | cancelled before dispatch -> refund approved, rs 700, 5-7 working days"
TK-253833,2026-06,A3031,Zaid Desai,Logistics,GW-OTHER,700.0,,,policy S5: GW-OTHER refund above the Rs 500 goodwill cap,1,helpdesk,VR900043,VA-EB-PL2,"product: pulse 2 bus
order: vr900043
purchased: 24/05
issue: nobody came for the pickup
tried: called courier
expected: refund",issue: pickup not done | re-raised pickup with courier -> full refund processed (700)
TK-251115,2026-03,A3031,Zaid Desai,Logistics,GW-OTHER,665.0,,,policy S5: GW-OTHER refund above the Rs 500 goodwill cap,1,helpdesk,VR891153,VA-EB-PL2,"Hi team,
Order VR891153 (Pulse2). Received the wrong item.
I checked the invoice. Nothing changed.
Please resolve asap.
Thanks, Dev","1. Incorrect product shipped
2. Verified order vs delivered item photos
3. Refund issued, cx did not want replacement. Replacement was offered earlier by chat team, cx opted for refund."
TK-253570,2026-05,A3018,Krishna Bhatt,Email Frontline,GW-OTHER,665.0,,,policy S5: GW-OTHER refund above the Rs 500 goodwill cap,1,helpdesk,VR883280,VA-EB-PL2,THE SOUND STUTTERS WHENEVER MY PHONE IS IN MY POCKET - HOW DO I GET THIS FIXED?,issue: intermittent disconnects | checked interference sources -> full refund processed (665)
TK-249741,2026-02,A3017,Kabir Singh,Email Frontline,GW-OTHER,650.0,,,policy S5: GW-OTHER refund above the Rs 500 goodwill cap,1,helpdesk,VR882979,VA-SW-NX2,"Hi Vireo support, I bought the Nexa 2 on 25-01-2026. Paid once, statement disagrees. I checked with bank. Can someone fix this?",customer states duplicate payment. confirmed utrs. xfer to email frontline. rfnd of rs 650 initiated to source. -KS
TK-246654,2025-11,A3018,Krishna Bhatt,Email Frontline,GW-OTHER,630.0,,,policy S5: GW-OTHER refund above the Rs 500 goodwill cap,1,helpdesk,VR881273,VA-HP-ST3,"my son ordeed this without asking, please reverse. can someone fix this?","cx: order cancellation | cancelled before dispatch -> refund approved, rs 630, 5-7 working days ~Krishna"
TK-248103,2025-12,A3035,Dev Kulkarni,Billing,GW-OTHER,630.0,,,policy S5: GW-OTHER refund above the Rs 500 goodwill cap,1,helpdesk,VR905641,VA-EB-PL2,"[IVR transcript] very poor quality. order vr905641 (my pulse 2). i was promised a discount on the call, invoice shows none. i already tried in caps. fix this or i am posting on twitter.",Cust contacted re coupon not applied. chk cart eligibility. rfnd of Rs 630 initiated to source. Will monitor.
TK-250255,2026-02,A3038,Ankit Dhillon,Returns Desk,GW-OTHER,630.0,,,policy S5: GW-OTHER refund above the Rs 500 goodwill cap,1,helpdesk,VR893502,VA-HP-ST3,"where is the money for the return, VR893502, please advise","1. rfnd not credited
2. Checked rfnd status on PG
3. rfnd confirmed credited"
TK-251644,2026-03,A3038,Ankit Dhillon,Returns Desk,GW-OTHER,630.0,,,policy S5: GW-OTHER refund above the Rs 500 goodwill cap,1,helpdesk,,VA-EB-PL2,"hi
the return was accepted but the amount is nowhere in my accoutn
the pulse 2 earbuds","1. Refund delay
2. Checked refund status on PG
3. Full refund processed (630) | rplc was offered earlier by chat team, cx opted for rfnd."
TK-252603,2026-05,A3037,Manish Iyer,Returns Desk,GW-OTHER,630.0,,,policy S5: GW-OTHER refund above the Rs 500 goodwill cap,1,helpdesk,VR907139,VA-EB-PL2,"Dear Sir/Madam,

I am writing w/ reference to my order of my Pulse 2 (VR907139) placed on 04 Apr.  Still waiting for my refund. I have emailed twice. I request you to look into this maatter at the earliest.

Sincerely,
Ramesh Dhillon","refund approved, rs 630, 5-7 working days. issue: refund pending. checked refund status on pg. | refund issued; replacement not applicable (out of stock). ~Manish"
TK-246612,2025-11,A3042,Swati Bhatia,Escalations & Warranty,GW-OTHER,617.0,,,policy S5: GW-OTHER refund above the Rs 500 goodwill cap,1,helpdesk,VR901039,VA-SW-NX2,"Hi there, Order VR901039 (the Nexa 2). The band snapped while I was putting it on this morning. How do I get this fixed? Rgds",issue: strap damage | checked warranty eligibility -> replacement strap dispatched
TK-247752,2025-12,A3034,Tanvi Rathore,Billing,GW-OTHER,570.0,,,policy S5: GW-OTHER refund above the Rs 500 goodwill cap,1,helpdesk,,VA-SP-ORB,"PRODUCT: MY ORBIT
PURCHASED: 23/11
ISSUE: DISCOUNT WAS NOT APPLIED AT CHECKOUT
TRIED: TRIED ON APP AND WEBSITE
EXPECTED: FIX","1. coupon not applied
2. chk coupon validity
3. full refund processed (570) (sop 2.7)"
TK-245888,2025-10,A3030,Aishwarya Trivedi,Logistics,GW-OTHER,560.0,,,policy S5: GW-OTHER refund above the Rs 500 goodwill cap,1,helpdesk,VR882093,VA-EB-PL2,product arrived damaged,"Ticket raised for damaged in transit. Photos received, damage confirmed. rfnd of Rs 560 initiated to source. //AIS"
TK-248104,2025-12,A3015,Sameer Jadhav,Chat Frontline,GW-OTHER,560.0,,,policy S5: GW-OTHER refund above the Rs 500 goodwill cap,1,helpdesk,VR881337,VA-EB-PL2,payment went through but I got no order id,Refunded Rs 560. Issue: amount deducted without order. Asked for UTR.
TK-248950,2026-01,A3035,Dev Kulkarni,Billing,GW-OTHER,560.0,,,policy S5: GW-OTHER refund above the Rs 500 goodwill cap,1,helpdesk,VR883801,VA-EB-PL2,"Ordered my Pulse 2 recently. UPI shows success, your app shows nothing. I tried logging out and in. Nothing changed. Please help. Awaiting response, Amit",Cx reported failed order after payment. chk PG dashboard for txn. Refund processed to source. Cx satisfied on chat.
TK-250722,2026-03,A3030,Aishwarya Trivedi,Logistics,GW-OTHER,560.0,,,policy S5: GW-OTHER refund above the Rs 500 goodwill cap,1,helpdesk,VR891655,VA-EB-PL2,"dera team,
ordered my pulse 2 last week. i haven't recieved my order.
please help.","1. Shipment not rcvd
2. Raised ticket with courier partner
3. RTO conf, reshipped //AIS"
TK-251451,2026-03,A3036,Ritika D'Souza,Returns Desk,GW-OTHER,560.0,,,policy S5: GW-OTHER refund above the Rs 500 goodwill cap,1,helpdesk,VR881672,VA-EB-PL2,not what i expected from vireo. order vr881672 (the pulse 2 earbuds). refund was promised 13 days ago and nothing. i already emailed twice. escalate this to someone senior.,Customer raeched out - refund not credited. Checked reverse pickup QC status. Refund of Rs 560 initiated to source. Closing.
TK-252513,2026-04,A3036,Ritika D'Souza,Returns Desk,GW-OTHER,560.0,,,policy S5: GW-OTHER refund above the Rs 500 goodwill cap,1,helpdesk,VR905470,VA-EB-PL2,"hii
the return was accepted but the amount is nowhere in my account
my pulse 2
urgent",Cx reported rfnd pending. chk rfnd status on PG. rfnd confirmed credited. Follow-up not required. (SOP 2.7)
TK-252929,2026-05,A3034,Tanvi Rathore,Billing,GW-OTHER,560.0,,,policy S5: GW-OTHER refund above the Rs 500 goodwill cap,1,helpdesk,VR894479,VA-EB-PL2,pathetic experience honestly. i bought pulse 2 buds on 29 apr. coupon code not working. i already tried in caps. refund. now.,refund of rs 560 initiated to source (sop 4.2)
TK-246128,2025-10,A3002,Steven Ansari,Chat Frontline,GW-OTHER,552.0,,,policy S5: GW-OTHER refund above the Rs 500 goodwill cap,1,helpdesk,VR891920,VA-NB-ARC,"hi team, thiis is regarding teh neckband. upi shwos success, ur app shows nothing. i tried loging out & in. i want a replacement.",issue: failed order after payment | confirmed with payment gateway -> refunded rs 552 (sop 5.4) [closed]
TK-251809,2026-04,A3037,Manish Iyer,Returns Desk,GW-OTHER,552.0,,,policy S5: GW-OTHER refund above the Rs 500 goodwill cap,1,helpdesk,VR886951,VA-SW-NX2,"Hello Vireo,
Got Nexa 2 from vireo.in 10 days ago. Refund not received yet.
I checked bank.
I want a replacement.
Awaiting response, Faisal",full refund processed (552). issue: refund delay. checked refund status on pg. ~Manish
TK-253559,2026-05,A3036,Ritika D'Souza,Returns Desk,GW-OTHER,552.0,,,policy S5: GW-OTHER refund above the Rs 500 goodwill cap,1,helpdesk,VR883026,VA-SW-NX2,"sir ji
refund was promised 4 days ago and nothing
please help karo
??",issue: rfnd not credited | chk rfnd status on pg -> arn shared w/ cx (SOP 2.7)
TK-249501,2026-01,A3033,Vikram Banerjee,Billing,GW-OTHER,540.0,,,policy S5: GW-OTHER refund above the Rs 500 goodwill cap,1,helpdesk,VR889406,VA-SP-ORB,"to teh vireo customer care team,

i am writing wiith reference to my order of orbiit sepaker (vr889406) placed on 16/01. my bank says rs 2499 went to you but your site says i have no orders. i have tried logging out and in. i request you to process a refund to my orignial payment method.

sincerely,
yash rddy","1. failed ord after payment
2. asked for utr
3. auto-rfnd confirmed within 5-7 days"
TK-246935,2025-11,A3015,Sameer Jadhav,Chat Frontline,GW-OTHER,525.0,,,policy S5: GW-OTHER refund above the Rs 500 goodwill cap,1,helpdesk,VR893455,VA-EB-PL2,"my son ordered this without asking, please reverse. how do i get this fixed?",Refunded Rs 525. Issue: cancellation request. Cancelled before dispatch. [closed]
TK-247763,2025-12,A3038,Ankit Dhillon,Returns Desk,GW-OTHER,525.0,,,policy S5: GW-OTHER refund above the Rs 500 goodwill cap,1,helpdesk,VR883623,VA-EB-PL2,"team,
you picked up the item 13 days ago and my money hasn't come back
urgent","1. Refund not credited
2. Checked refund status on PG
3. Refund confirmed credited"
TK-248744,2025-12,A3016,Thomas Kumar,Email Frontline,GW-OTHER,525.0,,,policy S5: GW-OTHER refund above the Rs 500 goodwill cap,1,helpdesk,VR895238,VA-EB-PL2,"Dear team, Got Pulse 2 form vireo.in in December. Ordered teh wrong colour, don't shp it. Can someonne fix this? Please revert",Contact re order cancellation. Cancelled before dispatch. rfnd of Rs 525 initiated to source. -TK
TK-250880,2026-03,A3021,Meera Mathew,Email Frontline,GW-OTHER,525.0,,,policy S5: GW-OTHER refund above the Rs 500 goodwill cap,1,helpdesk,VR898548,VA-EB-PL2,"change of mind, pls stop the shipment - VR898548 - pls advise",Ticket raised for cancel order. Checked shipment status. rfnd of Rs 525 initiated to source. ~Meera
TK-245137,2025-09,A3015,Sameer Jadhav,Chat Frontline,GW-OTHER,520.0,,,policy S5: GW-OTHER refund above the Rs 500 goodwill cap,1,helpdesk,VR881725,VA-NB-ARC,money debited but order not showing - VR881725 - what do i do now?,Refunded Rs 520. Issue: failed order after payment. Asked for UTR. [closed]
TK-249585,2026-01,A3038,Ankit Dhillon,Returns Desk,GW-OTHER,520.0,,,policy S5: GW-OTHER refund above the Rs 500 goodwill cap,1,helpdesk,VR888532,VA-SW-NX2,"product: the nexa 2
purchased: 04-01-2026
issue: packed the box a week ago and it's sitll here
tried: rescheduled pickup twice
expected: resolution",re: pickup not done | re-raised pickup with courier -> full refund processed (520)
TK-251017,2026-03,A3032,Sneha Bansal,Billing,GW-OTHER,520.0,,,policy S5: GW-OTHER refund above the Rs 500 goodwill cap,1,helpdesk,VR882209,VA-SW-NX2,[IVR transcript] bhai money debited but order not showing ??,"1. payment debited, no order
2. chk pg dashboard for txn
3. refunded rs 520"
TK-250576,2026-02,A3022,Daniel Arora,Email Frontline,DOA-REPL,319.0,flag_only,,policy S5: refund and replacement both issued (replacement_issued=Y),1,helpdesk,VR887988,VA-AC-CBL,"to the vireo customer care team,

i am writing w/ reference to my order of usb-c cable (vr887988) placed on 13-02-2026. it has been 19 days and i have nothing in hand. i have checked the tracking page daily. i request u to process a refund to my original payment method.

regards,
nikhil agarwal","Customer states shipment not received. Checked AWB w/ courier. RTO confirmed, reshipped.
Refund done & new unit sent as one-time gesture."
